run_date,run_timestamp,country,state,geo_scope,category,site_or_source,source_tier,item_key,product_name_raw,pack_size,pack_unit,price_ngn,unit_price_ngn,n_reports,url_or_ref,scrape_status,spec_json,channel,transaction_basis,sku
Fri Sep 25 2026 00:00:00 GMT+0100 (West Africa Time),2026-09-25T06:27:53+01:00,NG,LA,city_online,food,supermart,A,bread,1X4 Pav Bread,4,piece,900,225,,https://www.supermart.ng/products/1x4-pav-bread,ok,,,,
Fri Sep 25 2026 00:00:00 GMT+0100 (West Africa Time),2026-09-25T06:27:53+01:00,NG,LA,city_online,food,supermart,A,soap_bar,2Sure Multi-Purpose Bar Soap 250 g,250g,kg,445,,,https://www.supermart.ng/products/2sure-multi-purpose-bar-soap-250-g,ok_no_unit,,,,
Fri Sep 25 2026 00:00:00 GMT+0100 (West Africa Time),2026-09-25T06:27:53+01:00,NG,LA,city_online,food,supermart,A,bread,5 Loaves Premium Bread,1,piece,365,365,,https://www.supermart.ng/products/5-loaves-premium-bread,ok,,,,
Fri Sep 25 2026 00:00:00 GMT+0100 (West Africa Time),2026-09-25T06:27:53+01:00,NG,LA,city_online,food,supermart,A,chicken_frozen,9 Lives Hearty Cuts With Real Chicken & Fish in Gravy 624 g,0.624,kg,365,584.94,,https://www.supermart.ng/products/9-lives-hearty-cuts-with-real-chicken-fish-in-gravy-624-g,ok,,,,
Fri Sep 25 2026 00:00:00 GMT+0100 (West Africa Time),2026-09-25T06:27:53+01:00,NG,LA,city_online,food,supermart,A,chicken_frozen,9 Lives Meaty Pate With Real Chicken & Tuna 624 g,0.624,kg,365,584.94,,https://www.supermart.ng/products/9-lives-meaty-pate-with-real-chicken-tuna-624-g,ok,,,,
Fri Sep 25 2026 00:00:00 GMT+0100 (West Africa Time),2026-09-25T06:27:53+01:00,NG,LA,city_online,food,supermart,A,chicken_frozen,9 Lives Meaty Pate With Real Chicken 624 g,0.624,kg,365,584.94,,https://www.supermart.ng/products/9-lives-meaty-pate-with-real-chicken-624-g,ok,,,,
Fri Sep 25 2026 00:00:00 GMT+0100 (West Africa Time),2026-09-25T06:27:53+01:00,NG,LA,city_online,food,supermart,A,beans_brown,Aace Foods Beans Flour 900 g,0.9,kg,4415,4905.56,,https://www.supermart.ng/products/aace-foods-beans-flour-900-g,ok,,,,
Fri Sep 25 2026 00:00:00 GMT+0100 (West Africa Time),2026-09-25T06:27:53+01:00,NG,LA,city_online,food,supermart,A,rice,Aace Foods Fried Rice Seasoning Powder 35 g,0.035,kg,945,27000,,https://www.supermart.ng/products/aace-foods-fried-rice-seasoning-powder-35-g,ok,,,,
Fri Sep 25 2026 00:00:00 GMT+0100 (West Africa Time),2026-09-25T06:27:53+01:00,NG,LA,city_online,food,supermart,A,rice,Aace Foods Fried Rice Seasoning Powder 80 g,0.08,kg,1465,18312.5,,https://www.supermart.ng/products/aace-foods-fried-rice-seasoning-powder-80-g,ok,,,,
Fri Sep 25 2026 00:00:00 GMT+0100 (West Africa Time),2026-09-25T06:27:53+01:00,NG,LA,city_online,food,supermart,A,rice,Aace Foods Jollof Rice Seasoning Powder 100 g,0.1,kg,820,8200,,https://www.supermart.ng/products/aace-foods-jollof-rice-seasoning-powder-100-g,ok,,,,
Fri Sep 25 2026 00:00:00 GMT+0100 (West Africa Time),2026-09-25T06:27:53+01:00,NG,LA,city_online,food,supermart,A,rice,Aace Foods Jollof Rice Seasoning Powder 35 g,0.035,kg,670,19142.86,,https://www.supermart.ng/products/aace-foods-jollof-rice-seasoning-powder-35-g,ok,,,,
Fri Sep 25 2026 00:00:00 GMT+0100 (West Africa Time),2026-09-25T06:27:53+01:00,NG,LA,city_online,food,supermart,A,rice,Aace Foods Jollof Rice Seasoning Powder 80 g,0.08,kg,1040,13000,,https://www.supermart.ng/products/aace-foods-jollof-rice-seasoning-powder-80-g,ok,,,,
Fri Sep 25 2026 00:00:00 GMT+0100 (West Africa Time),2026-09-25T06:27:53+01:00,NG,LA,city_online,food,supermart,A,chicken_frozen,Aagrah Butter Chicken Tarka Paste 270 g,0.27,kg,17350,64259.26,,https://www.supermart.ng/products/aagrah-butter-chicken-tarka-paste-270-g,ok,,,,
Fri Sep 25 2026 00:00:00 GMT+0100 (West Africa Time),2026-09-25T06:27:53+01:00,NG,LA,city_online,food,supermart,A,rice,"Abadini Natural, Healthy, Parboiled Rice 10 kg",10,kg,6300,630,,https://www.supermart.ng/products/abadini-natural-healthy-parboiled-rice-10-kg,ok,,,,
Fri Sep 25 2026 00:00:00 GMT+0100 (West Africa Time),2026-09-25T06:27:53+01:00,NG,LA,city_online,food,supermart,A,rice,"Abadini Natural, Healthy, Parboiled Rice 25 kg",25,kg,14000,560,,https://www.supermart.ng/products/abadini-natural-healthy-parboiled-rice-25-kg,ok,,,,
Fri Sep 25 2026 00:00:00 GMT+0100 (West Africa Time),2026-09-25T06:27:53+01:00,NG,LA,city_online,food,supermart,A,rice,"Abadini Natural, Healthy, Parboiled Rice 5 kg",5,kg,3750,750,,https://www.supermart.ng/products/abadini-natural-healthy-parboiled-rice-5-kg,ok,,,,
Fri Sep 25 2026 00:00:00 GMT+0100 (West Africa Time),2026-09-25T06:27:53+01:00,NG,LA,city_online,food,supermart,A,rice,"Abadini Natural, Healthy, Parboiled Rice 50 kg",50,kg,28000,560,,https://www.supermart.ng/products/abadini-natural-healthy-parboiled-rice-50-kg,ok,,,,
Fri Sep 25 2026 00:00:00 GMT+0100 (West Africa Time),2026-09-25T06:27:53+01:00,NG,LA,city_online,food,supermart,A,beans_brown,Abebi Beans Flour 500 g,0.5,kg,2225,4450,,https://www.supermart.ng/products/abebi-beans-flour-500-g,ok,,,,
Fri Sep 25 2026 00:00:00 GMT+0100 (West Africa Time),2026-09-25T06:27:53+01:00,NG,LA,city_online,food,supermart,A,beans_brown,Abebi Brown Beans 1 kg,1,kg,5695,5695,,https://www.supermart.ng/products/abebi-brown-beans-1-kg,ok,,,,
Fri Sep 25 2026 00:00:00 GMT+0100 (West Africa Time),2026-09-25T06:27:53+01:00,NG,LA,city_online,food,supermart,A,poundo_yam,Abebi Plantain Flour 900 g (Elubo Ogede),0.9,kg,4905,5450,,https://www.supermart.ng/products/abebi-plantain-flour-900-g-elubo-ogede,ok,,,,
Fri Sep 25 2026 00:00:00 GMT+0100 (West Africa Time),2026-09-25T06:27:53+01:00,NG,LA,city_online,food,supermart,A,poundo_yam,Abebi Yam Flour 1 kg (Elubo Isu),1,kg,4560,4560,,https://www.supermart.ng/products/abebi-yam-flour-1-kg,ok,,,,
Fri Sep 25 2026 00:00:00 GMT+0100 (West Africa Time),2026-09-25T06:27:53+01:00,NG,LA,city_online,food,supermart,A,sugar,Actimel Immune Support Natural No Added Sugar 100 g x8,0.8,kg,29500,36875,,https://www.supermart.ng/products/actimel-immune-support-natural-no-added-sugar-100-g-x8,ok,,,,
Fri Sep 25 2026 00:00:00 GMT+0100 (West Africa Time),2026-09-25T06:27:53+01:00,NG,LA,city_online,food,supermart,A,veg_oil,Activa Pure Vegetable Oil 3 L,3,l,7830,2610,,https://www.supermart.ng/products/activa-pure-vegetable-oil-3-l,ok,,,,
Fri Sep 25 2026 00:00:00 GMT+0100 (West Africa Time),2026-09-25T06:27:53+01:00,NG,LA,city_online,food,supermart,A,veg_oil,Activa Pure Vegetable Oil 5 L,5,l,21455,4291,,https://www.supermart.ng/products/activa-pure-vegetable-oil-5-l,ok,,,,
Fri Sep 25 2026 00:00:00 GMT+0100 (West Africa Time),2026-09-25T06:27:53+01:00,NG,LA,city_online,food,supermart,A,veg_oil,Activa Pure Vegetable Oil 750 ml,0.75,l,3600,4800,,https://www.supermart.ng/products/activa-pure-vegetable-oil-750-ml,ok,,,,
Fri Sep 25 2026 00:00:00 GMT+0100 (West Africa Time),2026-09-25T06:27:53+01:00,NG,LA,city_online,food,supermart,A,veg_oil,Activa Pure Vegetable Oil 900 ml,0.9,l,4435,4927.78,,https://www.supermart.ng/products/activa-pure-vegetable-oil-900-ml,ok,,,,
Fri Sep 25 2026 00:00:00 GMT+0100 (West Africa Time),2026-09-25T06:27:53+01:00,NG,LA,city_online,food,supermart,A,veg_oil,Active Gold Vegetable Oil 5 L,5,l,21000,4200,,https://www.supermart.ng/products/active-gold-vegetable-oil-5-l,ok,,,,
Fri Sep 25 2026 00:00:00 GMT+0100 (West Africa Time),2026-09-25T06:27:53+01:00,NG,LA,city_online,food,supermart,A,veg_oil,Active Premium Vegetable Oil 1 L,1,l,1155,1155,,https://www.supermart.ng/products/active-premium-vegetable-oil-1-l,ok,,,,
Fri Sep 25 2026 00:00:00 GMT+0100 (West Africa Time),2026-09-25T06:27:53+01:00,NG,LA,city_online,food,supermart,A,veg_oil,Active Premium Vegetable Oil 3 L,3,l,3450,1150,,https://www.supermart.ng/products/active-premium-vegetable-oil-3-l,ok,,,,
Fri Sep 25 2026 00:00:00 GMT+0100 (West Africa Time),2026-09-25T06:27:53+01:00,NG,LA,city_online,food,supermart,A,eggs,Addmie Chicken Veggie Seasoning 16 g,16g,kg,480,,,https://www.supermart.ng/products/addmie-chicken-veggie-seasoning-16-g,ok_no_unit,,,,
Fri Sep 25 2026 00:00:00 GMT+0100 (West Africa Time),2026-09-25T06:27:53+01:00,NG,LA,city_online,food,supermart,A,eggs,Addmie Classic Veggie Seasoning 16 g,16g,kg,480,,,https://www.supermart.ng/products/addmie-classic-veggie-seasoning-16-g,ok_no_unit,,,,
Fri Sep 25 2026 00:00:00 GMT+0100 (West Africa Time),2026-09-25T06:27:53+01:00,NG,LA,city_online,food,supermart,A,eggs,Addmie Crayfish Veggie Seasoning 16 g,16g,kg,480,,,https://www.supermart.ng/products/addmie-crayfish-veggie-seasoning-16-g,ok_no_unit,,,,
Fri Sep 25 2026 00:00:00 GMT+0100 (West Africa Time),2026-09-25T06:27:53+01:00,NG,LA,city_online,food,supermart,A,eggs,Addmie Pastamate Red Sauce Mix With Dried Veggies & Chicken Chunks 80 g,80g,kg,3085,,,https://www.supermart.ng/products/addmie-pastamate-red-sauce-mix-with-dried-veggies-chicken-chunks-80-g,ok_no_unit,,,,
Fri Sep 25 2026 00:00:00 GMT+0100 (West Africa Time),2026-09-25T06:27:53+01:00,NG,LA,city_online,food,supermart,A,eggs,Addmie Pastamate White Sauce Mix With Dried Veggies & Chicken Chunks 80 g,80g,kg,3085,,,https://www.supermart.ng/products/addmie-pastamate-white-sauce-mix-with-dried-veggies-chicken-chunks-80-g,ok_no_unit,,,,
Fri Sep 25 2026 00:00:00 GMT+0100 (West Africa Time),2026-09-25T06:27:53+01:00,NG,LA,city_online,food,supermart,A,seasoning,Addmie Seasoning Cube Beef Flavour 4 g,4g,kg,395,,,https://www.supermart.ng/products/addmie-seasoning-cube-beef-flavour-4-g,ok_no_unit,,,,
Fri Sep 25 2026 00:00:00 GMT+0100 (West Africa Time),2026-09-25T06:27:53+01:00,NG,LA,city_online,food,supermart,A,seasoning,Addmie Seasoning Cube Chicken Flavour 4 g,4g,kg,395,,,https://www.supermart.ng/products/addmie-seasoning-cube-chicken-flavour-4-g,ok_no_unit,,,,
Fri Sep 25 2026 00:00:00 GMT+0100 (West Africa Time),2026-09-25T06:27:53+01:00,NG,LA,city_online,food,supermart,A,seasoning,Adja Chicken Flavour Seasoning Cubes 5 g x144,5g x144,kg,720,,,https://www.supermart.ng/products/adja-chicken-flavour-seasoning-cubes-5-g-x144,ok_no_unit,,,,
Fri Sep 25 2026 00:00:00 GMT+0100 (West Africa Time),2026-09-25T06:27:53+01:00,NG,LA,city_online,food,supermart,A,seasoning,Adja Chicken Seasoning Cubes 12 g x60,12g x60,kg,365,,,https://www.supermart.ng/products/adja-chicken-seasoning-cubes-12-g-x60,ok_no_unit,,,,
Fri Sep 25 2026 00:00:00 GMT+0100 (West Africa Time),2026-09-25T06:27:53+01:00,NG,LA,city_online,food,supermart,A,seasoning,Adja Spices Flavour Seasoning Cube 5 g x144,5g x144,kg,365,,,https://www.supermart.ng/products/adja-spices-flavour-seasoning-cube-5-g-x144,ok_no_unit,,,,
Fri Sep 25 2026 00:00:00 GMT+0100 (West Africa Time),2026-09-25T06:27:53+01:00,NG,LA,city_online,food,supermart,A,spaghetti,Adriana Pasta Funghetto 500 g,0.5,kg,3850,7700,,https://www.supermart.ng/products/adriana-pasta-funghetto-500-g,ok,,,,
Fri Sep 25 2026 00:00:00 GMT+0100 (West Africa Time),2026-09-25T06:27:53+01:00,NG,LA,city_online,food,supermart,A,spaghetti,Adriana Pasta Penne 500 g,0.5,kg,3850,7700,,https://www.supermart.ng/products/adriana-pasta-penne-500-g,ok,,,,
Fri Sep 25 2026 00:00:00 GMT+0100 (West Africa Time),2026-09-25T06:27:53+01:00,NG,LA,city_online,food,supermart,A,fish_frozen,Adriatic Queen Mackerel Fillets In Olive Oil 105 g,0.105,kg,1450,13809.52,,https://www.supermart.ng/products/adriatic-queen-mackerel-fillets-in-olive-oil-105-g,ok,,,,
Fri Sep 25 2026 00:00:00 GMT+0100 (West Africa Time),2026-09-25T06:27:53+01:00,NG,LA,city_online,food,supermart,A,fish_frozen,Adriatic Queen Sardines In Olive Oil 105 g,0.105,kg,695,6619.05,,https://www.supermart.ng/products/adriatic-queen-sardines-in-olive-oil-105-g,ok,,,,
Fri Sep 25 2026 00:00:00 GMT+0100 (West Africa Time),2026-09-25T06:27:53+01:00,NG,LA,city_online,food,supermart,A,rice,Aeroplane Basmati Rice 1 kg,1,kg,1780,1780,,https://www.supermart.ng/products/aeroplane-basmati-rice-1-kg,ok,,,,
Fri Sep 25 2026 00:00:00 GMT+0100 (West Africa Time),2026-09-25T06:27:53+01:00,NG,LA,city_online,food,supermart,A,rice,Aeroplane Basmati Rice 10 kg,10,kg,29500,2950,,https://www.supermart.ng/products/aeroplane-basmati-rice-10-kg,ok,,,,
Fri Sep 25 2026 00:00:00 GMT+0100 (West Africa Time),2026-09-25T06:27:53+01:00,NG,LA,city_online,food,supermart,A,rice,Aeroplane Basmati Rice For Diabetics 1 kg,1,kg,1680,1680,,https://www.supermart.ng/products/aeroplane-basmati-rice-for-diabetics-1-kg,ok,,,,
Fri Sep 25 2026 00:00:00 GMT+0100 (West Africa Time),2026-09-25T06:27:53+01:00,NG,LA,city_online,food,supermart,A,rice,Aeroplane Basmati Rice For Diabetics 5 kg,5,kg,8700,1740,,https://www.supermart.ng/products/aeroplane-basmati-rice-for-diabetics-5-kg,ok,,,,
Fri Sep 25 2026 00:00:00 GMT+0100 (West Africa Time),2026-09-25T06:27:53+01:00,NG,LA,city_online,food,supermart,A,veg_oil,Afia Sunflower Oil 1.8 L,1.8,l,4100,2277.78,,https://www.supermart.ng/products/afia-sunflower-oil-18-l,ok,,,,
Fri Sep 25 2026 00:00:00 GMT+0100 (West Africa Time),2026-09-25T06:27:53+01:00,NG,LA,city_online,food,supermart,A,veg_oil,Afia Sunflower Oil 3.5 L,3.5,l,365,104.29,,https://www.supermart.ng/products/afia-sunflower-oil-35-l,ok,,,,
Fri Sep 25 2026 00:00:00 GMT+0100 (West Africa Time),2026-09-25T06:27:53+01:00,NG,LA,city_online,food,supermart,A,rice,African Princess Parboiled Rice 50 kg,50,kg,365,7.3,,https://www.supermart.ng/products/african-princess-parboiled-rice-50-kg,ok,,,,
Fri Sep 25 2026 00:00:00 GMT+0100 (West Africa Time),2026-09-25T06:27:53+01:00,NG,LA,city_online,food,supermart,A,beans_brown,Afro Black Eye Beans 1.6 kg,1.6,kg,365,228.13,,https://www.supermart.ng/products/afro-black-eye-beans-16-kg,ok,,,,
Fri Sep 25 2026 00:00:00 GMT+0100 (West Africa Time),2026-09-25T06:27:53+01:00,NG,LA,city_online,food,supermart,A,beans_brown,Afro Black Eye Beans 2.5 kg,2.5,kg,2070,828,,https://www.supermart.ng/products/afro-black-eye-beans-25-kg,ok,,,,
Fri Sep 25 2026 00:00:00 GMT+0100 (West Africa Time),2026-09-25T06:27:53+01:00,NG,LA,city_online,food,supermart,A,beans_brown,Afro Brown Sweet Beans 1.6 kg,1.6,kg,365,228.13,,https://www.supermart.ng/products/afro-brown-sweet-beans-16-kg,ok,,,,
Fri Sep 25 2026 00:00:00 GMT+0100 (West Africa Time),2026-09-25T06:27:53+01:00,NG,LA,city_online,food,supermart,A,beans_brown,Afro Brown Sweet Beans 2.5 kg,2.5,kg,2070,828,,https://www.supermart.ng/products/afro-brown-sweet-beans-25-kg,ok,,,,
Fri Sep 25 2026 00:00:00 GMT+0100 (West Africa Time),2026-09-25T06:27:53+01:00,NG,LA,city_online,food,supermart,A,sugar,Afro Granulated White Sugar 750 g,0.75,kg,650,866.67,,https://www.supermart.ng/products/afro-granulated-white-sugar-750-g,ok,,,,
Fri Sep 25 2026 00:00:00 GMT+0100 (West Africa Time),2026-09-25T06:27:53+01:00,NG,LA,city_online,food,supermart,A,salt,Afro Iodized & Extra Fine Table Salt 750 g,0.75,kg,215,286.67,,https://www.supermart.ng/products/afro-iodized-extra-fine-table-salt-750-g,ok,,,,
Fri Sep 25 2026 00:00:00 GMT+0100 (West Africa Time),2026-09-25T06:27:53+01:00,NG,LA,city_online,food,supermart,A,poundo_yam,Afro Iya Amala Yam Flour (Elubo) 1.5 kg,1.5,kg,1230,820,,https://www.supermart.ng/products/afro-iya-amala-yam-flour-elubo-15-kg,ok,,,,
Fri Sep 25 2026 00:00:00 GMT+0100 (West Africa Time),2026-09-25T06:27:53+01:00,NG,LA,city_online,food,supermart,A,bread,Agege Bread - Large,1,piece,800,800,,https://www.supermart.ng/products/agege-bread-large,ok,,,,
Fri Sep 25 2026 00:00:00 GMT+0100 (West Africa Time),2026-09-25T06:27:53+01:00,NG,LA,city_online,food,supermart,A,bread,Agege Bread - Medium,1,piece,700,700,,https://www.supermart.ng/products/agege-bread-medium,ok,,,,
Fri Sep 25 2026 00:00:00 GMT+0100 (West Africa Time),2026-09-25T06:27:53+01:00,NG,LA,city_online,food,supermart,A,bread,Agege Bread - Small,1,piece,600,600,,https://www.supermart.ng/products/agege-bread-small,ok,,,,
Fri Sep 25 2026 00:00:00 GMT+0100 (West Africa Time),2026-09-25T06:27:53+01:00,NG,LA,city_online,food,supermart,A,spaghetti,Agnesi Tagliatelle Mezzane Pasta 500 g,0.5,kg,1120,2240,,https://www.supermart.ng/products/agnesi-tagliatelle-mezzane-pasta-500-g,ok,,,,
Fri Sep 25 2026 00:00:00 GMT+0100 (West Africa Time),2026-09-25T06:27:53+01:00,NG,LA,city_online,food,supermart,A,spaghetti,Agnessi Spaghetti 500 g,0.5,kg,990,1980,,https://www.supermart.ng/products/agnessi-spaghetti-500-g,ok,,,,
Fri Sep 25 2026 00:00:00 GMT+0100 (West Africa Time),2026-09-25T06:27:53+01:00,NG,LA,city_online,food,supermart,A,spaghetti,Agnessi Spaghettini 500 g,0.5,kg,990,1980,,https://www.supermart.ng/products/agnessi-spaghettini-500-g,ok,,,,
Fri Sep 25 2026 00:00:00 GMT+0100 (West Africa Time),2026-09-25T06:27:53+01:00,NG,LA,city_online,food,supermart,A,milk_powder,AGV Soy Milk Powder Sweetened With Fruit 360 g,0.36,kg,2510,6972.22,,https://www.supermart.ng/products/agv-soy-milk-powder-sweetened-with-fruit-360-g,ok,,,,
Fri Sep 25 2026 00:00:00 GMT+0100 (West Africa Time),2026-09-25T06:27:53+01:00,NG,LA,city_online,food,supermart,A,bread,Aildas Bread Bin Keeper,1,piece,785,785,,https://www.supermart.ng/products/aildas-bread-bin-keeper,ok,,,,
Fri Sep 25 2026 00:00:00 GMT+0100 (West Africa Time),2026-09-25T06:27:53+01:00,NG,LA,city_online,food,supermart,A,chicken_frozen,Ainsley Harriott Thai Chicken & Lemongrass Cup Soup 80 g,0.08,kg,9310,116375,,https://www.supermart.ng/products/ainsley-harriott-thai-chicken-lemongrass-cup-soup-80-g,ok,,,,
Fri Sep 25 2026 00:00:00 GMT+0100 (West Africa Time),2026-09-25T06:27:53+01:00,NG,LA,city_online,food,supermart,A,sugar,Airwaves Menthol & Eucalyptus Sugar-Free Chewing Gum 10 Pieces,,,5935,,,https://www.supermart.ng/products/airwaves-menthol-eucalyptus-sugar-free-chewing-gum-10-pieces,ok_no_unit,,,,
Fri Sep 25 2026 00:00:00 GMT+0100 (West Africa Time),2026-09-25T06:27:53+01:00,NG,LA,city_online,food,supermart,A,beans_brown,Aji-No-Moto Deli Dawa Fermented Locust Beans Seasoning Powder 10 g x10,0.1,kg,610,6100,,https://www.supermart.ng/products/aji-no-moto-deli-dawa-fermented-locust-beans-seasoning-powder-10-g-x10,ok,,,,
Fri Sep 25 2026 00:00:00 GMT+0100 (West Africa Time),2026-09-25T06:27:53+01:00,NG,LA,city_online,food,supermart,A,chicken_frozen,Aji-No-Moto Madish Curry & Chicken 6 g x10,0.06,kg,580,9666.67,,https://www.supermart.ng/products/aji-no-moto-madish-curry-chicken-6-g-x10,ok,,,,
Fri Sep 25 2026 00:00:00 GMT+0100 (West Africa Time),2026-09-25T06:27:53+01:00,NG,LA,city_online,food,supermart,A,soft_drink,Ajmal Fantabulous EDP 100 ml,0.1,l,34200,342000,,https://www.supermart.ng/products/ajmal-fantabulous-edp-100-ml,ok,,,,
Fri Sep 25 2026 00:00:00 GMT+0100 (West Africa Time),2026-09-25T06:27:53+01:00,NG,LA,city_online,food,supermart,A,rice,Akash Gold Basmati Rice 10 kg,10,kg,234720,23472,,https://www.supermart.ng/products/akash-gold-basmati-rice-10-kg,ok,,,,
Fri Sep 25 2026 00:00:00 GMT+0100 (West Africa Time),2026-09-25T06:27:53+01:00,NG,LA,city_online,food,supermart,A,rice,Akash Gold Basmati Rice 2 kg,2,kg,50660,25330,,https://www.supermart.ng/products/akash-gold-basmati-rice-2-kg,ok,,,,
Fri Sep 25 2026 00:00:00 GMT+0100 (West Africa Time),2026-09-25T06:27:53+01:00,NG,LA,city_online,food,supermart,A,chicken_frozen,Akira Chicken Bone Broth 350 ml,350ml,l,20130,,,https://www.supermart.ng/products/akira-chicken-bone-broth-350-ml,ok_no_unit,,,,
Fri Sep 25 2026 00:00:00 GMT+0100 (West Africa Time),2026-09-25T06:27:53+01:00,NG,LA,city_online,food,supermart,A,chicken_frozen,Al Kabeer BBQ Chicken Wings 400 g,0.4,kg,10900,27250,,https://www.supermart.ng/products/al-kabeer-bbq-chicken-wings-400-g,ok,,,,
Fri Sep 25 2026 00:00:00 GMT+0100 (West Africa Time),2026-09-25T06:27:53+01:00,NG,LA,city_online,food,supermart,A,onions,Al Kabeer Beef Burger Onion 200 g,0.2,kg,5400,27000,,https://www.supermart.ng/products/al-kabeer-beef-burger-onion-200-g,ok,,,,
Fri Sep 25 2026 00:00:00 GMT+0100 (West Africa Time),2026-09-25T06:27:53+01:00,NG,LA,city_online,food,supermart,A,bread,Al Kabeer Breaded Chicken Burger 400 g x8,400g x8,kg,12550,,,https://www.supermart.ng/products/al-kabeer-breaded-chicken-burger-400-g-x8,ok_no_unit,,,,
Fri Sep 25 2026 00:00:00 GMT+0100 (West Africa Time),2026-09-25T06:27:53+01:00,NG,LA,city_online,food,supermart,A,bread,Al Kabeer Breaded Chicken Fillets 330 g,330g,kg,10150,,,https://www.supermart.ng/products/al-kabeer-breaded-chicken-fillets-330-g,ok_no_unit,,,,
Fri Sep 25 2026 00:00:00 GMT+0100 (West Africa Time),2026-09-25T06:27:53+01:00,NG,LA,city_online,food,supermart,A,bread,Al Kabeer Breaded Chicken Fillets 450 g,450g,kg,12990,,,https://www.supermart.ng/products/al-kabeer-breaded-chicken-fillets-450-g,ok_no_unit,,,,
Fri Sep 25 2026 00:00:00 GMT+0100 (West Africa Time),2026-09-25T06:27:53+01:00,NG,LA,city_online,food,supermart,A,bread,Al Kabeer Breaded Fish Fillets 330 g,330g,kg,11150,,,https://www.supermart.ng/products/al-kabeer-breaded-fish-fillets-330-g,ok_no_unit,,,,
Fri Sep 25 2026 00:00:00 GMT+0100 (West Africa Time),2026-09-25T06:27:53+01:00,NG,LA,city_online,food,supermart,A,bread,Al Kabeer Breaded Shrimps 250 g,250g,kg,13950,,,https://www.supermart.ng/products/al-kabeer-breaded-shrimps-250-g,ok_no_unit,,,,
Fri Sep 25 2026 00:00:00 GMT+0100 (West Africa Time),2026-09-25T06:27:53+01:00,NG,LA,city_online,food,supermart,A,chicken_frozen,Al Kabeer Chicken & Cheese Franks 350 g,0.35,kg,1790,5114.29,,https://www.supermart.ng/products/al-kabeer-chicken-cheese-franks-350-g,ok,,,,
Fri Sep 25 2026 00:00:00 GMT+0100 (West Africa Time),2026-09-25T06:27:53+01:00,NG,LA,city_online,food,supermart,A,chicken_frozen,Al Kabeer Chicken & Cheese Nuggets 400 g,0.4,kg,12500,31250,,https://www.supermart.ng/products/al-kabeer-chicken-cheese-nuggets-400-g,ok,,,,
Fri Sep 25 2026 00:00:00 GMT+0100 (West Africa Time),2026-09-25T06:27:53+01:00,NG,LA,city_online,food,supermart,A,chicken_frozen,Al Kabeer Chicken & Cheese Sticks 250 g x10,2.5,kg,7850,3140,,https://www.supermart.ng/products/al-kabeer-chicken-cheese-sticks-250-g-x10,ok,,,,
Fri Sep 25 2026 00:00:00 GMT+0100 (West Africa Time),2026-09-25T06:27:53+01:00,NG,LA,city_online,food,supermart,A,chicken_frozen,Al Kabeer Chicken Biryani 400 g,0.4,kg,2500,6250,,https://www.supermart.ng/products/al-kabeer-chicken-biryani-400-g,ok,,,,
Fri Sep 25 2026 00:00:00 GMT+0100 (West Africa Time),2026-09-25T06:27:53+01:00,NG,LA,city_online,food,supermart,A,chicken_frozen,Al Kabeer Chicken Burger 200 g x4,0.8,kg,5600,7000,,https://www.supermart.ng/products/al-kabeer-chicken-burger-200-g-x4,ok,,,,
Fri Sep 25 2026 00:00:00 GMT+0100 (West Africa Time),2026-09-25T06:27:53+01:00,NG,LA,city_online,food,supermart,A,chicken_frozen,Al Kabeer Chicken Burger 400 g x8,3.2,kg,10550,3296.88,,https://www.supermart.ng/products/al-kabeer-chicken-burger-400-g-x8,ok,,,,
Fri Sep 25 2026 00:00:00 GMT+0100 (West Africa Time),2026-09-25T06:27:53+01:00,NG,LA,city_online,food,supermart,A,chicken_frozen,Al Kabeer Chicken Cocktail Franks 300 g,0.3,kg,5200,17333.33,,https://www.supermart.ng/products/al-kabeer-chicken-cocktail-franks-300-g,ok,,,,
Fri Sep 25 2026 00:00:00 GMT+0100 (West Africa Time),2026-09-25T06:27:53+01:00,NG,LA,city_online,food,supermart,A,chicken_frozen,Al Kabeer Chicken Franks 375 g,0.375,kg,4775,12733.33,,https://www.supermart.ng/products/al-kabeer-chicken-franks-375-g,ok,,,,
Fri Sep 25 2026 00:00:00 GMT+0100 (West Africa Time),2026-09-25T06:27:53+01:00,NG,LA,city_online,food,supermart,A,chicken_frozen,Al Kabeer Chicken Fries 1000 g,1,kg,26300,26300,,https://www.supermart.ng/products/al-kabeer-chicken-fries-1000-g,ok,,,,
Fri Sep 25 2026 00:00:00 GMT+0100 (West Africa Time),2026-09-25T06:27:53+01:00,NG,LA,city_online,food,supermart,A,chicken_frozen,Al Kabeer Chicken Jumbo Hot Dogs 400 g x5,2,kg,8010,4005,,https://www.supermart.ng/products/al-kabeer-chicken-jumbo-hot-dogs-400-g-x5,ok,,,,
Fri Sep 25 2026 00:00:00 GMT+0100 (West Africa Time),2026-09-25T06:27:53+01:00,NG,LA,city_online,food,supermart,A,chicken_frozen,Al Kabeer Chicken Kibbeh 400 g,0.4,kg,13850,34625,,https://www.supermart.ng/products/al-kabeer-chicken-kibbeh-400-g,ok,,,,
Fri Sep 25 2026 00:00:00 GMT+0100 (West Africa Time),2026-09-25T06:27:53+01:00,NG,LA,city_online,food,supermart,A,chicken_frozen,Al Kabeer Chicken Kofta 300 g x12,3.6,kg,2190,608.33,,https://www.supermart.ng/products/al-kabeer-chicken-kofta-300-g-x12,ok,,,,
Fri Sep 25 2026 00:00:00 GMT+0100 (West Africa Time),2026-09-25T06:27:53+01:00,NG,LA,city_online,food,supermart,A,chicken_frozen,Al Kabeer Chicken Meat Balls 300 g,0.3,kg,8250,27500,,https://www.supermart.ng/products/al-kabeer-chicken-meat-balls-300-g,ok,,,,
Fri Sep 25 2026 00:00:00 GMT+0100 (West Africa Time),2026-09-25T06:27:53+01:00,NG,LA,city_online,food,supermart,A,chicken_frozen,Al Kabeer Chicken Mince Cutlets 320 g,0.32,kg,8095,25296.88,,https://www.supermart.ng/products/al-kabeer-chicken-mince-cutlets-320-g,ok,,,,
Fri Sep 25 2026 00:00:00 GMT+0100 (West Africa Time),2026-09-25T06:27:53+01:00,NG,LA,city_online,food,supermart,A,chicken_frozen,Al Kabeer Chicken N Cheese Rings 300 g,0.3,kg,13350,44500,,https://www.supermart.ng/products/al-kabeer-chicken-n-cheese-rings-300-g,ok,,,,
Fri Sep 25 2026 00:00:00 GMT+0100 (West Africa Time),2026-09-25T06:27:53+01:00,NG,LA,city_online,food,supermart,A,chicken_frozen,Al Kabeer Chicken Nuggets 270 g,0.27,kg,7300,27037.04,,https://www.supermart.ng/products/al-kabeer-chicken-nuggets-270-g,ok,,,,
Fri Sep 25 2026 00:00:00 GMT+0100 (West Africa Time),2026-09-25T06:27:53+01:00,NG,LA,city_online,food,supermart,A,chicken_frozen,Al Kabeer Chicken Nuggets 400 g,0.4,kg,10800,27000,,https://www.supermart.ng/products/al-kabeer-chicken-nuggets-400-g,ok,,,,
Fri Sep 25 2026 00:00:00 GMT+0100 (West Africa Time),2026-09-25T06:27:53+01:00,NG,LA,city_online,food,supermart,A,chicken_frozen,Al Kabeer Chicken Pop Corn 400 g,0.4,kg,17100,42750,,https://www.supermart.ng/products/al-kabeer-chicken-pop-corn-400-g,ok,,,,
Fri Sep 25 2026 00:00:00 GMT+0100 (West Africa Time),2026-09-25T06:27:53+01:00,NG,LA,city_online,food,supermart,A,chicken_frozen,Al Kabeer Chicken Samosas 240 g,0.24,kg,8300,34583.33,,https://www.supermart.ng/products/al-kabeer-chicken-samosas-240-g,ok,,,,
Fri Sep 25 2026 00:00:00 GMT+0100 (West Africa Time),2026-09-25T06:27:53+01:00,NG,LA,city_online,food,supermart,A,chicken_frozen,Al Kabeer Chicken Seekh Kabab 320 g x8,2.56,kg,9500,3710.94,,https://www.supermart.ng/products/al-kabeer-chicken-seekh-kabab-320-g-x8,ok,,,,
Fri Sep 25 2026 00:00:00 GMT+0100 (West Africa Time),2026-09-25T06:27:53+01:00,NG,LA,city_online,food,supermart,A,chicken_frozen,Al Kabeer Chicken Spring Rolls 280 g x8,2.24,kg,9050,4040.18,,https://www.supermart.ng/products/al-kabeer-chicken-spring-rolls-280-g-x8,ok,,,,
Fri Sep 25 2026 00:00:00 GMT+0100 (West Africa Time),2026-09-25T06:27:53+01:00,NG,LA,city_online,food,supermart,A,chicken_frozen,Al Kabeer Tandoori Chicken Nuggets 270 g,0.27,kg,7100,26296.3,,https://www.supermart.ng/products/al-kabeer-tandoori-chicken-nuggets-270-g,ok,,,,
Fri Sep 25 2026 00:00:00 GMT+0100 (West Africa Time),2026-09-25T06:27:53+01:00,NG,LA,city_online,food,supermart,A,chicken_frozen,Al Kabeer Tandoori Chicken Tikka 240 g,0.24,kg,7675,31979.17,,https://www.supermart.ng/products/al-kabeer-tandoori-chicken-tikka-240-g,ok,,,,
Fri Sep 25 2026 00:00:00 GMT+0100 (West Africa Time),2026-09-25T06:27:53+01:00,NG,LA,city_online,food,supermart,A,chicken_frozen,Al Kabeer Tandoori Chicken Tikka Family Pack 500 g,0.5,kg,15610,31220,,https://www.supermart.ng/products/al-kabeer-tandoori-chicken-tikka-family-pack-500-g,ok,,,,
Fri Sep 25 2026 00:00:00 GMT+0100 (West Africa Time),2026-09-25T06:27:53+01:00,NG,LA,city_online,food,supermart,A,chicken_frozen,Al Kabeer Turkish Chicken Kebabs 360 g x6,2.16,kg,3330,1541.67,,https://www.supermart.ng/products/al-kabeer-turkish-chicken-kebabs-360-g-x6,ok,,,,
Fri Sep 25 2026 00:00:00 GMT+0100 (West Africa Time),2026-09-25T06:27:53+01:00,NG,LA,city_online,food,supermart,A,chicken_frozen,Al Kabeer Zing Chicken Strips 320 g,0.32,kg,13100,40937.5,,https://www.supermart.ng/products/al-kabeer-zing-chicken-strips-320-g,ok,,,,
Fri Sep 25 2026 00:00:00 GMT+0100 (West Africa Time),2026-09-25T06:27:53+01:00,NG,LA,city_online,food,supermart,A,chicken_frozen,Al Taghziah Chicken Hot Dogs 450 g x10,4.5,kg,1335,296.67,,https://www.supermart.ng/products/al-taghziah-chicken-hot-dogs-450-g-x10,ok,,,,
Fri Sep 25 2026 00:00:00 GMT+0100 (West Africa Time),2026-09-25T06:27:53+01:00,NG,LA,city_online,food,supermart,A,chicken_frozen,Al Taghziah Chicken Luncheon Meat 200 g,0.2,kg,650,3250,,https://www.supermart.ng/products/al-taghziah-chicken-luncheon-meat-200-g,ok,,,,
Fri Sep 25 2026 00:00:00 GMT+0100 (West Africa Time),2026-09-25T06:27:53+01:00,NG,LA,city_online,food,supermart,A,chicken_frozen,Al Taghziah Chicken Luncheon Meat 340 g,0.34,kg,4520,13294.12,,https://www.supermart.ng/products/al-taghziah-chicken-luncheon-meat-340-g,ok,,,,
Fri Sep 25 2026 00:00:00 GMT+0100 (West Africa Time),2026-09-25T06:27:53+01:00,NG,LA,city_online,food,supermart,A,chicken_frozen,Al'Fez Moroccan Style Chicken Tagine Sauce 450 g,0.45,kg,18650,41444.44,,https://www.supermart.ng/products/alfez-moroccan-style-chicken-tagine-sauce-450-g,ok,,,,
Fri Sep 25 2026 00:00:00 GMT+0100 (West Africa Time),2026-09-25T06:27:53+01:00,NG,LA,city_online,food,supermart,A,chicken_frozen,Al'Fez Turkish Style Chicken Shish Spice Mix 25 g,0.625,kg,7660,12256,,https://www.supermart.ng/products/alfez-turkish-style-chicken-shish-spice-mix-25-g,ok,,,,
Fri Sep 25 2026 00:00:00 GMT+0100 (West Africa Time),2026-09-25T06:27:53+01:00,NG,LA,city_online,food,supermart,A,fish_frozen,All Day Sardines 125 g,0.125,kg,1370,10960,,https://www.supermart.ng/products/all-day-sardines-125-g,ok,,,,
Fri Sep 25 2026 00:00:00 GMT+0100 (West Africa Time),2026-09-25T06:27:53+01:00,NG,LA,city_online,food,supermart,A,salt,All Natural Pink Himalayan Rock Salt Mill 90 g,0.09,kg,6630,73666.67,,https://www.supermart.ng/products/all-natural-pink-himalayan-rock-salt-mill-90-g,ok,,,,
Fri Sep 25 2026 00:00:00 GMT+0100 (West Africa Time),2026-09-25T06:27:53+01:00,NG,LA,city_online,food,supermart,A,bread,Allinson's Country Grain Bread Flour 1 kg,1kg,kg,27200,,,https://www.supermart.ng/products/allinsons-country-grain-bread-flour-1-kg,ok_no_unit,,,,
Fri Sep 25 2026 00:00:00 GMT+0100 (West Africa Time),2026-09-25T06:27:53+01:00,NG,LA,city_online,food,supermart,A,bread,Allinson's Strong White Bread Flour 1 kg,1kg,kg,25660,,,https://www.supermart.ng/products/allinsons-strong-white-bread-flour-1-kg,ok_no_unit,,,,
Fri Sep 25 2026 00:00:00 GMT+0100 (West Africa Time),2026-09-25T06:27:53+01:00,NG,LA,city_online,food,supermart,A,bread,Allinson's Very Strong White Bread Flour 1 kg,1kg,kg,26220,,,https://www.supermart.ng/products/allinsons-very-strong-white-bread-flour-1-kg,ok_no_unit,,,,
Fri Sep 25 2026 00:00:00 GMT+0100 (West Africa Time),2026-09-25T06:27:53+01:00,NG,LA,city_online,food,supermart,A,bread,Allinson's Very Strong Wholemeal Bread Flour 1 kg,1kg,kg,26220,,,https://www.supermart.ng/products/allinsons-very-strong-wholemeal-bread-flour-1-kg,ok_no_unit,,,,
Fri Sep 25 2026 00:00:00 GMT+0100 (West Africa Time),2026-09-25T06:27:53+01:00,NG,LA,city_online,food,supermart,A,detergent,Alomo Bitters 75 cl,75cl,l,1835,,,https://www.supermart.ng/products/alomo-bitters-75-cl,ok_no_unit,,,,
Fri Sep 25 2026 00:00:00 GMT+0100 (West Africa Time),2026-09-25T06:27:53+01:00,NG,LA,city_online,food,supermart,A,sugar,Alpen Muesli No Added Sugar 550 g,0.55,kg,21640,39345.45,,https://www.supermart.ng/products/alpen-muesli-no-added-sugar-550-g,ok,,,,
Fri Sep 25 2026 00:00:00 GMT+0100 (West Africa Time),2026-09-25T06:27:53+01:00,NG,LA,city_online,food,supermart,A,sugar,Alpen Muesli No Added Sugar 560 g,0.56,kg,2690,4803.57,,https://www.supermart.ng/products/alpen-muesli-no-added-sugar-560-g,ok,,,,
Fri Sep 25 2026 00:00:00 GMT+0100 (West Africa Time),2026-09-25T06:27:53+01:00,NG,LA,city_online,food,supermart,A,sugar,Alpen Muesli No Added Sugar 950 g,0.95,kg,31080,32715.79,,https://www.supermart.ng/products/alpen-muesli-no-added-sugar-950-g,ok,,,,
Fri Sep 25 2026 00:00:00 GMT+0100 (West Africa Time),2026-09-25T06:27:53+01:00,NG,LA,city_online,food,supermart,A,sugar,Alpen Swiss Style Muesli No Added Sugar 500 g,0.5,kg,2640,5280,,https://www.supermart.ng/products/alpen-swiss-style-muesli-no-added-sugar-500-g,ok,,,,
Fri Sep 25 2026 00:00:00 GMT+0100 (West Africa Time),2026-09-25T06:27:53+01:00,NG,LA,city_online,food,supermart,A,sugar,Alpen Swiss Style Muesli No Added Sugar 550 g,0.55,kg,6290,11436.36,,https://www.supermart.ng/products/alpen-swiss-style-muesli-no-added-sugar-550-g,ok,,,,
Fri Sep 25 2026 00:00:00 GMT+0100 (West Africa Time),2026-09-25T06:27:53+01:00,NG,LA,city_online,food,supermart,A,sugar,Alpen The Swiss Recipe No Added Sugar 1.3 kg,1.3,kg,365,280.77,,https://www.supermart.ng/products/alpen-the-swiss-recipe-no-added-sugar-13-kg,ok,,,,
Fri Sep 25 2026 00:00:00 GMT+0100 (West Africa Time),2026-09-25T06:27:53+01:00,NG,LA,city_online,food,supermart,A,sugar,Alpro Almond No Sugars 1 L,1l,l,365,,,https://www.supermart.ng/products/alpro-almond-no-sugars-1-l,ok_no_unit,,,,
Fri Sep 25 2026 00:00:00 GMT+0100 (West Africa Time),2026-09-25T06:27:53+01:00,NG,LA,city_online,food,supermart,A,rice,Alpro Rice Dolce Milk 1 L,1l,l,1285,,,https://www.supermart.ng/products/alpro-rice-dolce-milk-1-l,ok_no_unit,,,,
Fri Sep 25 2026 00:00:00 GMT+0100 (West Africa Time),2026-09-25T06:27:53+01:00,NG,LA,city_online,food,supermart,A,rice,Alpro Rice Original 1 L,1l,l,1285,,,https://www.supermart.ng/products/alpro-rice-original-1-l,ok_no_unit,,,,
Fri Sep 25 2026 00:00:00 GMT+0100 (West Africa Time),2026-09-25T06:27:53+01:00,NG,LA,city_online,food,supermart,A,sugar,Alpro Soya Milk Coconut Almond Low Sugar 1 L,1l,l,1285,,,https://www.supermart.ng/products/alpro-soya-milk-coconut-almond-low-sugar-1-l,ok_no_unit,,,,
Fri Sep 25 2026 00:00:00 GMT+0100 (West Africa Time),2026-09-25T06:27:53+01:00,NG,LA,city_online,food,supermart,A,sugar,Alpro Soya No Sugars 1 L,1l,l,365,,,https://www.supermart.ng/products/alpro-soya-no-sugars-1-l,ok_no_unit,,,,
Fri Sep 25 2026 00:00:00 GMT+0100 (West Africa Time),2026-09-25T06:27:53+01:00,NG,LA,city_online,food,supermart,A,sugar,Alpro Yoghurt No Added Sugar Mango 400 g,0.4,kg,365,912.5,,https://www.supermart.ng/products/alpro-yoghurt-no-added-sugar-mango-400-g,ok,,,,
Fri Sep 25 2026 00:00:00 GMT+0100 (West Africa Time),2026-09-25T06:27:53+01:00,NG,LA,city_online,food,supermart,A,sanitary_pad,Always 3 in 1 Maxi Thick Long Sanitary Pads x14,14,piece,3495,249.64,,https://www.supermart.ng/products/always-3-in-1-maxi-thick-long-sanitary-pads-x14,ok,,,,
Fri Sep 25 2026 00:00:00 GMT+0100 (West Africa Time),2026-09-25T06:27:53+01:00,NG,LA,city_online,food,supermart,A,sanitary_pad,Always 3 in 1 Maxi Thick Long Sanitary Pads x7,7,piece,1975,282.14,,https://www.supermart.ng/products/always-3-in-1-maxi-thick-long-sanitary-pads-x7,ok,,,,
Fri Sep 25 2026 00:00:00 GMT+0100 (West Africa Time),2026-09-25T06:27:53+01:00,NG,LA,city_online,food,supermart,A,sanitary_pad,Always 3 in 1 Maxi Thick Sanitary Pads XL x14,14,piece,3290,235,,https://www.supermart.ng/products/always-3-in-1-maxi-thick-sanitary-pads-xl-x14,ok,,,,
Fri Sep 25 2026 00:00:00 GMT+0100 (West Africa Time),2026-09-25T06:27:53+01:00,NG,LA,city_online,food,supermart,A,sanitary_pad,Always 3 in 1 Maxi Thick Sanitary Pads XL x7,7,piece,1670,238.57,,https://www.supermart.ng/products/always-3-in-1-maxi-thick-sanitary-pads-xl-x7,ok,,,,
Fri Sep 25 2026 00:00:00 GMT+0100 (West Africa Time),2026-09-25T06:27:53+01:00,NG,LA,city_online,food,supermart,A,sanitary_pad,Always Maxi Sanitary Pads Extra Heavy Overnight With Wings x54,54,piece,12290,227.59,,https://www.supermart.ng/products/always-maxi-sanitary-pads-extra-heavy-overnight-with-wings-x54,ok,,,,
Fri Sep 25 2026 00:00:00 GMT+0100 (West Africa Time),2026-09-25T06:27:53+01:00,NG,LA,city_online,food,supermart,A,sanitary_pad,Always Ultra Day Sanitary Towels Size 1 Normal With Wings 13 Pack,13,piece,12670,974.62,,https://www.supermart.ng/products/always-ultra-day-sanitary-towels-size-1-normal-with-wings-13-pack,ok,,,,
Fri Sep 25 2026 00:00:00 GMT+0100 (West Africa Time),2026-09-25T06:27:53+01:00,NG,LA,city_online,food,supermart,A,sanitary_pad,Always Ultra Normal x16,16,piece,365,22.81,,https://www.supermart.ng/products/always-ultra-normal-x16,ok,,,,
Fri Sep 25 2026 00:00:00 GMT+0100 (West Africa Time),2026-09-25T06:27:53+01:00,NG,LA,city_online,food,supermart,A,sanitary_pad,Always Ultra Platinum Extra Long x14,14,piece,965,68.93,,https://www.supermart.ng/products/always-ultra-platinum-extra-long-x14,ok,,,,
Fri Sep 25 2026 00:00:00 GMT+0100 (West Africa Time),2026-09-25T06:27:53+01:00,NG,LA,city_online,food,supermart,A,sanitary_pad,Always Ultra Platinum Extra Long x7,7,piece,550,78.57,,https://www.supermart.ng/products/always-ultra-platinum-extra-long-x7,ok,,,,
Fri Sep 25 2026 00:00:00 GMT+0100 (West Africa Time),2026-09-25T06:27:53+01:00,NG,LA,city_online,food,supermart,A,sanitary_pad,Always Ultra Platinum Long x16,16,piece,975,60.94,,https://www.supermart.ng/products/always-ultra-platinum-long-x16,ok,,,,
Fri Sep 25 2026 00:00:00 GMT+0100 (West Africa Time),2026-09-25T06:27:53+01:00,NG,LA,city_online,food,supermart,A,sanitary_pad,Always Ultra Platinum Long x8,8,piece,560,70,,https://www.supermart.ng/products/always-ultra-platinum-long-x8,ok,,,,
Fri Sep 25 2026 00:00:00 GMT+0100 (West Africa Time),2026-09-25T06:27:53+01:00,NG,LA,city_online,food,supermart,A,sanitary_pad,Always Ultra Platinum Sanitary Pads Extra Long x12,12,piece,2840,236.67,,https://www.supermart.ng/products/always-ultra-platinum-sanitary-pads-extra-long-x12,ok,,,,
Fri Sep 25 2026 00:00:00 GMT+0100 (West Africa Time),2026-09-25T06:27:53+01:00,NG,LA,city_online,food,supermart,A,sanitary_pad,Always Ultra Platinum Sanitary Pads Extra Long x6,6,piece,1505,250.83,,https://www.supermart.ng/products/always-ultra-platinum-sanitary-pads-extra-long-x6,ok,,,,
Fri Sep 25 2026 00:00:00 GMT+0100 (West Africa Time),2026-09-25T06:27:53+01:00,NG,LA,city_online,food,supermart,A,sanitary_pad,Always Ultra Platinum Sanitary Pads Long x7,7,piece,1505,215,,https://www.supermart.ng/products/always-ultra-platinum-sanitary-pads-long-x7,ok,,,,
Fri Sep 25 2026 00:00:00 GMT+0100 (West Africa Time),2026-09-25T06:27:53+01:00,NG,LA,city_online,food,supermart,A,sanitary_pad,Always Ultra Protection Normal Plus With Wings x26,26,piece,365,14.04,,https://www.supermart.ng/products/always-ultra-protection-normal-plus-with-wings-x26,ok,,,,
Fri Sep 25 2026 00:00:00 GMT+0100 (West Africa Time),2026-09-25T06:27:53+01:00,NG,LA,city_online,food,supermart,A,sanitary_pad,Always Ultra Secure Night Extra Size 5 Sanitary Towels With Wings 8 Pack,8,piece,11545,1443.13,,https://www.supermart.ng/products/always-ultra-secure-night-extra-size-5-sanitary-towels-with-wings-8-pack,ok,,,,
Fri Sep 25 2026 00:00:00 GMT+0100 (West Africa Time),2026-09-25T06:27:53+01:00,NG,LA,city_online,food,supermart,A,sanitary_pad,Always Ultra Size 2 Long With Wings Sanitary Towels 11 Pack,11,piece,12220,1110.91,,https://www.supermart.ng/products/always-ultra-size-2-long-with-wings-sanitary-towels-11-pack,ok,,,,
Fri Sep 25 2026 00:00:00 GMT+0100 (West Africa Time),2026-09-25T06:27:53+01:00,NG,LA,city_online,food,supermart,A,sanitary_pad,Always Ultra Size 3 Night With Wings Sanitary Towels 9 Pack,9,piece,11770,1307.78,,https://www.supermart.ng/products/always-ultra-size-3-night-with-wings-sanitary-towels-9-pack,ok,,,,
Fri Sep 25 2026 00:00:00 GMT+0100 (West Africa Time),2026-09-25T06:27:53+01:00,NG,LA,city_online,food,supermart,A,sanitary_pad,Always Ultra Super With Wings x7 x16,7,piece,365,52.14,,https://www.supermart.ng/products/always-ultra-super-with-wings-x7-x16,ok,,,,
Fri Sep 25 2026 00:00:00 GMT+0100 (West Africa Time),2026-09-25T06:27:53+01:00,NG,LA,city_online,food,supermart,A,sanitary_pad,Always Ultra Thin Long Super Size 2 Pads Without Wings x20,20,piece,2525,126.25,,https://www.supermart.ng/products/always-ultra-thin-long-super-size-2-pads-without-wings-x20,ok,,,,
Fri Sep 25 2026 00:00:00 GMT+0100 (West Africa Time),2026-09-25T06:27:53+01:00,NG,LA,city_online,food,supermart,A,sanitary_pad,Always Ultra Thin Long x16,16,piece,3530,220.63,,https://www.supermart.ng/products/always-ultra-thin-long-x16,ok,,,,
Fri Sep 25 2026 00:00:00 GMT+0100 (West Africa Time),2026-09-25T06:27:53+01:00,NG,LA,city_online,food,supermart,A,sanitary_pad,Always Ultra Thin Long x8,8,piece,1895,236.88,,https://www.supermart.ng/products/always-ultra-thin-long-x8,ok,,,,
Fri Sep 25 2026 00:00:00 GMT+0100 (West Africa Time),2026-09-25T06:27:53+01:00,NG,LA,city_online,food,supermart,A,sanitary_pad,Always Ultra Thin Platinum Long x14,14,piece,2840,202.86,,https://www.supermart.ng/products/always-ultra-thin-platinum-long-x14,ok,,,,
Fri Sep 25 2026 00:00:00 GMT+0100 (West Africa Time),2026-09-25T06:27:53+01:00,NG,LA,city_online,food,supermart,A,sanitary_pad,Always Ultra Thin Regular x18,18,piece,2665,148.06,,https://www.supermart.ng/products/always-ultra-thin-regular-x18,ok,,,,
Fri Sep 25 2026 00:00:00 GMT+0100 (West Africa Time),2026-09-25T06:27:53+01:00,NG,LA,city_online,food,supermart,A,sanitary_pad,Always Ultra Thin Sanitary Pads Extra Long x28,28,piece,5520,197.14,,https://www.supermart.ng/products/always-ultra-thin-sanitary-pads-extra-long-x28,ok,,,,
Fri Sep 25 2026 00:00:00 GMT+0100 (West Africa Time),2026-09-25T06:27:53+01:00,NG,LA,city_online,food,supermart,A,sanitary_pad,Always Ultra Thin Sanitary Pads Long x32,32,piece,6250,195.31,,https://www.supermart.ng/products/always-ultra-thin-sanitary-pads-long-x32,ok,,,,
Fri Sep 25 2026 00:00:00 GMT+0100 (West Africa Time),2026-09-25T06:27:53+01:00,NG,LA,city_online,food,supermart,A,sanitary_pad,Always Ultra Thin Super Flexi Wings x16,16,piece,2665,166.56,,https://www.supermart.ng/products/always-ultra-thin-super-flexi-wings-x16,ok,,,,
Fri Sep 25 2026 00:00:00 GMT+0100 (West Africa Time),2026-09-25T06:27:53+01:00,NG,LA,city_online,food,supermart,A,sanitary_pad,Always Ultra Thin With Wings Extra Long x14,14,piece,3350,239.29,,https://www.supermart.ng/products/always-ultra-thin-with-wings-extra-long-x14,ok,,,,
Fri Sep 25 2026 00:00:00 GMT+0100 (West Africa Time),2026-09-25T06:27:53+01:00,NG,LA,city_online,food,supermart,A,sanitary_pad,Always Ultra Thin With Wings Extra Long x7,7,piece,1735,247.86,,https://www.supermart.ng/products/always-ultra-thin-with-wings-extra-long-x7,ok,,,,
Fri Sep 25 2026 00:00:00 GMT+0100 (West Africa Time),2026-09-25T06:27:53+01:00,NG,LA,city_online,food,supermart,A,sanitary_pad,Always Ultra Thin Without Wings Size 1 x22,22,piece,3040,138.18,,https://www.supermart.ng/products/always-ultra-thin-without-wings-size-1-x22,ok,,,,
Fri Sep 25 2026 00:00:00 GMT+0100 (West Africa Time),2026-09-25T06:27:53+01:00,NG,LA,city_online,food,supermart,A,sanitary_pad,Always Ultra Thin x76,76,piece,365,4.8,,https://www.supermart.ng/products/always-ultra-thin-x76,ok,,,,
Fri Sep 25 2026 00:00:00 GMT+0100 (West Africa Time),2026-09-25T06:27:53+01:00,NG,LA,city_online,food,supermart,A,sanitary_pad,Always Ultra With Wings Long x8 x16,8,piece,365,45.63,,https://www.supermart.ng/products/always-ultra-with-wings-long-x8-x16,ok,,,,
Fri Sep 25 2026 00:00:00 GMT+0100 (West Africa Time),2026-09-25T06:27:53+01:00,NG,LA,city_online,food,supermart,A,rice,Amazing Sella Basmati Rice 1 kg,1,kg,1745,1745,,https://www.supermart.ng/products/amazing-sella-basmati-rice-1-kg,ok,,,,
Fri Sep 25 2026 00:00:00 GMT+0100 (West Africa Time),2026-09-25T06:27:53+01:00,NG,LA,city_online,food,supermart,A,rice,Amazing Sella Basmati Rice 5 kg,5,kg,7850,1570,,https://www.supermart.ng/products/amazing-sella-basmati-rice-5-kg,ok,,,,
Fri Sep 25 2026 00:00:00 GMT+0100 (West Africa Time),2026-09-25T06:27:53+01:00,NG,LA,city_online,food,supermart,A,rice,Ambrosia Deluxe Rice Pudding Dessert 400 g,0.4,kg,16530,41325,,https://www.supermart.ng/products/ambrosia-deluxe-rice-pudding-dessert-400-g,ok,,,,
Fri Sep 25 2026 00:00:00 GMT+0100 (West Africa Time),2026-09-25T06:27:53+01:00,NG,LA,city_online,food,supermart,A,rice,Ambrosia Deluxe Rice Pudding Madagascan Vanilla 2 x 110 g,12.1,kg,12155,1004.55,,https://www.supermart.ng/products/ambrosia-deluxe-rice-pudding-madagascan-vanilla-2-x-110-g,ok,,,,
Fri Sep 25 2026 00:00:00 GMT+0100 (West Africa Time),2026-09-25T06:27:53+01:00,NG,LA,city_online,food,supermart,A,rice,Ambrosia Deluxe Salted Caramel Rice Can 400 g,0.4,kg,16530,41325,,https://www.supermart.ng/products/ambrosia-deluxe-salted-caramel-rice-can-400-g,ok,,,,
Fri Sep 25 2026 00:00:00 GMT+0100 (West Africa Time),2026-09-25T06:27:53+01:00,NG,LA,city_online,food,supermart,A,sugar,Ambrosia Light 30% Less Sugar & Fat Custard 500 g,0.5,kg,17700,35400,,https://www.supermart.ng/products/ambrosia-light-30-less-sugar-fat-custard-500-g,ok,,,,
Fri Sep 25 2026 00:00:00 GMT+0100 (West Africa Time),2026-09-25T06:27:53+01:00,NG,LA,city_online,food,supermart,A,rice,Ambrosia My Mini Rice 6 x 55 g,3.025,kg,16155,5340.5,,https://www.supermart.ng/products/ambrosia-my-mini-rice-6-x-55-g,ok,,,,
Fri Sep 25 2026 00:00:00 GMT+0100 (West Africa Time),2026-09-25T06:27:53+01:00,NG,LA,city_online,food,supermart,A,salt,Americana Potato Chips Salt 95 g,0.095,kg,545,5736.84,,https://www.supermart.ng/products/americana-potato-chips-salt-95-g,ok,,,,
Fri Sep 25 2026 00:00:00 GMT+0100 (West Africa Time),2026-09-25T06:27:53+01:00,NG,LA,city_online,food,supermart,A,salt,Americana Potato Chips Vinegar Salt 30 g,0.03,kg,345,11500,,https://www.supermart.ng/products/americana-potato-chips-vinegar-salt-30-g,ok,,,,
Fri Sep 25 2026 00:00:00 GMT+0100 (West Africa Time),2026-09-25T06:27:53+01:00,NG,LA,city_online,food,supermart,A,salt,Ammol Table Salt 750 g,0.75,kg,810,1080,,https://www.supermart.ng/products/ammol-table-salt-750-g,ok,,,,
Fri Sep 25 2026 00:00:00 GMT+0100 (West Africa Time),2026-09-25T06:27:53+01:00,NG,LA,city_online,food,supermart,A,salt,Amoy Reduced Salt Soy Sauce 150 ml,150ml,l,11640,,,https://www.supermart.ng/products/amoy-reduced-salt-soy-sauce-150-ml,ok_no_unit,,,,
Fri Sep 25 2026 00:00:00 GMT+0100 (West Africa Time),2026-09-25T06:27:53+01:00,NG,LA,city_online,food,supermart,A,rice,Amoy Straight To Wok Rice Noodles 2 x 150 g,22.5,kg,14660,651.56,,https://www.supermart.ng/products/amoy-straight-to-wok-rice-noodles-2-x-150-g,ok,,,,
Fri Sep 25 2026 00:00:00 GMT+0100 (West Africa Time),2026-09-25T06:27:53+01:00,NG,LA,city_online,food,supermart,A,noodles,Amoy Udon Thick Noodles 2 x 150 g,150g x150,kg,14660,,,https://www.supermart.ng/products/amoy-udon-thick-noodles-2-x-150-g,ok_no_unit,,,,
Fri Sep 25 2026 00:00:00 GMT+0100 (West Africa Time),2026-09-25T06:27:53+01:00,NG,LA,city_online,food,supermart,A,sugar,Amstel Malta Ultra No Added Sugar Can 33 cl,33cl,l,755,,,https://www.supermart.ng/products/amstel-malta-ultra-no-added-sugar-can-33-cl,ok_no_unit,,,,
Fri Sep 25 2026 00:00:00 GMT+0100 (West Africa Time),2026-09-25T06:27:53+01:00,NG,LA,city_online,food,supermart,A,sugar,Amstel Malta Ultra No Added Sugar Can 33 cl x12,33cl x12,l,2975,,,https://www.supermart.ng/products/amstel-malta-ultra-no-added-sugar-can-33-cl-x12,ok_no_unit,,,,
Fri Sep 25 2026 00:00:00 GMT+0100 (West Africa Time),2026-09-25T06:27:53+01:00,NG,LA,city_online,food,supermart,A,sugar,Amstel Malta Ultra No Added Sugar Can 33 cl x24,33cl x24,l,18120,,,https://www.supermart.ng/products/amstel-malta-ultra-no-added-sugar-can-33-cl-x24,ok_no_unit,,,,
Fri Sep 25 2026 00:00:00 GMT+0100 (West Africa Time),2026-09-25T06:27:53+01:00,NG,LA,city_online,food,supermart,A,sugar,Amulya Nice Sugar Sprinkled Biscuits 150 g,0.15,kg,1385,9233.33,,https://www.supermart.ng/products/amulya-nice-sugar-sprinkled-biscuits-150-g,ok,,,,
Fri Sep 25 2026 00:00:00 GMT+0100 (West Africa Time),2026-09-25T06:27:53+01:00,NG,LA,city_online,food,supermart,A,onions,Amulya Onion Crackers 250 g,0.25,kg,3495,13980,,https://www.supermart.ng/products/amulya-onion-crackers-250-g,ok,,,,
Fri Sep 25 2026 00:00:00 GMT+0100 (West Africa Time),2026-09-25T06:27:53+01:00,NG,LA,city_online,food,supermart,A,salt,Andrews Liver Salts Lemon 5 g x50,0.25,kg,31500,126000,,https://www.supermart.ng/products/andrews-liver-salts-lemon-5-g-x50,ok,,,,
Fri Sep 25 2026 00:00:00 GMT+0100 (West Africa Time),2026-09-25T06:27:53+01:00,NG,LA,city_online,food,supermart,A,toilet_roll,Andrex Toilet Tissue Classic Clean 2 Ply 4 Rolls,1,piece,7850,7850,,https://www.supermart.ng/products/andrex-toilet-tissue-classic-clean-2-ply-4-rolls,ok,,,,
Fri Sep 25 2026 00:00:00 GMT+0100 (West Africa Time),2026-09-25T06:27:53+01:00,NG,LA,city_online,food,supermart,A,toilet_roll,Andrex Toilet Tissue Classic Clean 2 Ply 6 Rolls,1,piece,10650,10650,,https://www.supermart.ng/products/andrex-toilet-tissue-classic-clean-2-ply-6-rolls,ok,,,,
Fri Sep 25 2026 00:00:00 GMT+0100 (West Africa Time),2026-09-25T06:27:53+01:00,NG,LA,city_online,food,supermart,A,toilet_roll,Andrex Toilet Tissue Gentle Clean 4 Rolls,1,piece,9460,9460,,https://www.supermart.ng/products/andrex-toilet-tissue-gentle-clean-4-rolls,ok,,,,
Fri Sep 25 2026 00:00:00 GMT+0100 (West Africa Time),2026-09-25T06:27:53+01:00,NG,LA,city_online,food,supermart,A,toilet_roll,Andrex Toilet Tissue Natural Pebble 4 Rolls,1,piece,1980,1980,,https://www.supermart.ng/products/andrex-toilet-tissue-natural-pebble-4-rolls,ok,,,,
Fri Sep 25 2026 00:00:00 GMT+0100 (West Africa Time),2026-09-25T06:27:53+01:00,NG,LA,city_online,food,supermart,A,toilet_roll,Andrex Toilet Tissue Skin Kind 4 Rolls,1,piece,1800,1800,,https://www.supermart.ng/products/andrex-toilet-tissue-skin-kind-4-rolls,ok,,,,
Fri Sep 25 2026 00:00:00 GMT+0100 (West Africa Time),2026-09-25T06:27:53+01:00,NG,LA,city_online,food,supermart,A,toilet_roll,Andrex Toilet Tissue Supreme Quilts 2 Ply 4 Rolls,1,piece,1800,1800,,https://www.supermart.ng/products/andrex-toilet-tissue-supreme-quilts-2-ply-4-rolls,ok,,,,
Fri Sep 25 2026 00:00:00 GMT+0100 (West Africa Time),2026-09-25T06:27:53+01:00,NG,LA,city_online,food,supermart,A,toilet_roll,Andrex Washlets Moist Toilet Tissue Pure Care Hypo-Allergenic & Fragrance-Free x36,36,piece,2940,81.67,,https://www.supermart.ng/products/andrex-washlets-moist-toilet-tissue-pure-care-hypo-allergenic-fragrance-free-x36,ok,,,,
Fri Sep 25 2026 00:00:00 GMT+0100 (West Africa Time),2026-09-25T06:27:53+01:00,NG,LA,city_online,food,supermart,A,sugar,Angel Delight No Added Sugar Butterscotch 47 g,0.047,kg,6925,147340.43,,https://www.supermart.ng/products/angel-delight-no-added-sugar-butterscotch-47-g,ok,,,,
Fri Sep 25 2026 00:00:00 GMT+0100 (West Africa Time),2026-09-25T06:27:53+01:00,NG,LA,city_online,food,supermart,A,sanitary_pad,Angel Regular Ultra Thin Sanitary Pads x8,8,piece,765,95.63,,https://www.supermart.ng/products/angel-regular-ultra-thin-sanitary-pads-x8,ok,,,,
Fri Sep 25 2026 00:00:00 GMT+0100 (West Africa Time),2026-09-25T06:27:53+01:00,NG,LA,city_online,food,supermart,A,sanitary_pad,Angel Sanitary Pad Ultra Thin Heavy Flow Extra Long x7,7,piece,870,124.29,,https://www.supermart.ng/products/angel-sanitary-pad-ultra-thin-heavy-flow-extra-long-x7,ok,,,,
Fri Sep 25 2026 00:00:00 GMT+0100 (West Africa Time),2026-09-25T06:27:53+01:00,NG,LA,city_online,food,supermart,A,sanitary_pad,Angel Sanitary Pad Ultra Thin Normal Flow Extra Long x8,8,piece,380,47.5,,https://www.supermart.ng/products/angel-sanitary-pad-ultra-thin-normal-flow-extra-long-x8,ok,,,,
Fri Sep 25 2026 00:00:00 GMT+0100 (West Africa Time),2026-09-25T06:27:53+01:00,NG,LA,city_online,food,supermart,A,salt,Angry Birds Potato Crisps Sea Salt 160 g,0.16,kg,540,3375,,https://www.supermart.ng/products/angry-birds-potato-crisps-sea-salt-160-g,ok,,,,
Fri Sep 25 2026 00:00:00 GMT+0100 (West Africa Time),2026-09-25T06:27:53+01:00,NG,LA,city_online,food,supermart,A,onions,Angry Birds Potato Crisps Sour Cream & Onion 160 g,0.16,kg,540,3375,,https://www.supermart.ng/products/angry-birds-potato-crisps-sour-cream-onion-160-g,ok,,,,
Fri Sep 25 2026 00:00:00 GMT+0100 (West Africa Time),2026-09-25T06:27:53+01:00,NG,LA,city_online,food,supermart,A,spaghetti,Ankara Pasta Boncuk-Ditalini 500 g,0.5,kg,365,730,,https://www.supermart.ng/products/ankara-pasta-boncuk-ditalini-500-g,ok,,,,
Fri Sep 25 2026 00:00:00 GMT+0100 (West Africa Time),2026-09-25T06:27:53+01:00,NG,LA,city_online,food,supermart,A,spaghetti,Ankara Pasta Burgu Fusilli 500 g,0.5,kg,365,730,,https://www.supermart.ng/products/ankara-pasta-burgu-fusilli-500-g,ok,,,,
Fri Sep 25 2026 00:00:00 GMT+0100 (West Africa Time),2026-09-25T06:27:53+01:00,NG,LA,city_online,food,supermart,A,spaghetti,Ankara Pasta Dirsek-Elbow 500 g,0.5,kg,365,730,,https://www.supermart.ng/products/ankara-pasta-dirsek-elbow-500-g,ok,,,,
Fri Sep 25 2026 00:00:00 GMT+0100 (West Africa Time),2026-09-25T06:27:53+01:00,NG,LA,city_online,food,supermart,A,spaghetti,Ankara Pasta Kelebek-Farfalle 500 g,0.5,kg,365,730,,https://www.supermart.ng/products/ankara-pasta-kelebek-farfalle-500-g,ok,,,,
Fri Sep 25 2026 00:00:00 GMT+0100 (West Africa Time),2026-09-25T06:27:53+01:00,NG,LA,city_online,food,supermart,A,spaghetti,Ankara Pasta Makarnasi Nuhun Burgu 250 g,0.25,kg,365,1460,,https://www.supermart.ng/products/ankara-pasta-makarnasi-nuhun-burgu-250-g,ok,,,,
Fri Sep 25 2026 00:00:00 GMT+0100 (West Africa Time),2026-09-25T06:27:53+01:00,NG,LA,city_online,food,supermart,A,spaghetti,Ankara Pasta Makarnasi Nuhun Gemisi 250 g,0.25,kg,365,1460,,https://www.supermart.ng/products/ankara-pasta-makarnasi-nuhun-gemisi-250-g,ok,,,,
Fri Sep 25 2026 00:00:00 GMT+0100 (West Africa Time),2026-09-25T06:27:53+01:00,NG,LA,city_online,food,supermart,A,spaghetti,Ankara Pasta Mini Kelebek Farfalle 500 g,0.5,kg,365,730,,https://www.supermart.ng/products/ankara-pasta-mini-kelebek-farfalle-500-g,ok,,,,
Fri Sep 25 2026 00:00:00 GMT+0100 (West Africa Time),2026-09-25T06:27:53+01:00,NG,LA,city_online,food,supermart,A,spaghetti,Ankara Pasta Rigatoni 500 g,0.5,kg,365,730,,https://www.supermart.ng/products/ankara-pasta-rigatoni-500-g,ok,,,,
Fri Sep 25 2026 00:00:00 GMT+0100 (West Africa Time),2026-09-25T06:27:53+01:00,NG,LA,city_online,food,supermart,A,spaghetti,Ankara Spaghetti Brown 250 g,0.25,kg,365,1460,,https://www.supermart.ng/products/ankara-spaghetti-brown-250-g,ok,,,,
Fri Sep 25 2026 00:00:00 GMT+0100 (West Africa Time),2026-09-25T06:27:53+01:00,NG,LA,city_online,food,supermart,A,salt,Anmol Fine Flowing Table Salt 750 g,0.75,kg,2110,2813.33,,https://www.supermart.ng/products/anmol-fine-flowing-table-salt-750-g,ok,,,,
Fri Sep 25 2026 00:00:00 GMT+0100 (West Africa Time),2026-09-25T06:27:53+01:00,NG,LA,city_online,food,supermart,A,seasoning,Annapurna Knorr Chicken Flavour Cubes 88 g x20,88g x20,kg,120,,,https://www.supermart.ng/products/annapurna-knorr-chicken-flavour-cubes-88-g-x20,ok_no_unit,,,,
Fri Sep 25 2026 00:00:00 GMT+0100 (West Africa Time),2026-09-25T06:27:53+01:00,NG,LA,city_online,food,supermart,A,fish_frozen,Anny Sardines In Oil 125 g,0.125,kg,235,1880,,https://www.supermart.ng/products/anny-sardines-in-oil-125-g,ok,,,,
Fri Sep 25 2026 00:00:00 GMT+0100 (West Africa Time),2026-09-25T06:27:53+01:00,NG,LA,city_online,food,supermart,A,rice,Aoun Basmati Rice 1 kg,1,kg,1990,1990,,https://www.supermart.ng/products/aoun-basmati-rice-1-kg,ok,,,,
Fri Sep 25 2026 00:00:00 GMT+0100 (West Africa Time),2026-09-25T06:27:53+01:00,NG,LA,city_online,food,supermart,A,rice,Aoun Basmati Rice 2 kg,2,kg,3800,1900,,https://www.supermart.ng/products/aoun-basmati-rice-2-kg,ok,,,,
Fri Sep 25 2026 00:00:00 GMT+0100 (West Africa Time),2026-09-25T06:27:53+01:00,NG,LA,city_online,food,supermart,A,rice,Aoun Egyptian Rice 1 kg,1,kg,1200,1200,,https://www.supermart.ng/products/aoun-egyptian-rice-1-kg,ok,,,,
Fri Sep 25 2026 00:00:00 GMT+0100 (West Africa Time),2026-09-25T06:27:53+01:00,NG,LA,city_online,food,supermart,A,beans_brown,Aoun Lima Beans 500 g,0.5,kg,2610,5220,,https://www.supermart.ng/products/aoun-lima-beans-500-g,ok,,,,
Fri Sep 25 2026 00:00:00 GMT+0100 (West Africa Time),2026-09-25T06:27:53+01:00,NG,LA,city_online,food,supermart,A,rice,Aoun Parboiled Rice 1 kg,1,kg,1065,1065,,https://www.supermart.ng/products/aoun-parboiled-rice-1-kg,ok,,,,
Fri Sep 25 2026 00:00:00 GMT+0100 (West Africa Time),2026-09-25T06:27:53+01:00,NG,LA,city_online,food,supermart,A,rice,Aoun Parboiled Rice 2 kg,2,kg,2155,1077.5,,https://www.supermart.ng/products/aoun-parboiled-rice-2-kg,ok,,,,
Fri Sep 25 2026 00:00:00 GMT+0100 (West Africa Time),2026-09-25T06:27:53+01:00,NG,LA,city_online,food,supermart,A,beans_brown,Aoun Red Kidney Beans 1 kg,1,kg,3645,3645,,https://www.supermart.ng/products/aoun-red-kidney-beans-1-kg,ok,,,,
Fri Sep 25 2026 00:00:00 GMT+0100 (West Africa Time),2026-09-25T06:27:53+01:00,NG,LA,city_online,food,supermart,A,beans_brown,Aoun White Kidney Beans 1 kg,1,kg,2435,2435,,https://www.supermart.ng/products/aoun-white-kidney-beans-1-kg,ok,,,,
Fri Sep 25 2026 00:00:00 GMT+0100 (West Africa Time),2026-09-25T06:27:53+01:00,NG,LA,city_online,food,supermart,A,soap_bar,April Multi-Purpose Bar Soap 140 g,140g,kg,100,,,https://www.supermart.ng/products/april-multi-purpose-bar-soap-140-g,ok_no_unit,,,,
Fri Sep 25 2026 00:00:00 GMT+0100 (West Africa Time),2026-09-25T06:27:53+01:00,NG,LA,city_online,food,supermart,A,diapers,Aquaphor Baby Healing Ointment Irritated Skin & Diaper Rash 50 g,50g,kg,2700,,,https://www.supermart.ng/products/aquaphor-baby-healing-ointment-irritated-skin-diaper-rash-50-g,ok_no_unit,,,,
Fri Sep 25 2026 00:00:00 GMT+0100 (West Africa Time),2026-09-25T06:27:53+01:00,NG,LA,city_online,food,supermart,A,salt,Argussy Green Tea Spa Salt 300 g,0.3,kg,550,1833.33,,https://www.supermart.ng/products/argussy-green-tea-spa-salt-300-g,ok,,,,
Fri Sep 25 2026 00:00:00 GMT+0100 (West Africa Time),2026-09-25T06:27:53+01:00,NG,LA,city_online,food,supermart,A,salt,Argussy Papaya Spa Salt 300 g,0.3,kg,550,1833.33,,https://www.supermart.ng/products/argussy-papaya-spa-salt-300-g,ok,,,,
Fri Sep 25 2026 00:00:00 GMT+0100 (West Africa Time),2026-09-25T06:27:53+01:00,NG,LA,city_online,food,supermart,A,detergent,Ariel Ankara & Colour Detergent Powder 1.15 kg,1.15,kg,1775,1543.48,,https://www.supermart.ng/products/ariel-ankara-colour-detergent-powder-115-kg,ok,,,,
Fri Sep 25 2026 00:00:00 GMT+0100 (West Africa Time),2026-09-25T06:27:53+01:00,NG,LA,city_online,food,supermart,A,detergent,Ariel Ankara & Colour Detergent Powder 150 g x6,0.9,kg,690,766.67,,https://www.supermart.ng/products/ariel-ankara-colour-detergent-powder-150-g-x6,ok,,,,
Fri Sep 25 2026 00:00:00 GMT+0100 (West Africa Time),2026-09-25T06:27:53+01:00,NG,LA,city_online,food,supermart,A,detergent,Ariel Ankara & Colour Detergent Powder 400 g,0.4,kg,1450,3625,,https://www.supermart.ng/products/ariel-ankara-colour-detergent-powder-400-g,ok,,,,
Fri Sep 25 2026 00:00:00 GMT+0100 (West Africa Time),2026-09-25T06:27:53+01:00,NG,LA,city_online,food,supermart,A,detergent,Ariel Ankara Detergent Powder 150 g,0.15,kg,400,2666.67,,https://www.supermart.ng/products/ariel-ankara-detergent-powder-150-g,ok,,,,
Fri Sep 25 2026 00:00:00 GMT+0100 (West Africa Time),2026-09-25T06:27:53+01:00,NG,LA,city_online,food,supermart,A,detergent,Ariel Ankara Detergent Powder 2 kg,2,kg,7285,3642.5,,https://www.supermart.ng/products/ariel-ankara-detergent-powder-2-kg,ok,,,,
Fri Sep 25 2026 00:00:00 GMT+0100 (West Africa Time),2026-09-25T06:27:53+01:00,NG,LA,city_online,food,supermart,A,detergent,Ariel Ankara Detergent Powder 800 g,0.8,kg,3995,4993.75,,https://www.supermart.ng/products/ariel-ankara-detergent-powder-800-g,ok,,,,
Fri Sep 25 2026 00:00:00 GMT+0100 (West Africa Time),2026-09-25T06:27:53+01:00,NG,LA,city_online,food,supermart,A,detergent,Ariel Automatic Washing Powder 400 g,0.4,kg,565,1412.5,,https://www.supermart.ng/products/ariel-automatic-washing-powder-400-g,ok,,,,
Fri Sep 25 2026 00:00:00 GMT+0100 (West Africa Time),2026-09-25T06:27:53+01:00,NG,LA,city_online,food,supermart,A,detergent,Ariel Floral Fresh Washing Liquid Detergent 63 Washes 1953 ml,1953ml,l,70795,,,https://www.supermart.ng/products/ariel-floral-fresh-washing-liquid-detergent-63-washes-1953-ml,ok_no_unit,,,,
Fri Sep 25 2026 00:00:00 GMT+0100 (West Africa Time),2026-09-25T06:27:53+01:00,NG,LA,city_online,food,supermart,A,detergent,Ariel Gel Colours x24,,,365,,,https://www.supermart.ng/products/ariel-gel-colours-x24,ok_no_unit,,,,
Fri Sep 25 2026 00:00:00 GMT+0100 (West Africa Time),2026-09-25T06:27:53+01:00,NG,LA,city_online,food,supermart,A,detergent,Ariel Gel Original x24,,,365,,,https://www.supermart.ng/products/ariel-gel-original-x24,ok_no_unit,,,,
Fri Sep 25 2026 00:00:00 GMT+0100 (West Africa Time),2026-09-25T06:27:53+01:00,NG,LA,city_online,food,supermart,A,detergent,Ariel Laundry Cleanser Ultra Concentrated 1 L,1l,l,9705,,,https://www.supermart.ng/products/ariel-laundry-cleanser-ultra-concentrated-1-l,ok_no_unit,,,,
Fri Sep 25 2026 00:00:00 GMT+0100 (West Africa Time),2026-09-25T06:27:53+01:00,NG,LA,city_online,food,supermart,A,detergent,Ariel Laundry Detergent Gel 1254 ml 38 Washes,1254ml,l,50310,,,https://www.supermart.ng/products/ariel-laundry-detergent-gel-1254-ml-38-washes,ok_no_unit,,,,
Fri Sep 25 2026 00:00:00 GMT+0100 (West Africa Time),2026-09-25T06:27:53+01:00,NG,LA,city_online,food,supermart,A,detergent,Ariel Liquid Detergent Febreze 1.6 L,1.6l,l,365,,,https://www.supermart.ng/products/ariel-liquid-detergent-febreze-16-l,ok_no_unit,,,,
Fri Sep 25 2026 00:00:00 GMT+0100 (West Africa Time),2026-09-25T06:27:53+01:00,NG,LA,city_online,food,supermart,A,detergent,Ariel Liquid Detergent Sensitive 1.6 L,1.6l,l,365,,,https://www.supermart.ng/products/ariel-liquid-detergent-sensitive-16-l,ok_no_unit,,,,
Fri Sep 25 2026 00:00:00 GMT+0100 (West Africa Time),2026-09-25T06:27:53+01:00,NG,LA,city_online,food,supermart,A,detergent,Ariel Machine Expert Detergent Powder Colour & Style 1.8 kg,1.8,kg,8550,4750,,https://www.supermart.ng/products/ariel-machine-expert-detergent-powder-colour-style-18-kg,ok,,,,
Fri Sep 25 2026 00:00:00 GMT+0100 (West Africa Time),2026-09-25T06:27:53+01:00,NG,LA,city_online,food,supermart,A,detergent,Ariel Machine Expert Detergent Powder Colour & Style 900 g,0.9,kg,3985,4427.78,,https://www.supermart.ng/products/ariel-machine-expert-detergent-powder-colour-style-900-g,ok,,,,
Fri Sep 25 2026 00:00:00 GMT+0100 (West Africa Time),2026-09-25T06:27:53+01:00,NG,LA,city_online,food,supermart,A,detergent,Ariel Machine Expert Detergent Powder Ultimate Clean 1.8 kg,1.8,kg,8550,4750,,https://www.supermart.ng/products/ariel-machine-expert-detergent-powder-ultimate-clean-18-kg,ok,,,,
Fri Sep 25 2026 00:00:00 GMT+0100 (West Africa Time),2026-09-25T06:27:53+01:00,NG,LA,city_online,food,supermart,A,detergent,Ariel Machine Expert Detergent Powder Ultimate Clean 900 g,0.9,kg,1540,1711.11,,https://www.supermart.ng/products/ariel-machine-expert-detergent-powder-ultimate-clean-900-g,ok,,,,
Fri Sep 25 2026 00:00:00 GMT+0100 (West Africa Time),2026-09-25T06:27:53+01:00,NG,LA,city_online,food,supermart,A,detergent,Ariel Machine Expert Ultimate Clean Detergent Powder 400 g,0.4,kg,1875,4687.5,,https://www.supermart.ng/products/ariel-machine-expert-ultimate-clean-detergent-powder-400-g,ok,,,,
Fri Sep 25 2026 00:00:00 GMT+0100 (West Africa Time),2026-09-25T06:27:53+01:00,NG,LA,city_online,food,supermart,A,detergent,Ariel Multi-Purpose Bar Soap 118 g,0.118,kg,110,932.2,,https://www.supermart.ng/products/ariel-multi-purpose-bar-soap-118-g,ok,,,,
Fri Sep 25 2026 00:00:00 GMT+0100 (West Africa Time),2026-09-25T06:27:53+01:00,NG,LA,city_online,food,supermart,A,detergent,Ariel Multi-Purpose Bar Soap 220 g,0.22,kg,200,909.09,,https://www.supermart.ng/products/ariel-multi-purpose-bar-soap-220-g,ok,,,,
Fri Sep 25 2026 00:00:00 GMT+0100 (West Africa Time),2026-09-25T06:27:53+01:00,NG,LA,city_online,food,supermart,A,detergent,Ariel Original Laundry Detergent Powder 400 g,0.4,kg,1705,4262.5,,https://www.supermart.ng/products/ariel-original-laundry-detergent-powder-400-g,ok,,,,
Fri Sep 25 2026 00:00:00 GMT+0100 (West Africa Time),2026-09-25T06:27:53+01:00,NG,LA,city_online,food,supermart,A,detergent,Ariel Original Laundry Detergent Powder 800 g,0.8,kg,2000,2500,,https://www.supermart.ng/products/ariel-original-laundry-detergent-powder-800-g,ok,,,,
Fri Sep 25 2026 00:00:00 GMT+0100 (West Africa Time),2026-09-25T06:27:53+01:00,NG,LA,city_online,food,supermart,A,detergent,Ariel Original Laundry Detergent Powder 90 g,0.09,kg,365,4055.56,,https://www.supermart.ng/products/ariel-original-laundry-detergent-powder-90-g,ok,,,,
Fri Sep 25 2026 00:00:00 GMT+0100 (West Africa Time),2026-09-25T06:27:53+01:00,NG,LA,city_online,food,supermart,A,detergent,Ariel Original Laundry Detergent Powder 90 g x6,0.54,kg,365,675.93,,https://www.supermart.ng/products/ariel-original-laundry-detergent-powder-90-g-x6,ok,,,,
Fri Sep 25 2026 00:00:00 GMT+0100 (West Africa Time),2026-09-25T06:27:53+01:00,NG,LA,city_online,food,supermart,A,detergent,Ariel Original Laundry Washing Liquid 50 Washes 1550 ml,1550ml,l,55435,,,https://www.supermart.ng/products/ariel-original-laundry-washing-liquid-50-washes-1550-ml,ok_no_unit,,,,
Fri Sep 25 2026 00:00:00 GMT+0100 (West Africa Time),2026-09-25T06:27:53+01:00,NG,LA,city_online,food,supermart,A,detergent,Ariel Original Washing Gel 26 Washes 858 ml,858ml,l,36470,,,https://www.supermart.ng/products/ariel-original-washing-gel-26-washes-858-ml,ok_no_unit,,,,
Fri Sep 25 2026 00:00:00 GMT+0100 (West Africa Time),2026-09-25T06:27:53+01:00,NG,LA,city_online,food,supermart,A,detergent,Ariel Original Washing Liquid Detergent 63 Washes 1953 ml,1953ml,l,68000,,,https://www.supermart.ng/products/ariel-original-washing-liquid-detergent-63-washes-1953-ml,ok_no_unit,,,,
Fri Sep 25 2026 00:00:00 GMT+0100 (West Africa Time),2026-09-25T06:27:53+01:00,NG,LA,city_online,food,supermart,A,detergent,Ariel Original Washing Powder 50 Washes 2750 g,2.75,kg,80405,29238.18,,https://www.supermart.ng/products/ariel-original-washing-powder-50-washes-2750-g,ok,,,,
Fri Sep 25 2026 00:00:00 GMT+0100 (West Africa Time),2026-09-25T06:27:53+01:00,NG,LA,city_online,food,supermart,A,detergent,Ariel Platinum Washing Liquid Pods With Lenor 29 Washes 565.5 g,0.5655,kg,38415,67931.03,,https://www.supermart.ng/products/ariel-platinum-washing-liquid-pods-with-lenor-29-washes-565-5-g,ok,,,,
Fri Sep 25 2026 00:00:00 GMT+0100 (West Africa Time),2026-09-25T06:27:53+01:00,NG,LA,city_online,food,supermart,A,detergent,Ariel Stain Remover Ultra Oxi 500 ml,500ml,l,3275,,,https://www.supermart.ng/products/ariel-stain-remover-ultra-oxi-500-ml,ok_no_unit,,,,
Fri Sep 25 2026 00:00:00 GMT+0100 (West Africa Time),2026-09-25T06:27:53+01:00,NG,LA,city_online,food,supermart,A,rice,Arike Ofada Rice 1 kg,1,kg,4030,4030,,https://www.supermart.ng/products/arike-ofada-rice-1-kg,ok,,,,
Fri Sep 25 2026 00:00:00 GMT+0100 (West Africa Time),2026-09-25T06:27:53+01:00,NG,LA,city_online,food,supermart,A,rice,Arike Ofada Rice 5 kg,5,kg,19000,3800,,https://www.supermart.ng/products/arike-ofada-rice-5-kg,ok,,,,
Fri Sep 25 2026 00:00:00 GMT+0100 (West Africa Time),2026-09-25T06:27:53+01:00,NG,LA,city_online,food,supermart,A,poundo_yam,Arosa Cocoyam Flour Soup Thickener 150 g,0.15,kg,430,2866.67,,https://www.supermart.ng/products/arosa-cocoyam-flour-soup-thickener-150-g,ok,,,,
Fri Sep 25 2026 00:00:00 GMT+0100 (West Africa Time),2026-09-25T06:27:53+01:00,NG,LA,city_online,food,supermart,A,chicken_frozen,Artisan Butchery Chicken - Shredded 500 g,0.5,kg,1690,3380,,https://www.supermart.ng/products/artisan-butchery-chicken-shredded-500-g,ok,,,,
Fri Sep 25 2026 00:00:00 GMT+0100 (West Africa Time),2026-09-25T06:27:53+01:00,NG,LA,city_online,food,supermart,A,chicken_frozen,Artisan Butchery Chicken Breast - Boneless 500 g,0.5,kg,1825,3650,,https://www.supermart.ng/products/artisan-butchery-chicken-breast-boneless-500-g,ok,,,,
Fri Sep 25 2026 00:00:00 GMT+0100 (West Africa Time),2026-09-25T06:27:53+01:00,NG,LA,city_online,food,supermart,A,chicken_frozen,Artisan Butchery Chicken Cocktail Sausage 350 g,0.35,kg,4215,12042.86,,https://www.supermart.ng/products/artisan-butchery-chicken-cocktail-sausage-350-g,ok,,,,
Fri Sep 25 2026 00:00:00 GMT+0100 (West Africa Time),2026-09-25T06:27:53+01:00,NG,LA,city_online,food,supermart,A,chicken_frozen,Artisan Butchery Chicken Sausages 350 g x6,2.1,kg,3190,1519.05,,https://www.supermart.ng/products/artisan-butchery-chicken-sausages-350-g-x6,ok,,,,
Fri Sep 25 2026 00:00:00 GMT+0100 (West Africa Time),2026-09-25T06:27:53+01:00,NG,LA,city_online,food,supermart,A,chicken_frozen,Artisan Butchery Classic Chicken Sausage 350 g x5,1.75,kg,4265,2437.14,,https://www.supermart.ng/products/artisan-butchery-classic-chicken-sausage-350-g-x5,ok,,,,
Fri Sep 25 2026 00:00:00 GMT+0100 (West Africa Time),2026-09-25T06:27:53+01:00,NG,LA,city_online,food,supermart,A,chicken_frozen,Artisan Chicken Nuggets 360 g,0.36,kg,2590,7194.44,,https://www.supermart.ng/products/artisan-chicken-nuggets-360-g,ok,,,,
Fri Sep 25 2026 00:00:00 GMT+0100 (West Africa Time),2026-09-25T06:27:53+01:00,NG,LA,city_online,food,supermart,A,spaghetti,ASDA Pasta Shapes 500 g,0.5,kg,1780,3560,,https://www.supermart.ng/products/asda-pasta-shapes-500-g,ok,,,,
Fri Sep 25 2026 00:00:00 GMT+0100 (West Africa Time),2026-09-25T06:27:53+01:00,NG,LA,city_online,food,supermart,A,sugar,Ashland Fragranced Diffuser Sugar Cookie 147.8 ml,147.8ml,l,365,,,https://www.supermart.ng/products/ashland-fragranced-diffuser-sugar-cookie-1478-ml,ok_no_unit,,,,
Fri Sep 25 2026 00:00:00 GMT+0100 (West Africa Time),2026-09-25T06:27:53+01:00,NG,LA,city_online,food,supermart,A,sugar,Ashland Sugar Cookie Fragranced Diffuser 147.8 ml,147.8ml,l,2690,,,https://www.supermart.ng/products/ashland-sugar-cookie-fragranced-diffuser-1478-ml,ok_no_unit,,,,
Fri Sep 25 2026 00:00:00 GMT+0100 (West Africa Time),2026-09-25T06:27:53+01:00,NG,LA,city_online,food,supermart,A,bread,Asmak Calamari Rings Breaded 240 g,240g,kg,4590,,,https://www.supermart.ng/products/asmak-calamari-rings-breaded-240-g,ok_no_unit,,,,
Fri Sep 25 2026 00:00:00 GMT+0100 (West Africa Time),2026-09-25T06:27:53+01:00,NG,LA,city_online,food,supermart,A,bread,Asmak Fish Fingers Breaded 240 g,240g,kg,1605,,,https://www.supermart.ng/products/asmak-fish-fingers-breaded-240-g,ok_no_unit,,,,
Fri Sep 25 2026 00:00:00 GMT+0100 (West Africa Time),2026-09-25T06:27:53+01:00,NG,LA,city_online,food,supermart,A,rice,Atlas Price Label Roll For C20/100E/1010,,,2300,,,https://www.supermart.ng/products/atlas-price-label-roll-for-c20100e1010,ok_no_unit,,,,
Fri Sep 25 2026 00:00:00 GMT+0100 (West Africa Time),2026-09-25T06:27:53+01:00,NG,LA,city_online,food,supermart,A,onions,Aunt Bessie's Yorkshire Pudding Mix With Sage & Onion 120 g,0.12,kg,9725,81041.67,,https://www.supermart.ng/products/aunt-bessies-yorkshire-pudding-mix-with-sage-onion-120-g,ok,,,,
Fri Sep 25 2026 00:00:00 GMT+0100 (West Africa Time),2026-09-25T06:27:53+01:00,NG,LA,city_online,food,supermart,A,semovita,Auntie B Semolina 1 kg,1,kg,1780,1780,,https://www.supermart.ng/products/auntie-b-semolina-1-kg,ok,,,,
Fri Sep 25 2026 00:00:00 GMT+0100 (West Africa Time),2026-09-25T06:27:53+01:00,NG,LA,city_online,food,supermart,A,spaghetti,Auntie B Spaghetti 500 g,0.5,kg,1245,2490,,https://www.supermart.ng/products/auntie-b-spaghetti-500-g,ok,,,,
Fri Sep 25 2026 00:00:00 GMT+0100 (West Africa Time),2026-09-25T06:27:53+01:00,NG,LA,city_online,food,supermart,A,spaghetti,Auntie B Spaghetti Slim 500 g,0.5,kg,1245,2490,,https://www.supermart.ng/products/auntie-b-spaghetti-slim-500-g,ok,,,,
Fri Sep 25 2026 00:00:00 GMT+0100 (West Africa Time),2026-09-25T06:27:53+01:00,NG,LA,city_online,food,supermart,A,oats,Aveeno Stress Relief Foaming Bath With Oatmeal 295 ml,295ml,l,2765,,,https://www.supermart.ng/products/aveeno-stress-relief-foaming-bath-with-oatmeal-295-ml,ok_no_unit,,,,
Fri Sep 25 2026 00:00:00 GMT+0100 (West Africa Time),2026-09-25T06:27:53+01:00,NG,LA,city_online,food,supermart,A,milk_powder,Avent Milk Powder Dispenser Bowl 6 Months+,,,1700,,,https://www.supermart.ng/products/avent-milk-powder-dispenser-bowl-6-months,ok_no_unit,,,,
Fri Sep 25 2026 00:00:00 GMT+0100 (West Africa Time),2026-09-25T06:27:53+01:00,NG,LA,city_online,food,supermart,A,sanitary_pad,Aya Comfy Sanitary Pads Extra Thin Medium 320 mm x10,10,piece,1930,193,,https://www.supermart.ng/products/aya-comfy-sanitary-pads-extra-thin-medium-320-mm-x10,ok,,,,
Fri Sep 25 2026 00:00:00 GMT+0100 (West Africa Time),2026-09-25T06:27:53+01:00,NG,LA,city_online,food,supermart,A,sanitary_pad,Aya Comfy Sanitary Pads No Double Ups Large 400 mm x7,7,piece,1990,284.29,,https://www.supermart.ng/products/aya-comfy-sanitary-pads-no-double-ups-large-400-mm-x7,ok,,,,
Fri Sep 25 2026 00:00:00 GMT+0100 (West Africa Time),2026-09-25T06:27:53+01:00,NG,LA,city_online,food,supermart,A,beans_brown,Ayoola Foods Beans Flour 900 g,0.9,kg,11990,13322.22,,https://www.supermart.ng/products/ayoola-foods-beans-flour-900-g,ok,,,,
Fri Sep 25 2026 00:00:00 GMT+0100 (West Africa Time),2026-09-25T06:27:53+01:00,NG,LA,city_online,food,supermart,A,beans_brown,Ayoola Foods Brown Beans 1.8 kg,1.8,kg,2045,1136.11,,https://www.supermart.ng/products/ayoola-foods-brown-beans-18-kg,ok,,,,
Fri Sep 25 2026 00:00:00 GMT+0100 (West Africa Time),2026-09-25T06:27:53+01:00,NG,LA,city_online,food,supermart,A,beans_brown,Ayoola Foods Brown Beans 900 g,0.9,kg,1050,1166.67,,https://www.supermart.ng/products/ayoola-foods-brown-beans-900-g,ok,,,,
Fri Sep 25 2026 00:00:00 GMT+0100 (West Africa Time),2026-09-25T06:27:53+01:00,NG,LA,city_online,food,supermart,A,poundo_yam,Ayoola Foods Poundo Yam Flour 1.8 kg,1.8,kg,8315,4619.44,,https://www.supermart.ng/products/ayoola-foods-poundo-yam-flour-18-kg,ok,,,,
Fri Sep 25 2026 00:00:00 GMT+0100 (West Africa Time),2026-09-25T06:27:53+01:00,NG,LA,city_online,food,supermart,A,poundo_yam,Ayoola Foods Poundo Yam Flour 4.5 kg,4.5,kg,20965,4658.89,,https://www.supermart.ng/products/ayoola-foods-poundo-yam-flour-45-kg,ok,,,,
Fri Sep 25 2026 00:00:00 GMT+0100 (West Africa Time),2026-09-25T06:27:53+01:00,NG,LA,city_online,food,supermart,A,poundo_yam,Ayoola Foods Poundo Yam Flour 900 g,0.9,kg,4210,4677.78,,https://www.supermart.ng/products/ayoola-foods-poundo-yam-flour-900-g,ok,,,,
Fri Sep 25 2026 00:00:00 GMT+0100 (West Africa Time),2026-09-25T06:27:53+01:00,NG,LA,city_online,food,supermart,A,rice,Ayoola Foods Rice Flour 1.8 kg,1.8,kg,7045,3913.89,,https://www.supermart.ng/products/ayoola-foods-rice-flour-18-kg,ok,,,,
Fri Sep 25 2026 00:00:00 GMT+0100 (West Africa Time),2026-09-25T06:27:53+01:00,NG,LA,city_online,food,supermart,A,rice,Ayoola Foods Rice Flour 900 g,0.9,kg,3525,3916.67,,https://www.supermart.ng/products/ayoola-foods-rice-flour-900-g,ok,,,,
Fri Sep 25 2026 00:00:00 GMT+0100 (West Africa Time),2026-09-25T06:27:53+01:00,NG,LA,city_online,food,supermart,A,poundo_yam,Ayoola Foods Yam Flour 1.8 kg (Elubo),1.8,kg,2140,1188.89,,https://www.supermart.ng/products/ayoola-foods-yam-flour-18-kg-elubo,ok,,,,
Fri Sep 25 2026 00:00:00 GMT+0100 (West Africa Time),2026-09-25T06:27:53+01:00,NG,LA,city_online,food,supermart,A,poundo_yam,Ayoola Foods Yam Flour 900 g (Elubo),0.9,kg,990,1100,,https://www.supermart.ng/products/ayoola-foods-yam-flour-900-g-elubo,ok,,,,
Fri Sep 25 2026 00:00:00 GMT+0100 (West Africa Time),2026-09-25T06:27:53+01:00,NG,LA,city_online,food,supermart,A,bread,B & G Bread & Butter With Whole Spices Chips 473 ml,473ml,l,1790,,,https://www.supermart.ng/products/b-g-bread-butter-with-whole-spices-chips-473-ml,ok_no_unit,,,,
Fri Sep 25 2026 00:00:00 GMT+0100 (West Africa Time),2026-09-25T06:27:53+01:00,NG,LA,city_online,food,supermart,A,soap_bar,B29 Bar Soap 150 g,150g,kg,150,,,https://www.supermart.ng/products/b29-bar-soap-150-g,ok_no_unit,,,,
Fri Sep 25 2026 00:00:00 GMT+0100 (West Africa Time),2026-09-25T06:27:53+01:00,NG,LA,city_online,food,supermart,A,diapers,Baby Cici Soft & Gentle Diapers Size 2 Mini 3-6 kg x10,6kg x10,kg,645,,,https://www.supermart.ng/products/baby-cici-soft-gentle-diapers-size-2-mini-3-6-kg-x10,ok_no_unit,,,,
Fri Sep 25 2026 00:00:00 GMT+0100 (West Africa Time),2026-09-25T06:27:53+01:00,NG,LA,city_online,food,supermart,A,diapers,Baby Cici Soft & Gentle Diapers Size 2 Mini 3-6 kg x50,6kg x50,kg,3045,,,https://www.supermart.ng/products/baby-cici-soft-gentle-diapers-size-2-mini-3-6-kg-x50,ok_no_unit,,,,
Fri Sep 25 2026 00:00:00 GMT+0100 (West Africa Time),2026-09-25T06:27:53+01:00,NG,LA,city_online,food,supermart,A,diapers,Baby Cici Soft & Gentle Diapers Size 3 Midi 4-9 kg x46,9kg x46,kg,3045,,,https://www.supermart.ng/products/baby-cici-soft-gentle-diapers-size-3-midi-4-9-kg-x46,ok_no_unit,,,,
Fri Sep 25 2026 00:00:00 GMT+0100 (West Africa Time),2026-09-25T06:27:53+01:00,NG,LA,city_online,food,supermart,A,diapers,Baby Cici Soft & Gentle Diapers Size 3 Midi 4-9 kg x9,9kg x9,kg,645,,,https://www.supermart.ng/products/baby-cici-soft-gentle-diapers-size-3-midi-4-9-kg-x9,ok_no_unit,,,,
Fri Sep 25 2026 00:00:00 GMT+0100 (West Africa Time),2026-09-25T06:27:53+01:00,NG,LA,city_online,food,supermart,A,diapers,Baby Cici Soft & Gentle Diapers Size 4 Maxi 7-18 kg x42,18kg x42,kg,3045,,,https://www.supermart.ng/products/baby-cici-soft-gentle-diapers-size-4-maxi-7-18-kg-x42,ok_no_unit,,,,
Fri Sep 25 2026 00:00:00 GMT+0100 (West Africa Time),2026-09-25T06:27:53+01:00,NG,LA,city_online,food,supermart,A,diapers,Baby Cici Soft & Gentle Diapers Size 4 Maxi 7-18 kg x8,18kg x8,kg,645,,,https://www.supermart.ng/products/baby-cici-soft-gentle-diapers-size-4-maxi-7-18-kg-x8,ok_no_unit,,,,
Fri Sep 25 2026 00:00:00 GMT+0100 (West Africa Time),2026-09-25T06:27:53+01:00,NG,LA,city_online,food,supermart,A,rice,Badia Fried Rice Seasoning 170.1 g,0.1701,kg,6790,39917.7,,https://www.supermart.ng/products/badia-fried-rice-seasoning-170-1-g,ok,,,,
Fri Sep 25 2026 00:00:00 GMT+0100 (West Africa Time),2026-09-25T06:27:53+01:00,NG,LA,city_online,food,supermart,A,rice,Badia Jollof Rice Seasoning 163 g,0.163,kg,7065,43343.56,,https://www.supermart.ng/products/badia-jollof-rice-seasoning-163-g,ok,,,,
Fri Sep 25 2026 00:00:00 GMT+0100 (West Africa Time),2026-09-25T06:27:53+01:00,NG,LA,city_online,food,supermart,A,rice,Badshah Superior Aged Basmati Rice 5 kg,5,kg,123555,24711,,https://www.supermart.ng/products/badshah-superior-aged-basmati-rice-5-kg,ok,,,,
Fri Sep 25 2026 00:00:00 GMT+0100 (West Africa Time),2026-09-25T06:27:53+01:00,NG,LA,city_online,food,supermart,A,salt,Bake Rolz Wheat Snacks Salt 31 g,0.031,kg,65,2096.77,,https://www.supermart.ng/products/bake-rolz-wheat-snacks-salt-31-g,ok,,,,
Fri Sep 25 2026 00:00:00 GMT+0100 (West Africa Time),2026-09-25T06:27:53+01:00,NG,LA,city_online,food,supermart,A,bread,Bakemate Cookies Shortbread 150 g,150g,kg,950,,,https://www.supermart.ng/products/bakemate-cookies-shortbread-150-g,ok_no_unit,,,,
Fri Sep 25 2026 00:00:00 GMT+0100 (West Africa Time),2026-09-25T06:27:53+01:00,NG,LA,city_online,food,supermart,A,rice,Baker's Choice Ground Rice 1 kg,1,kg,1170,1170,,https://www.supermart.ng/products/bakers-choice-ground-rice-1-kg,ok,,,,
Fri Sep 25 2026 00:00:00 GMT+0100 (West Africa Time),2026-09-25T06:27:53+01:00,NG,LA,city_online,food,supermart,A,sugar,BakerDream Instant Dry Yeast Low Sugar 500 g,0.5,kg,365,730,,https://www.supermart.ng/products/bakerdream-instant-dry-yeast-low-sugar-500-g,ok,,,,
Fri Sep 25 2026 00:00:00 GMT+0100 (West Africa Time),2026-09-25T06:27:53+01:00,NG,LA,city_online,food,supermart,A,sugar,BakerDream Instant Dry Yeast Sugar Tolerant 500 g,0.5,kg,930,1860,,https://www.supermart.ng/products/bakerdream-instant-dry-yeast-sugar-tolerant-500-g,ok,,,,
Fri Sep 25 2026 00:00:00 GMT+0100 (West Africa Time),2026-09-25T06:27:53+01:00,NG,LA,city_online,food,supermart,A,sugar,Bakers Choice Soft Brown Sugar 500 g,0.5,kg,525,1050,,https://www.supermart.ng/products/bakers-choice-soft-brown-sugar-500-g,ok,,,,
Fri Sep 25 2026 00:00:00 GMT+0100 (West Africa Time),2026-09-25T06:27:53+01:00,NG,LA,city_online,food,supermart,A,chicken_frozen,Bakers Complete Chicken & Country Vegetables 1.35 kg,1.35,kg,2720,2014.81,,https://www.supermart.ng/products/bakers-complete-chicken-country-vegetables-135-kg,ok,,,,
Fri Sep 25 2026 00:00:00 GMT+0100 (West Africa Time),2026-09-25T06:27:53+01:00,NG,LA,city_online,food,supermart,A,chicken_frozen,Bakers Complete Weight Control Chicken & Country Vegetables 1 kg,1,kg,365,365,,https://www.supermart.ng/products/bakers-complete-weight-control-chicken-country-vegetables-1-kg,ok,,,,
Fri Sep 25 2026 00:00:00 GMT+0100 (West Africa Time),2026-09-25T06:27:53+01:00,NG,LA,city_online,food,supermart,A,diapers,Balmex Diaper Rash Cream 113 g,113g,kg,4000,,,https://www.supermart.ng/products/balmex-diaper-rash-cream-113-g,ok_no_unit,,,,
Fri Sep 25 2026 00:00:00 GMT+0100 (West Africa Time),2026-09-25T06:27:53+01:00,NG,LA,city_online,food,supermart,A,detergent,Banjo Total Care Detergent Powder 180 g,0.18,kg,95,527.78,,https://www.supermart.ng/products/banjo-total-care-detergent-powder-180-g,ok,,,,
Fri Sep 25 2026 00:00:00 GMT+0100 (West Africa Time),2026-09-25T06:27:53+01:00,NG,LA,city_online,food,supermart,A,toilet_roll,Banrut Rolls Jumbo Luxury Toilet Tissue 2 Ply 1 Roll,1,piece,280,280,,https://www.supermart.ng/products/banrut-rolls-jumbo-luxury-toilet-tissue-2-ply-1-roll,ok,,,,
Fri Sep 25 2026 00:00:00 GMT+0100 (West Africa Time),2026-09-25T06:27:53+01:00,NG,LA,city_online,food,supermart,A,toilet_roll,Banrut Rolls Luxury Toilet Tissue 2 Ply 12 Rolls,1,piece,1320,1320,,https://www.supermart.ng/products/banrut-rolls-luxury-toilet-tissue-2-ply-12-rolls,ok,,,,
Fri Sep 25 2026 00:00:00 GMT+0100 (West Africa Time),2026-09-25T06:27:53+01:00,NG,LA,city_online,food,supermart,A,toilet_roll,Banrut Rolls Luxury Toilet Tissue 2 Ply 2 Rolls x6,6,piece,1140,190,,https://www.supermart.ng/products/banrut-rolls-luxury-toilet-tissue-2-ply-2-rolls-x6,ok,,,,
Fri Sep 25 2026 00:00:00 GMT+0100 (West Africa Time),2026-09-25T06:27:53+01:00,NG,LA,city_online,food,supermart,A,toilet_roll,Banrut Rolls Prince Luxury Toilet Tissue 2 Ply 1 Roll,1,piece,260,260,,https://www.supermart.ng/products/banrut-rolls-prince-luxury-toilet-tissue-2-ply-1-roll,ok,,,,
Fri Sep 25 2026 00:00:00 GMT+0100 (West Africa Time),2026-09-25T06:27:53+01:00,NG,LA,city_online,food,supermart,A,toilet_roll,Banrut Rolls Prince Luxury Toilet Tissue 2 Ply 12 Rolls,1,piece,4450,4450,,https://www.supermart.ng/products/banrut-rolls-prince-luxury-toilet-tissue-2-ply-12-rolls,ok,,,,
Fri Sep 25 2026 00:00:00 GMT+0100 (West Africa Time),2026-09-25T06:27:53+01:00,NG,LA,city_online,food,supermart,A,toilet_roll,Banrut Rolls Prince Luxury Toilet Tissue 2 Ply 2 Rolls,1,piece,650,650,,https://www.supermart.ng/products/banrut-rolls-prince-luxury-toilet-tissue-2-ply-2-rolls,ok,,,,
Fri Sep 25 2026 00:00:00 GMT+0100 (West Africa Time),2026-09-25T06:27:53+01:00,NG,LA,city_online,food,supermart,A,toilet_roll,Banrut Rolls Prince Luxury Toilet Tissue 2 Ply 2 Rolls x6,6,piece,1140,190,,https://www.supermart.ng/products/banrut-rolls-prince-luxury-toilet-tissue-2-ply-2-rolls-x6,ok,,,,
Fri Sep 25 2026 00:00:00 GMT+0100 (West Africa Time),2026-09-25T06:27:53+01:00,NG,LA,city_online,food,supermart,A,toilet_roll,Banrut Rolls Prince Luxury Toilet Tissue 2 Ply 4 Rolls,1,piece,375,375,,https://www.supermart.ng/products/banrut-rolls-prince-luxury-toilet-tissue-2-ply-4-rolls,ok,,,,
Fri Sep 25 2026 00:00:00 GMT+0100 (West Africa Time),2026-09-25T06:27:53+01:00,NG,LA,city_online,food,supermart,A,toilet_roll,Banrut Rolls Prince Luxury Toilet Tissue 2 Ply 6 Rolls,1,piece,560,560,,https://www.supermart.ng/products/banrut-rolls-prince-luxury-toilet-tissue-2-ply-6-rolls,ok,,,,
Fri Sep 25 2026 00:00:00 GMT+0100 (West Africa Time),2026-09-25T06:27:53+01:00,NG,LA,city_online,food,supermart,A,toilet_roll,Banrut Rolls Soft & Tender Toilet Tissue 2 Ply 1 Roll,1,piece,140,140,,https://www.supermart.ng/products/banrut-rolls-soft-tender-toilet-tissue-2-ply-1-roll,ok,,,,
Fri Sep 25 2026 00:00:00 GMT+0100 (West Africa Time),2026-09-25T06:27:53+01:00,NG,LA,city_online,food,supermart,A,toilet_roll,Banrut Rolls Vicki Soft & Tender Toilet Tissue 2 Ply 2 Rolls,1,piece,145,145,,https://www.supermart.ng/products/banrut-rolls-vicki-soft-tender-toilet-tissue-2-ply-2-rolls,ok,,,,
Fri Sep 25 2026 00:00:00 GMT+0100 (West Africa Time),2026-09-25T06:27:53+01:00,NG,LA,city_online,food,supermart,A,noodles,Bare Naked Noodles Original 380 g,380g,kg,15625,,,https://www.supermart.ng/products/bare-naked-noodles-original-380-g,ok_no_unit,,,,
Fri Sep 25 2026 00:00:00 GMT+0100 (West Africa Time),2026-09-25T06:27:53+01:00,NG,LA,city_online,food,supermart,A,spaghetti,Barilla Protein Plus Spaghetti 411 g,0.411,kg,365,888.08,,https://www.supermart.ng/products/barilla-protein-plus-spaghetti-411-g,ok,,,,
Fri Sep 25 2026 00:00:00 GMT+0100 (West Africa Time),2026-09-25T06:27:53+01:00,NG,LA,city_online,food,supermart,A,spaghetti,Barilla Spaghetti 500 g,0.5,kg,1245,2490,,https://www.supermart.ng/products/barilla-spaghetti-500-g,ok,,,,
Fri Sep 25 2026 00:00:00 GMT+0100 (West Africa Time),2026-09-25T06:27:53+01:00,NG,LA,city_online,food,supermart,A,spaghetti,Barilla Spaghetti n.5 500 g,0.5,kg,3995,7990,,https://www.supermart.ng/products/barilla-spaghetti-n5-500-g,ok,,,,
Fri Sep 25 2026 00:00:00 GMT+0100 (West Africa Time),2026-09-25T06:27:53+01:00,NG,LA,city_online,food,supermart,A,spaghetti,Barilla Thin Spaghetti 454 g,0.454,kg,780,1718.06,,https://www.supermart.ng/products/barilla-thin-spaghetti-454-g,ok,,,,
Fri Sep 25 2026 00:00:00 GMT+0100 (West Africa Time),2026-09-25T06:27:53+01:00,NG,LA,city_online,food,supermart,A,rice,Bassetts Liquorice All Sorts 190 g,0.19,kg,850,4473.68,,https://www.supermart.ng/products/bassetts-liquorice-all-sorts-190-g,ok,,,,
Fri Sep 25 2026 00:00:00 GMT+0100 (West Africa Time),2026-09-25T06:27:53+01:00,NG,LA,city_online,food,supermart,A,noodles,Batchelors Big Super Noodles BBQ Beef Flavoured 100 g,100g,kg,8540,,,https://www.supermart.ng/products/batchelors-big-super-noodles-bbq-beef-flavoured-100-g,ok_no_unit,,,,
Fri Sep 25 2026 00:00:00 GMT+0100 (West Africa Time),2026-09-25T06:27:53+01:00,NG,LA,city_online,food,supermart,A,noodles,Batchelors Big Super Noodles Chicken Flavoured 100 g,100g,kg,8540,,,https://www.supermart.ng/products/batchelors-big-super-noodles-chicken-flavoured-100-g,ok_no_unit,,,,
Fri Sep 25 2026 00:00:00 GMT+0100 (West Africa Time),2026-09-25T06:27:53+01:00,NG,LA,city_online,food,supermart,A,chicken_frozen,Batchelors Cream Of Chicken Condensed Soup 295 g,0.295,kg,575,1949.15,,https://www.supermart.ng/products/batchelors-cream-of-chicken-condensed-soup-295-g,ok,,,,
Fri Sep 25 2026 00:00:00 GMT+0100 (West Africa Time),2026-09-25T06:27:53+01:00,NG,LA,city_online,food,supermart,A,chicken_frozen,Batchelors Cup A Soup 2x Chicken 2x Tomato 82 g,0.082,kg,930,11341.46,,https://www.supermart.ng/products/batchelors-cup-a-soup-2x-chicken-2x-tomato-82-g,ok,,,,
Fri Sep 25 2026 00:00:00 GMT+0100 (West Africa Time),2026-09-25T06:27:53+01:00,NG,LA,city_online,food,supermart,A,chicken_frozen,Batchelors Cup A Soup Chicken & Leek 104 g,0.104,kg,4500,43269.23,,https://www.supermart.ng/products/batchelors-cup-a-soup-chicken-leek-104-g,ok,,,,
Fri Sep 25 2026 00:00:00 GMT+0100 (West Africa Time),2026-09-25T06:27:53+01:00,NG,LA,city_online,food,supermart,A,chicken_frozen,Batchelors Cup A Soup Chicken & Leek 86 g,0.086,kg,1440,16744.19,,https://www.supermart.ng/products/batchelors-cup-a-soup-chicken-leek-86-g,ok,,,,
Fri Sep 25 2026 00:00:00 GMT+0100 (West Africa Time),2026-09-25T06:27:53+01:00,NG,LA,city_online,food,supermart,A,chicken_frozen,Batchelors Cup A Soup Chicken & Vegetable 104 g,0.104,kg,4500,43269.23,,https://www.supermart.ng/products/batchelors-cup-a-soup-chicken-vegetable-104-g,ok,,,,
Fri Sep 25 2026 00:00:00 GMT+0100 (West Africa Time),2026-09-25T06:27:53+01:00,NG,LA,city_online,food,supermart,A,chicken_frozen,Batchelors Cup A Soup Chicken & Vegetable Croutons 4 Pack 110 g,0.44,kg,9970,22659.09,,https://www.supermart.ng/products/batchelors-cup-a-soup-chicken-vegetable-croutons-4-pack-110-g,ok,,,,
Fri Sep 25 2026 00:00:00 GMT+0100 (West Africa Time),2026-09-25T06:27:53+01:00,NG,LA,city_online,food,supermart,A,chicken_frozen,Batchelors Cup A Soup Chicken 4 Pack 81 g,0.324,kg,9470,29228.4,,https://www.supermart.ng/products/batchelors-cup-a-soup-chicken-4-pack-81-g,ok,,,,
Fri Sep 25 2026 00:00:00 GMT+0100 (West Africa Time),2026-09-25T06:27:53+01:00,NG,LA,city_online,food,supermart,A,chicken_frozen,Batchelors Cup A Soup Chicken 81 g,0.081,kg,4500,55555.56,,https://www.supermart.ng/products/batchelors-cup-a-soup-chicken-81-g,ok,,,,
Fri Sep 25 2026 00:00:00 GMT+0100 (West Africa Time),2026-09-25T06:27:53+01:00,NG,LA,city_online,food,supermart,A,chicken_frozen,Batchelors Cup A Soup Chicken 82 g,0.082,kg,365,4451.22,,https://www.supermart.ng/products/batchelors-cup-a-soup-chicken-82-g,ok,,,,
Fri Sep 25 2026 00:00:00 GMT+0100 (West Africa Time),2026-09-25T06:27:53+01:00,NG,LA,city_online,food,supermart,A,noodles,Batchelors Cup A Soup Chicken Noodle 4 Pack 94 g,94g x4,kg,9695,,,https://www.supermart.ng/products/batchelors-cup-a-soup-chicken-noodle-4-pack-94-g,ok_no_unit,,,,
Fri Sep 25 2026 00:00:00 GMT+0100 (West Africa Time),2026-09-25T06:27:53+01:00,NG,LA,city_online,food,supermart,A,noodles,Batchelors Cup A Soup Chicken Noodle 98 g,98g,kg,1440,,,https://www.supermart.ng/products/batchelors-cup-a-soup-chicken-noodle-98-g,ok_no_unit,,,,
Fri Sep 25 2026 00:00:00 GMT+0100 (West Africa Time),2026-09-25T06:27:53+01:00,NG,LA,city_online,food,supermart,A,chicken_frozen,Batchelors Cup A Soup Sweet Chilli Chicken 4 Pack 92 g,0.368,kg,9660,26250,,https://www.supermart.ng/products/batchelors-cup-a-soup-sweet-chilli-chicken-4-pack-92-g,ok,,,,
Fri Sep 25 2026 00:00:00 GMT+0100 (West Africa Time),2026-09-25T06:27:53+01:00,NG,LA,city_online,food,supermart,A,onions,Batchelors Pasta 'N' Sauce Caramelised Onion & Smoky Bacon 99 g,0.099,kg,9920,100202.02,,https://www.supermart.ng/products/batchelors-pasta-n-sauce-caramelised-onion-smoky-bacon-99-g,ok,,,,
Fri Sep 25 2026 00:00:00 GMT+0100 (West Africa Time),2026-09-25T06:27:53+01:00,NG,LA,city_online,food,supermart,A,chicken_frozen,Batchelors Pasta 'N' Sauce Chicken & Mushroom 65 g,0.065,kg,7935,122076.92,,https://www.supermart.ng/products/batchelors-pasta-n-sauce-chicken-mushroom-65-g,ok,,,,
Fri Sep 25 2026 00:00:00 GMT+0100 (West Africa Time),2026-09-25T06:27:53+01:00,NG,LA,city_online,food,supermart,A,chicken_frozen,Batchelors Pasta 'N' Sauce Chicken & Mushroom Quick Cook 99 g,0.099,kg,8525,86111.11,,https://www.supermart.ng/products/batchelors-pasta-n-sauce-chicken-mushroom-quick-cook-99-g,ok,,,,
Fri Sep 25 2026 00:00:00 GMT+0100 (West Africa Time),2026-09-25T06:27:53+01:00,NG,LA,city_online,food,supermart,A,onions,Batchelors Pasta 'N' Sauce Tomato Onion & Herb 99 g,0.099,kg,8525,86111.11,,https://www.supermart.ng/products/batchelors-pasta-n-sauce-tomato-onion-herb-99-g,ok,,,,
Fri Sep 25 2026 00:00:00 GMT+0100 (West Africa Time),2026-09-25T06:27:53+01:00,NG,LA,city_online,food,supermart,A,chicken_frozen,Batchelors Pasta N Sauce Chicken & Mushroom 122 g,0.122,kg,1150,9426.23,,https://www.supermart.ng/products/batchelors-pasta-n-sauce-chicken-mushroom-122-g,ok,,,,
Fri Sep 25 2026 00:00:00 GMT+0100 (West Africa Time),2026-09-25T06:27:53+01:00,NG,LA,city_online,food,supermart,A,chicken_frozen,Batchelors Pasta N Sauce Chicken & Mushroom 99 g,0.099,kg,3010,30404.04,,https://www.supermart.ng/products/batchelors-pasta-n-sauce-chicken-mushroom-99-g,ok,,,,
Fri Sep 25 2026 00:00:00 GMT+0100 (West Africa Time),2026-09-25T06:27:53+01:00,NG,LA,city_online,food,supermart,A,beans_brown,Batchelors Red Kidney Beans In Water 400 g,0.4,kg,450,1125,,https://www.supermart.ng/products/batchelors-red-kidney-beans-in-water-400-g,ok,,,,
Fri Sep 25 2026 00:00:00 GMT+0100 (West Africa Time),2026-09-25T06:27:53+01:00,NG,LA,city_online,food,supermart,A,noodles,Batchelors Super Noodle Pots Chicken 75 g,75g,kg,8110,,,https://www.supermart.ng/products/batchelors-super-noodle-pots-chicken-75-g,ok_no_unit,,,,
Fri Sep 25 2026 00:00:00 GMT+0100 (West Africa Time),2026-09-25T06:27:53+01:00,NG,LA,city_online,food,supermart,A,noodles,Batchelors Super Noodles Air Dried Low Fat Chicken Instant Noodles 80 g,80g,kg,8195,,,https://www.supermart.ng/products/batchelors-super-noodles-air-dried-low-fat-chicken-instant-noodles-80-g,ok_no_unit,,,,
Fri Sep 25 2026 00:00:00 GMT+0100 (West Africa Time),2026-09-25T06:27:53+01:00,NG,LA,city_online,food,supermart,A,noodles,Batchelors Super Noodles Air Dried Low Fat Curry Instant Noodles 81 g,81g,kg,8210,,,https://www.supermart.ng/products/batchelors-super-noodles-air-dried-low-fat-curry-instant-noodles-81-g,ok_no_unit,,,,
Fri Sep 25 2026 00:00:00 GMT+0100 (West Africa Time),2026-09-25T06:27:53+01:00,NG,LA,city_online,food,supermart,A,noodles,Batchelors Super Noodles Bacon 90 g,90g,kg,8370,,,https://www.supermart.ng/products/batchelors-super-noodles-bacon-90-g,ok_no_unit,,,,
Fri Sep 25 2026 00:00:00 GMT+0100 (West Africa Time),2026-09-25T06:27:53+01:00,NG,LA,city_online,food,supermart,A,noodles,Batchelors Super Noodles BBQ Beef 90 g,90g,kg,8370,,,https://www.supermart.ng/products/batchelors-super-noodles-bbq-beef-90-g,ok_no_unit,,,,
Fri Sep 25 2026 00:00:00 GMT+0100 (West Africa Time),2026-09-25T06:27:53+01:00,NG,LA,city_online,food,supermart,A,noodles,Batchelors Super Noodles Chicken 4 Pack 360 g,360g x4,kg,20165,,,https://www.supermart.ng/products/batchelors-super-noodles-chicken-4-pack-360-g,ok_no_unit,,,,
Fri Sep 25 2026 00:00:00 GMT+0100 (West Africa Time),2026-09-25T06:27:53+01:00,NG,LA,city_online,food,supermart,A,noodles,Batchelors Super Noodles Chicken 90 g,90g,kg,8370,,,https://www.supermart.ng/products/batchelors-super-noodles-chicken-90-g,ok_no_unit,,,,
Fri Sep 25 2026 00:00:00 GMT+0100 (West Africa Time),2026-09-25T06:27:53+01:00,NG,LA,city_online,food,supermart,A,noodles,Batchelors Super Noodles Mild Curry 90 g,90g,kg,8370,,,https://www.supermart.ng/products/batchelors-super-noodles-mild-curry-90-g,ok_no_unit,,,,
Fri Sep 25 2026 00:00:00 GMT+0100 (West Africa Time),2026-09-25T06:27:53+01:00,NG,LA,city_online,food,supermart,A,rice,Batchelors Super Rice Beef 90 g,0.09,kg,7810,86777.78,,https://www.supermart.ng/products/batchelors-super-rice-beef-90-g,ok,,,,
Fri Sep 25 2026 00:00:00 GMT+0100 (West Africa Time),2026-09-25T06:27:53+01:00,NG,LA,city_online,food,supermart,A,rice,Batchelors Super Rice Golden Quick Cook 90 g,0.09,kg,7810,86777.78,,https://www.supermart.ng/products/batchelors-super-rice-golden-quick-cook-90-g,ok,,,,
Fri Sep 25 2026 00:00:00 GMT+0100 (West Africa Time),2026-09-25T06:27:53+01:00,NG,LA,city_online,food,supermart,A,chicken_frozen,Baxters Favourites Chicken Broth Soup 400 g,0.4,kg,15970,39925,,https://www.supermart.ng/products/baxters-favourites-chicken-broth-soup-400-g,ok,,,,
Fri Sep 25 2026 00:00:00 GMT+0100 (West Africa Time),2026-09-25T06:27:53+01:00,NG,LA,city_online,food,supermart,A,onions,Baxters Favourites French Onion Soup 400 g,0.4,kg,15970,39925,,https://www.supermart.ng/products/baxters-favourites-french-onion-soup-400-g,ok,,,,
Fri Sep 25 2026 00:00:00 GMT+0100 (West Africa Time),2026-09-25T06:27:53+01:00,NG,LA,city_online,food,supermart,A,beans_brown,Bayara Black Eye Beans 1 kg,1,kg,3320,3320,,https://www.supermart.ng/products/bayara-black-eye-beans-1-kg,ok,,,,
Fri Sep 25 2026 00:00:00 GMT+0100 (West Africa Time),2026-09-25T06:27:53+01:00,NG,LA,city_online,food,supermart,A,beans_brown,Bayara Black Eye Beans 400 g,0.4,kg,870,2175,,https://www.supermart.ng/products/bayara-black-eye-beans-400-g,ok,,,,
Fri Sep 25 2026 00:00:00 GMT+0100 (West Africa Time),2026-09-25T06:27:53+01:00,NG,LA,city_online,food,supermart,A,beans_brown,Bayara Lima Beans 1 kg,1,kg,6710,6710,,https://www.supermart.ng/products/bayara-lima-beans-1-kg,ok,,,,
Fri Sep 25 2026 00:00:00 GMT+0100 (West Africa Time),2026-09-25T06:27:53+01:00,NG,LA,city_online,food,supermart,A,beans_brown,Bayara Red Kidney Beans 1 kg,1,kg,4050,4050,,https://www.supermart.ng/products/bayara-red-kidney-beans-1-kg,ok,,,,
Fri Sep 25 2026 00:00:00 GMT+0100 (West Africa Time),2026-09-25T06:27:53+01:00,NG,LA,city_online,food,supermart,A,beans_brown,Bayara Red Kidney Beans 400 g,0.4,kg,2040,5100,,https://www.supermart.ng/products/bayara-red-kidney-beans-400-g,ok,,,,
Fri Sep 25 2026 00:00:00 GMT+0100 (West Africa Time),2026-09-25T06:27:53+01:00,NG,LA,city_online,food,supermart,A,rice,Bayara Rice Flakes 1 kg,1,kg,1815,1815,,https://www.supermart.ng/products/bayara-rice-flakes-1-kg,ok,,,,
Fri Sep 25 2026 00:00:00 GMT+0100 (West Africa Time),2026-09-25T06:27:53+01:00,NG,LA,city_online,food,supermart,A,rice,Bayara Rice Powder 400 g,0.4,kg,540,1350,,https://www.supermart.ng/products/bayara-rice-powder-400-g,ok,,,,
Fri Sep 25 2026 00:00:00 GMT+0100 (West Africa Time),2026-09-25T06:27:53+01:00,NG,LA,city_online,food,supermart,A,beans_brown,Bayara Victor Beans 1 kg,1,kg,2765,2765,,https://www.supermart.ng/products/bayara-victor-beans-1-kg,ok,,,,
Fri Sep 25 2026 00:00:00 GMT+0100 (West Africa Time),2026-09-25T06:27:53+01:00,NG,LA,city_online,food,supermart,A,beans_brown,Bayara White Beans 400 g,0.4,kg,1220,3050,,https://www.supermart.ng/products/bayara-white-beans-400-g,ok,,,,
Fri Sep 25 2026 00:00:00 GMT+0100 (West Africa Time),2026-09-25T06:27:53+01:00,NG,LA,city_online,food,supermart,A,fish_frozen,Beach Cliff Sardines In Louisiana Hot Sauce 106 g,0.106,kg,4400,41509.43,,https://www.supermart.ng/products/beach-cliff-sardines-in-louisiana-hot-sauce-106-g,ok,,,,
Fri Sep 25 2026 00:00:00 GMT+0100 (West Africa Time),2026-09-25T06:27:53+01:00,NG,LA,city_online,food,supermart,A,fish_frozen,Beach Cliff Sardines In Mustard Sauce 106 g,0.106,kg,4400,41509.43,,https://www.supermart.ng/products/beach-cliff-sardines-in-mustard-sauce-106-g,ok,,,,
Fri Sep 25 2026 00:00:00 GMT+0100 (West Africa Time),2026-09-25T06:27:53+01:00,NG,LA,city_online,food,supermart,A,fish_frozen,Beach Cliff Sardines In Soybean Oil 106 g,0.106,kg,4400,41509.43,,https://www.supermart.ng/products/beach-cliff-sardines-in-soybean-oil-106-g,ok,,,,
Fri Sep 25 2026 00:00:00 GMT+0100 (West Africa Time),2026-09-25T06:27:53+01:00,NG,LA,city_online,food,supermart,A,fish_frozen,Beach Cliff Sardines In Water 106 g,0.106,kg,4400,41509.43,,https://www.supermart.ng/products/beach-cliff-sardines-in-water-106-g,ok,,,,
Fri Sep 25 2026 00:00:00 GMT+0100 (West Africa Time),2026-09-25T06:27:53+01:00,NG,LA,city_online,food,supermart,A,beans_brown,Beans - Olotu (Paint Bucket),,,8000,,,https://www.supermart.ng/products/beans-olotu-4-l,ok_no_unit,,,,
Fri Sep 25 2026 00:00:00 GMT+0100 (West Africa Time),2026-09-25T06:27:53+01:00,NG,LA,city_online,food,supermart,A,beans_brown,Beans - Oloyin (Paint Bucket),,,9250,,,https://www.supermart.ng/products/beans-oloyin-4-l,ok_no_unit,,,,
Fri Sep 25 2026 00:00:00 GMT+0100 (West Africa Time),2026-09-25T06:27:53+01:00,NG,LA,city_online,food,supermart,A,beans_brown,Beans - White (Paint Bucket),,,8700,,,https://www.supermart.ng/products/beans-white-4-l,ok_no_unit,,,,
Fri Sep 25 2026 00:00:00 GMT+0100 (West Africa Time),2026-09-25T06:27:53+01:00,NG,LA,city_online,food,supermart,A,beans_brown,Beans Olotu ~2L,2l,l,3600,,,https://www.supermart.ng/products/beans-olotu-50-kg,ok_no_unit,,,,
Fri Sep 25 2026 00:00:00 GMT+0100 (West Africa Time),2026-09-25T06:27:53+01:00,NG,LA,city_online,food,supermart,A,beans_brown,Beans Oloyin ~50 kg,50,kg,365,7.3,,https://www.supermart.ng/products/beans-oloyin-50-kg,ok,,,,
Fri Sep 25 2026 00:00:00 GMT+0100 (West Africa Time),2026-09-25T06:27:53+01:00,NG,,national,fx,exchangerate-api,B,usd_ngn_official,USD/NGN official market rate,1,USD,1327.93,1327.93,,https://open.er-api.com/v6/latest/USD,ok,,official,published_rate,
Fri Sep 25 2026 00:00:00 GMT+0100 (West Africa Time),2026-09-25T06:27:53+01:00,NG,,national,fx,luno,A,usd_ngn_usdt,USDT/NGN mid (bid 1372.55 / ask 1374),1,USD,1373.27,1373.27,,https://api.luno.com/api/1/ticker?pair=USDTNGN,ok,,licensed_exchange,live_market,
Fri Sep 25 2026 00:00:00 GMT+0100 (West Africa Time),2026-09-25T06:27:53+01:00,NG,,national,official,nbs,B,nbs_inflation_headline,"All-items inflation, year-on-year — reference period Aug-2026",1,%,15.39,15.39,,https://nigerianstat.gov.ng/,ok,,official,published_statistic,
Fri Sep 25 2026 00:00:00 GMT+0100 (West Africa Time),2026-09-25T06:27:53+01:00,NG,,national,official,nbs,B,nbs_inflation_core,"Core inflation, year-on-year — reference period Aug-2026",1,%,13.29,13.29,,https://nigerianstat.gov.ng/,ok,,official,published_statistic,
Fri Sep 25 2026 00:00:00 GMT+0100 (West Africa Time),2026-09-25T06:27:53+01:00,NG,,national,official,nbs,B,nbs_inflation_food,"Food inflation, year-on-year — reference period Aug-2026",1,%,20.31,20.31,,https://nigerianstat.gov.ng/,ok,,official,published_statistic,
Fri Sep 25 2026 00:00:00 GMT+0100 (West Africa Time),2026-09-25T06:27:53+01:00,NG,,national,official,nbs,B,nbs_fuel_pms,PMS (petrol) national average retail price,1,litre,1596.25,1596.25,,https://nigerianstat.gov.ng/,ok,,official,published_statistic,
Fri Sep 25 2026 00:00:00 GMT+0100 (West Africa Time),2026-09-25T06:27:53+01:00,NG,,national,official,nbs,B,nbs_fuel_ago,AGO (diesel) national average retail price,1,litre,3277.47,3277.47,,https://nigerianstat.gov.ng/,ok,,official,published_statistic,
Fri Sep 25 2026 00:00:00 GMT+0100 (West Africa Time),2026-09-25T06:27:53+01:00,NG,,national,official,nbs,B,nbs_fuel_nhk,Household kerosene national average retail price,1,litre,2971.94,2971.94,,https://nigerianstat.gov.ng/,ok,,official,published_statistic,
Fri Sep 25 2026 00:00:00 GMT+0100 (West Africa Time),2026-09-25T06:27:53+01:00,NG,,national,official,nbs,B,nbs_fuel_lpg5kg,Cooking gas (LPG) 5kg refill national average,1,5kg,8706.93,8706.93,,https://nigerianstat.gov.ng/,ok,,official,published_statistic,
Fri Sep 25 2026 00:00:00 GMT+0100 (West Africa Time),2026-09-25T06:27:53+01:00,NG,,national_online,power,jumia,A,generator|miratec|nomodel|1kva|nov|notopo,"1000W All In One Solar Home Generator For Laptop, TV And Lights",1,kVA,158924,158924,,https://www.jumia.com.ng/1000w-all-in-one-solar-home-generator-for-laptop-tv-and-lights-miratec-mpg10048427.html,ok,"{""brand"":""miratec"",""model_line"":null,""rating"":1,""unit"":""kVA"",""voltage"":null,""topology"":null}",online_retail,asking_price,BR526GP6RY512NAFAMZ
Fri Sep 25 2026 00:00:00 GMT+0100 (West Africa Time),2026-09-25T06:27:53+01:00,NG,,national_online,power,jumia,A,inverter|generic|nomodel|2kva|12v|notopo,12v 2000w Solar Power Inverter,2,kVA,29000,14500,,https://www.jumia.com.ng/generic-12v-2000w-solar-power-inverter-401267051.html,ok,"{""brand"":""generic"",""model_line"":null,""rating"":2,""unit"":""kVA"",""voltage"":12,""topology"":null}",online_retail,asking_price,GE779GP6V4IUQNAFAMZ
Fri Sep 25 2026 00:00:00 GMT+0100 (West Africa Time),2026-09-25T06:27:53+01:00,NG,,national_online,power,jumia,A,inverter|generic|nomodel|2kva|nov|notopo,2000W Solar Power Inverter With Digital Display,2,kVA,45000,22500,,https://www.jumia.com.ng/generic-2000w-solar-power-inverter-with-digital-display-401267077.html,ok,"{""brand"":""generic"",""model_line"":null,""rating"":2,""unit"":""kVA"",""voltage"":null,""topology"":null}",online_retail,asking_price,GE779GP7W1ECYNAFAMZ
Fri Sep 25 2026 00:00:00 GMT+0100 (West Africa Time),2026-09-25T06:27:53+01:00,NG,,national_online,power,jumia,A,inverter|generic|nomodel|3kva|12v|notopo,3000 Watts Power Inverter 12V,3,kVA,53500,17833.33,,https://www.jumia.com.ng/generic-3000-watts-power-inverter-12v-418493673.html,ok,"{""brand"":""generic"",""model_line"":null,""rating"":3,""unit"":""kVA"",""voltage"":12,""topology"":null}",online_retail,asking_price,GE779GP78K4S9NAFAMZ
Fri Sep 25 2026 00:00:00 GMT+0100 (West Africa Time),2026-09-25T06:27:53+01:00,NG,,national_online,power,jumia,A,inverter|generic|nomodel|3kva|24v|pure_sine,3000watt Pure Sine Wave inverter 24v ,3,kVA,130000,43333.33,,https://www.jumia.com.ng/generic-3000watt-pure-sine-wave-inverter-24v-418203283.html,ok,"{""brand"":""generic"",""model_line"":null,""rating"":3,""unit"":""kVA"",""voltage"":24,""topology"":""pure_sine""}",online_retail,asking_price,GE779GP78WSNDNAFAMZ
Fri Sep 25 2026 00:00:00 GMT+0100 (West Africa Time),2026-09-25T06:27:53+01:00,NG,,national_online,power,jumia,A,inverter|generic|nomodel|1kva|24v|pure_sine,Pure Sine Wave inverter 1000w 24v,1,kVA,65000,65000,,https://www.jumia.com.ng/generic-pure-sine-wave-inverter-1000w-24v-418203255.html,ok,"{""brand"":""generic"",""model_line"":null,""rating"":1,""unit"":""kVA"",""voltage"":24,""topology"":""pure_sine""}",online_retail,asking_price,GE779GP7J15XLNAFAMZ
Fri Sep 25 2026 00:00:00 GMT+0100 (West Africa Time),2026-09-25T06:27:53+01:00,NG,,national_online,power,jumia,A,inverter|generic|nomodel|1kva|nov|notopo,1000w Inverter with inbuilt charger ,1,kVA,34000,34000,,https://www.jumia.com.ng/generic-1000w-inverter-with-inbuilt-charger-404663123.html,ok,"{""brand"":""generic"",""model_line"":null,""rating"":1,""unit"":""kVA"",""voltage"":null,""topology"":null}",online_retail,asking_price,GE779GP75A6RKNAFAMZ
Fri Sep 25 2026 00:00:00 GMT+0100 (West Africa Time),2026-09-25T06:27:53+01:00,NG,,national_online,power,jumia,A,inverter|generic|nomodel|1kva|12v|pure_sine,Pure Sine Wave Inverter 1000w 12V,1,kVA,65000,65000,,https://www.jumia.com.ng/generic-pure-sine-wave-inverter-1000w-12v-418203230.html,ok,"{""brand"":""generic"",""model_line"":null,""rating"":1,""unit"":""kVA"",""voltage"":12,""topology"":""pure_sine""}",online_retail,asking_price,GE779GP6O2MH5NAFAMZ
Fri Sep 25 2026 00:00:00 GMT+0100 (West Africa Time),2026-09-25T06:27:53+01:00,NG,,national_online,power,jumia,A,inverter|generic|nomodel|3kva|12v|notopo,3000watts Digital Solar Power Inverter 12V,3,kVA,54600,18200,,https://www.jumia.com.ng/generic-3000watts-digital-solar-power-inverter-12v-415678921.html,ok,"{""brand"":""generic"",""model_line"":null,""rating"":3,""unit"":""kVA"",""voltage"":12,""topology"":null}",online_retail,asking_price,GE779GP6TVRB7NAFAMZ
Fri Sep 25 2026 00:00:00 GMT+0100 (West Africa Time),2026-09-25T06:27:53+01:00,NG,,national_online,power,jumia,A,inverter|generic|nomodel|2kva|12v|pure_sine,Pure Sine Wave Inverter 2000w 12V ,2,kVA,85000,42500,,https://www.jumia.com.ng/generic-pure-sine-wave-inverter-2000w-12v-419881347.html,ok,"{""brand"":""generic"",""model_line"":null,""rating"":2,""unit"":""kVA"",""voltage"":12,""topology"":""pure_sine""}",online_retail,asking_price,GE779GP7UEASRNAFAMZ
Fri Sep 25 2026 00:00:00 GMT+0100 (West Africa Time),2026-09-25T06:27:53+01:00,NG,,national_online,power,jumia,A,inverter|generic|nomodel|2kva|12v|notopo,12v 2000w solar power inverter,2,kVA,38000,19000,,https://www.jumia.com.ng/generic-12v-2000w-solar-power-inverter-401670707.html,ok,"{""brand"":""generic"",""model_line"":null,""rating"":2,""unit"":""kVA"",""voltage"":12,""topology"":null}",online_retail,asking_price,GE779GP7S8WBENAFAMZ
Fri Sep 25 2026 00:00:00 GMT+0100 (West Africa Time),2026-09-25T06:27:53+01:00,NG,,national_online,power,jumia,A,inverter|generic|nomodel|2kva|24v|notopo,24v 2000w Solar Power Inverter,2,kVA,42000,21000,,https://www.jumia.com.ng/generic-24v-2000w-solar-power-inverter-401533661.html,ok,"{""brand"":""generic"",""model_line"":null,""rating"":2,""unit"":""kVA"",""voltage"":24,""topology"":null}",online_retail,asking_price,GE779GP6W1WH2NAFAMZ
Fri Sep 25 2026 00:00:00 GMT+0100 (West Africa Time),2026-09-25T06:27:53+01:00,NG,,national_online,power,jumia,A,inverter|felicitysolar|ivem|4kva|24v|hybrid,IVEM 4KVA 24v hybrid transformer less,4,kVA,391910,97977.5,,https://www.jumia.com.ng/felicity-solar-ivem-4kva-24v-hybrid-transformer-less-419964565.html,ok,"{""brand"":""felicity solar"",""model_line"":""IVEM"",""rating"":4,""unit"":""kVA"",""voltage"":24,""topology"":""hybrid""}",online_retail,asking_price,FE797GP7JTDWVNAFAMZ
Fri Sep 25 2026 00:00:00 GMT+0100 (West Africa Time),2026-09-25T06:27:53+01:00,NG,,national_online,power,jumia,A,inverter|felicitysolar|ivem|6kva|48v|hybrid,IVEM 6KVA 48v hybrid transformer less,6,kVA,566067,94344.5,,https://www.jumia.com.ng/felicity-solar-ivem-6kva-48v-hybrid-transformer-less-419968694.html,ok,"{""brand"":""felicity solar"",""model_line"":""IVEM"",""rating"":6,""unit"":""kVA"",""voltage"":48,""topology"":""hybrid""}",online_retail,asking_price,FE797GP7FQCPBNAFAMZ
Fri Sep 25 2026 00:00:00 GMT+0100 (West Africa Time),2026-09-25T06:27:53+01:00,NG,,national_online,power,jumia,A,inverter|sunmate|nomodel|1.2kva|12v|hybrid,SMS 1.2KVA 12V Hybrid Inverter With Inbuilt MPPT ,1.2,kVA,200500,167083.33,,https://www.jumia.com.ng/sunmate-sms-1.2kva-12v-hybrid-inverter-with-inbuilt-mppt-420007685.html,ok,"{""brand"":""sunmate"",""model_line"":null,""rating"":1.2,""unit"":""kVA"",""voltage"":12,""topology"":""hybrid""}",online_retail,asking_price,SU177GP7L2W1ENAFAMZ
Fri Sep 25 2026 00:00:00 GMT+0100 (West Africa Time),2026-09-25T06:27:53+01:00,NG,,national_online,power,jumia,A,inverter|generic|nomodel|3kva|24v|notopo,24v 3000W Solar Power Inverter,3,kVA,49000,16333.33,,https://www.jumia.com.ng/generic-24v-3000w-solar-power-inverter-418746487.html,ok,"{""brand"":""generic"",""model_line"":null,""rating"":3,""unit"":""kVA"",""voltage"":24,""topology"":null}",online_retail,asking_price,GE779GP7WV5SDNAFAMZ
Fri Sep 25 2026 00:00:00 GMT+0100 (West Africa Time),2026-09-25T06:27:53+01:00,NG,,national_online,power,jumia,A,inverter|generic|nomodel|3kva|12v|pure_sine,12v 3000watt Pure Sine Wave inverter ,3,kVA,145000,48333.33,,https://www.jumia.com.ng/generic-12v-3000watt-pure-sine-wave-inverter-419881680.html,ok,"{""brand"":""generic"",""model_line"":null,""rating"":3,""unit"":""kVA"",""voltage"":12,""topology"":""pure_sine""}",online_retail,asking_price,GE779GP6RA4CRNAFAMZ
Fri Sep 25 2026 00:00:00 GMT+0100 (West Africa Time),2026-09-25T06:27:53+01:00,NG,,national_online,power,jumia,A,inverter|generic|nomodel|3kva|12v|notopo,3000watts digital display solar power inverter 12v,3,kVA,53900,17966.67,,https://www.jumia.com.ng/generic-3000watts-digital-display-solar-power-inverter-12v-419411659.html,ok,"{""brand"":""generic"",""model_line"":null,""rating"":3,""unit"":""kVA"",""voltage"":12,""topology"":null}",online_retail,asking_price,GE779GP872O9VNAFAMZ
Fri Sep 25 2026 00:00:00 GMT+0100 (West Africa Time),2026-09-25T06:27:53+01:00,NG,,national_online,power,jumia,A,inverter|generic|nomodel|1kva|nov|notopo,1000Watts Solar Power Inverter,1,kVA,80000,80000,,https://www.jumia.com.ng/generic-1000watts-solar-power-inverter-401693473.html,ok,"{""brand"":""generic"",""model_line"":null,""rating"":1,""unit"":""kVA"",""voltage"":null,""topology"":null}",online_retail,asking_price,GE779GP78FUKANAFAMZ
Fri Sep 25 2026 00:00:00 GMT+0100 (West Africa Time),2026-09-25T06:27:53+01:00,NG,,national_online,power,jumia,A,inverter|itel|nomodel|1.5kva|nov|notopo,1.5Kva Inverter + 1.28Kwh Battery ,1.5,kVA,600000,400000,,https://www.jumia.com.ng/itel-1.5kva-inverter-1.28kwh-battery-420110070.html,ok,"{""brand"":""itel"",""model_line"":null,""rating"":1.5,""unit"":""kVA"",""voltage"":null,""topology"":null}",online_retail,asking_price,IT724GP6QBG26NAFAMZ
Fri Sep 25 2026 00:00:00 GMT+0100 (West Africa Time),2026-09-25T06:27:53+01:00,NG,,national_online,power,jumia,A,battery|genus|nomodel|200ah|12v|notopo,200AH 12V Battery,200,Ah,425999,177499.58,,https://www.jumia.com.ng/200ah-12v-battery-genus-mpg1180521.html,ok,"{""brand"":""genus"",""model_line"":null,""rating"":200,""unit"":""Ah"",""voltage"":12,""topology"":null}",online_retail,asking_price,GE027EL0R36TXNAFAMZ
Fri Sep 25 2026 00:00:00 GMT+0100 (West Africa Time),2026-09-25T06:27:53+01:00,NG,,national_online,power,jumia,A,inverter|generic|nomodel|3kva|12v|notopo,3000W Solar Power Inverter 12V  3KVA inverter,3,kVA,54800,18266.67,,https://www.jumia.com.ng/generic-3000w-solar-power-inverter-12v-3kva-inverter-419749399.html,ok,"{""brand"":""generic"",""model_line"":null,""rating"":3,""unit"":""kVA"",""voltage"":12,""topology"":null}",online_retail,asking_price,GE779GP89BRHJNAFAMZ
Fri Sep 25 2026 00:00:00 GMT+0100 (West Africa Time),2026-09-25T06:27:53+01:00,NG,,national_online,power,jumia,A,inverter|generic|nomodel|1kva|nov|notopo,1KVA 1000W Solar Power Inverter Input 12volts Output 230volts,1,kVA,23000,23000,,https://www.jumia.com.ng/generic-1kva-1000w-solar-power-inverter-input-12volts-output-230volts-419300378.html,ok,"{""brand"":""generic"",""model_line"":null,""rating"":1,""unit"":""kVA"",""voltage"":null,""topology"":null}",online_retail,asking_price,GE779GP824JDZNAFAMZ
Fri Sep 25 2026 00:00:00 GMT+0100 (West Africa Time),2026-09-25T06:27:53+01:00,NG,,national_online,power,jumia,A,inverter|felicitysolar|ivem|12kva|48v|hybrid,IVEM 12KVA 48v hybrid transformer less,12,kVA,931236,77603,,https://www.jumia.com.ng/felicity-solar-ivem-12kva-48v-hybrid-transformer-less-419968834.html,ok,"{""brand"":""felicity solar"",""model_line"":""IVEM"",""rating"":12,""unit"":""kVA"",""voltage"":48,""topology"":""hybrid""}",online_retail,asking_price,FE797GP7CA1E7NAFAMZ
Fri Sep 25 2026 00:00:00 GMT+0100 (West Africa Time),2026-09-25T06:27:53+01:00,NG,,national_online,power,jumia,A,inverter|generic|nomodel|3kva|nov|notopo,3000W SOLAR POWER INVERTER,3,kVA,51300,17100,,https://www.jumia.com.ng/generic-3000w-solar-power-inverter-415673208.html,ok,"{""brand"":""generic"",""model_line"":null,""rating"":3,""unit"":""kVA"",""voltage"":null,""topology"":null}",online_retail,asking_price,GE779GP7XX5QRNAFAMZ
Fri Sep 25 2026 00:00:00 GMT+0100 (West Africa Time),2026-09-25T06:27:53+01:00,NG,,national_online,power,jumia,A,inverter|generic|nomodel|2kva|nov|notopo,2000 Watts Solar Power Inverter,2,kVA,38900,19450,,https://www.jumia.com.ng/generic-2000-watts-solar-power-inverter-420046902.html,ok,"{""brand"":""generic"",""model_line"":null,""rating"":2,""unit"":""kVA"",""voltage"":null,""topology"":null}",online_retail,asking_price,GE779GP6YMPWINAFAMZ
Fri Sep 25 2026 00:00:00 GMT+0100 (West Africa Time),2026-09-25T06:27:53+01:00,NG,,national_online,power,jumia,A,inverter|felicitysolar|ivem|8kva|48v|hybrid,IVEM 8KVA 48v hybrid transformer less,8,kVA,796404,99550.5,,https://www.jumia.com.ng/felicity-solar-ivem-8kva-48v-hybrid-transformer-less-419968737.html,ok,"{""brand"":""felicity solar"",""model_line"":""IVEM"",""rating"":8,""unit"":""kVA"",""voltage"":48,""topology"":""hybrid""}",online_retail,asking_price,FE797GP7U2WDRNAFAMZ
Fri Sep 25 2026 00:00:00 GMT+0100 (West Africa Time),2026-09-25T06:27:53+01:00,NG,,national_online,power,jumia,A,inverter|luminous|nomodel|1.6kva|24v|pure_sine,1.6kva/24v inverter Optimus (pure sine wave),1.6,kVA,290000,181250,,https://www.jumia.com.ng/luminous-1.6kva24v-inverter-optimus-pure-sine-wave-419478049.html,ok,"{""brand"":""luminous"",""model_line"":null,""rating"":1.6,""unit"":""kVA"",""voltage"":24,""topology"":""pure_sine""}",online_retail,asking_price,LU374GP8660CJNAFAMZ
Fri Sep 25 2026 00:00:00 GMT+0100 (West Africa Time),2026-09-25T06:27:53+01:00,NG,,national_online,power,jumia,A,inverter|felicitysolar|nomodel|50kva|nov|notopo,50 KVA 3 phase inverter ,50,kVA,6302022,126040.44,,https://www.jumia.com.ng/felicity-solar-50-kva-3-phase-inverter-419969608.html,ok,"{""brand"":""felicity solar"",""model_line"":null,""rating"":50,""unit"":""kVA"",""voltage"":null,""topology"":null}",online_retail,asking_price,FE797GP7Y7067NAFAMZ
Fri Sep 25 2026 00:00:00 GMT+0100 (West Africa Time),2026-09-25T06:27:53+01:00,NG,,national_online,power,jumia,A,inverter|generic|nomodel|1.5kva|12v|notopo,12v 1500watts Inverter,1.5,kVA,25000,16666.67,,https://www.jumia.com.ng/generic-12v-1500watts-inverter-419579086.html,ok,"{""brand"":""generic"",""model_line"":null,""rating"":1.5,""unit"":""kVA"",""voltage"":12,""topology"":null}",online_retail,asking_price,GE779GP7QOYEVNAFAMZ
Fri Sep 25 2026 00:00:00 GMT+0100 (West Africa Time),2026-09-25T06:27:53+01:00,NG,,national_online,power,jumia,A,inverter|generic|nomodel|4kva|nov|notopo,4000watts digital display solar power inverter without inbuilt charger,4,kVA,73000,18250,,https://www.jumia.com.ng/generic-4000watts-digital-display-solar-power-inverter-without-inbuilt-charger-419406974.html,ok,"{""brand"":""generic"",""model_line"":null,""rating"":4,""unit"":""kVA"",""voltage"":null,""topology"":null}",online_retail,asking_price,GE779GP7EPCIZNAFAMZ
Fri Sep 25 2026 00:00:00 GMT+0100 (West Africa Time),2026-09-25T06:27:53+01:00,NG,,national_online,power,jumia,A,inverter|generic|nomodel|1kva|nov|notopo,1000 Watts Solar Power Inverter With Inbuilt Charger ,1,kVA,33900,33900,,https://www.jumia.com.ng/1000-watts-solar-power-inverter-with-inbuilt-charger-generic-mpg11968280.html,ok,"{""brand"":""generic"",""model_line"":null,""rating"":1,""unit"":""kVA"",""voltage"":null,""topology"":null}",online_retail,asking_price,GE779GP7RF22NNAFAMZ
Fri Sep 25 2026 00:00:00 GMT+0100 (West Africa Time),2026-09-25T06:27:53+01:00,NG,,national_online,power,jumia,A,generator|miratec|nomodel|1kva|nov|notopo,"1000W All In One Solar Home Generator For Laptop, TV And Lights",1,kVA,147989,147989,,https://www.jumia.com.ng/miratec-1000w-all-in-one-solar-home-generator-for-laptop-tv-and-lights-419821209.html,ok,"{""brand"":""miratec"",""model_line"":null,""rating"":1,""unit"":""kVA"",""voltage"":null,""topology"":null}",online_retail,asking_price,BR526GP83UYORNAFAMZ
Fri Sep 25 2026 00:00:00 GMT+0100 (West Africa Time),2026-09-25T06:27:53+01:00,NG,,national_online,power,jumia,A,battery|sukam|nomodel|200ah|12v|notopo,12V/200Ah  Battery For Inverter,200,Ah,42699,17791.25,,https://www.jumia.com.ng/sukam-12v200ah-battery-for-inverter-32841945.html,ok,"{""brand"":""sukam"",""model_line"":null,""rating"":200,""unit"":""Ah"",""voltage"":12,""topology"":null}",online_retail,asking_price,SU237EL0WP0JRNAFAMZ
Fri Sep 25 2026 00:00:00 GMT+0100 (West Africa Time),2026-09-25T06:27:53+01:00,NG,,national_online,power,jumia,A,inverter|hiconic|nomodel|5kva|nov|hybrid,5KVA Hybrid Solar Inverter with MPPT ,5,kVA,400000,80000,,https://www.jumia.com.ng/hiconic-5kva-hybrid-solar-inverter-with-mppt-420276029.html,ok,"{""brand"":""hiconic"",""model_line"":null,""rating"":5,""unit"":""kVA"",""voltage"":null,""topology"":""hybrid""}",online_retail,asking_price,HI738GP84YPHENAFAMZ
Fri Sep 25 2026 00:00:00 GMT+0100 (West Africa Time),2026-09-25T06:27:53+01:00,NG,,national_online,power,jumia,A,inverter|generic|nomodel|1.5kva|12v|notopo,Solar Inverter With Anti Reverse Battery Protection - 1500W 12v 220v,1.5,kVA,34999,23332.67,,https://www.jumia.com.ng/generic-solar-inverter-with-anti-reverse-battery-protection-1500w-12v-220v-420101341.html,ok,"{""brand"":""generic"",""model_line"":null,""rating"":1.5,""unit"":""kVA"",""voltage"":12,""topology"":null}",online_retail,asking_price,GE779GP6UO3PYNAFAMZ
Fri Sep 25 2026 00:00:00 GMT+0100 (West Africa Time),2026-09-25T06:27:53+01:00,NG,,national_online,power,jumia,A,inverter|hiconic|nomodel|3kva|nov|hybrid,Hybrid 3KVA Inverter,3,kVA,350000,116666.67,,https://www.jumia.com.ng/hiconic-hybrid-3kva-inverter-419208301.html,ok,"{""brand"":""hiconic"",""model_line"":null,""rating"":3,""unit"":""kVA"",""voltage"":null,""topology"":""hybrid""}",online_retail,asking_price,HI738GP6SBVGJNAFAMZ
Fri Sep 25 2026 00:00:00 GMT+0100 (West Africa Time),2026-09-25T06:27:53+01:00,NG,,national_online,power,jumia,A,inverter|generic|nomodel|1kva|12v|notopo,12V 1000W Solar Inverter - 1KVA Solar Power Inverter,1,kVA,27850,27850,,https://www.jumia.com.ng/generic-12v-1000w-solar-inverter-1kva-solar-power-inverter-419285725.html,ok,"{""brand"":""generic"",""model_line"":null,""rating"":1,""unit"":""kVA"",""voltage"":12,""topology"":null}",online_retail,asking_price,GE779GP7HK6J7NAFAMZ
Fri Sep 25 2026 00:00:00 GMT+0100 (West Africa Time),2026-09-25T06:27:53+01:00,NG,,national_online,power,jumia,A,inverter|generic|nomodel|3kva|nov|notopo,3000 Watts Solar Power Inverter,3,kVA,55000,18333.33,,https://www.jumia.com.ng/generic-3000-watts-solar-power-inverter-420106893.html,ok,"{""brand"":""generic"",""model_line"":null,""rating"":3,""unit"":""kVA"",""voltage"":null,""topology"":null}",online_retail,asking_price,GE779GP79VQ86NAFAMZ
Fri Sep 25 2026 00:00:00 GMT+0100 (West Africa Time),2026-09-25T06:27:53+01:00,NG,,national_online,power,jumia,A,inverter|suoer|nomodel|3kva|nov|notopo,3000W Solar Inverter With Anti Reverse Protection,3,kVA,52900,17633.33,,https://www.jumia.com.ng/suoer-3000w-solar-inverter-with-anti-reverse-protection-420167304.html,ok,"{""brand"":""suoer"",""model_line"":null,""rating"":3,""unit"":""kVA"",""voltage"":null,""topology"":null}",online_retail,asking_price,SU366GP7A6SDINAFAMZ
Fri Sep 25 2026 00:00:00 GMT+0100 (West Africa Time),2026-09-25T06:27:53+01:00,NG,,national_online,power,jumia,A,inverter|generic|nomodel|3kva|nov|notopo,3000W solar power inverter with reverse battery polarity protection,3,kVA,50900,16966.67,,https://www.jumia.com.ng/generic-3000w-solar-power-inverter-with-reverse-battery-polarity-protection-418493679.html,ok,"{""brand"":""generic"",""model_line"":null,""rating"":3,""unit"":""kVA"",""voltage"":null,""topology"":null}",online_retail,asking_price,GE779GP88A52XNAFAMZ
Fri Sep 25 2026 00:00:00 GMT+0100 (West Africa Time),2026-09-25T06:27:53+01:00,NG,,national_online,power,jumia,A,inverter|generic|suoer3000|3000kva|nov|notopo,SUOER 3000 Watts / 3000W Solar Inverter - 3000KVA,3000,kVA,58000,19.33,,https://www.jumia.com.ng/generic-suoer-3000-watts-3000w-solar-inverter-3000kva-418746383.html,ok,"{""brand"":""generic"",""model_line"":""SUOER3000"",""rating"":3000,""unit"":""kVA"",""voltage"":null,""topology"":null}",online_retail,asking_price,GE779GP78ZOFHNAFAMZ
Fri Sep 25 2026 00:00:00 GMT+0100 (West Africa Time),2026-09-25T06:27:53+01:00,NG,,national_online,power,jumia,A,inverter|bluepower|nomodel|10kva|48v|hybrid,10KVA 48V Hybrid Inverter With Inbuilt 100A Mppt,10,kVA,1150000,115000,,https://www.jumia.com.ng/blue-power-10kva-48v-hybrid-inverter-with-inbuilt-100a-mppt-418533678.html,ok,"{""brand"":""blue power"",""model_line"":null,""rating"":10,""unit"":""kVA"",""voltage"":48,""topology"":""hybrid""}",online_retail,asking_price,BL706EA82BOH9NAFAMZ
Fri Sep 25 2026 00:00:00 GMT+0100 (West Africa Time),2026-09-25T06:27:53+01:00,NG,,national_online,power,jumia,A,inverter|generic|nomodel|4kva|nov|notopo,4000watts digital display solar power inverter without inbuilt charger,4,kVA,73000,18250,,https://www.jumia.com.ng/generic-4000watts-digital-display-solar-power-inverter-without-inbuilt-charger-419411626.html,ok,"{""brand"":""generic"",""model_line"":null,""rating"":4,""unit"":""kVA"",""voltage"":null,""topology"":null}",online_retail,asking_price,GE779GP7NFDB7NAFAMZ
Fri Sep 25 2026 00:00:00 GMT+0100 (West Africa Time),2026-09-25T06:27:53+01:00,NG,,national_online,power,jumia,A,inverter|generic|nomodel|2kva|12v|hybrid,2kva 12v Grovolt Hybrid Inverter,2,kVA,299000,149500,,https://www.jumia.com.ng/generic-2kva-12v-grovolt-hybrid-inverter-420257280.html,ok,"{""brand"":""generic"",""model_line"":null,""rating"":2,""unit"":""kVA"",""voltage"":12,""topology"":""hybrid""}",online_retail,asking_price,GE779GP6R2R5UNAFAMZ
Fri Sep 25 2026 00:00:00 GMT+0100 (West Africa Time),2026-09-25T06:27:53+01:00,NG,,national_online,power,jumia,A,inverter|afriipower|nomodel|3.5kva|48v|pure_sine,3.5kVA 48V Pure Sine Wave Inverter,3.5,kVA,630000,180000,,https://www.jumia.com.ng/afriipower-3.5kva-48v-pure-sine-wave-inverter-407707061.html,ok,"{""brand"":""afriipower"",""model_line"":null,""rating"":3.5,""unit"":""kVA"",""voltage"":48,""topology"":""pure_sine""}",online_retail,asking_price,AF479GP6VPU9ENAFAMZ
Fri Sep 25 2026 00:00:00 GMT+0100 (West Africa Time),2026-09-25T06:27:53+01:00,NG,,national_online,power,jumia,A,battery|cworthenergy|nomodel|300ah|12v|lithium, 12V 300Ah LiFePO4 Lithium Battery,300,Ah,595000,165277.78,,https://www.jumia.com.ng/cworth-energy-12v-300ah-lifepo4-lithium-battery-420287499.html,ok,"{""brand"":""cworth energy"",""model_line"":null,""rating"":300,""unit"":""Ah"",""voltage"":12,""topology"":""lithium""}",online_retail,asking_price,CW780GP89DJUINAFAMZ
Fri Sep 25 2026 00:00:00 GMT+0100 (West Africa Time),2026-09-25T06:27:53+01:00,NG,,national_online,power,jumia,A,inverter|luminous|nomodel|5kva|48v|pure_sine,5kva 48V-DC Powerful Cruze Pure Sine Wave Inverter,5,kVA,1269900,253980,,https://www.jumia.com.ng/luminous-5kva-48v-dc-powerful-cruze-pure-sine-wave-inverter-98346793.html,ok,"{""brand"":""luminous"",""model_line"":null,""rating"":5,""unit"":""kVA"",""voltage"":48,""topology"":""pure_sine""}",online_retail,asking_price,LU374GP0NOAEDNAFAMZ
Fri Sep 25 2026 00:00:00 GMT+0100 (West Africa Time),2026-09-25T06:27:53+01:00,NG,,national_online,power,jumia,A,inverter|generic|nomodel|1kva|nov|notopo," 1000watts solar power inverter with inbuilt charger, 1KVA",1,kVA,39500,39500,,https://www.jumia.com.ng/generic-1000watts-solar-power-inverter-with-inbuilt-charger-1kva-419793844.html,ok,"{""brand"":""generic"",""model_line"":null,""rating"":1,""unit"":""kVA"",""voltage"":null,""topology"":null}",online_retail,asking_price,GE779GP7CUGKVNAFAMZ
Fri Sep 25 2026 00:00:00 GMT+0100 (West Africa Time),2026-09-25T06:27:53+01:00,NG,,national_online,power,jumia,A,inverter|generic|nomodel|1.1kva|12v|pure_sine,Euronet - 1.1KVA (12V) Pure Sine Wave Inverter,1.1,kVA,155000,140909.09,,https://www.jumia.com.ng/generic-euronet-1.1kva-12v-pure-sine-wave-inverter-420319781.html,ok,"{""brand"":""generic"",""model_line"":null,""rating"":1.1,""unit"":""kVA"",""voltage"":12,""topology"":""pure_sine""}",online_retail,asking_price,GE779GP6XC5FQNAFAMZ
Fri Sep 25 2026 00:00:00 GMT+0100 (West Africa Time),2026-09-25T06:27:53+01:00,NG,,national_online,power,jumia,A,inverter|generic|nomodel|3kva|nov|notopo,Suoer 3000W Solar Power Inverter,3,kVA,57900,19300,,https://www.jumia.com.ng/generic-suoer-3000w-solar-power-inverter-419028937.html,ok,"{""brand"":""generic"",""model_line"":null,""rating"":3,""unit"":""kVA"",""voltage"":null,""topology"":null}",online_retail,asking_price,GE779GP7U72X7NAFAMZ
Fri Sep 25 2026 00:00:00 GMT+0100 (West Africa Time),2026-09-25T06:27:53+01:00,NG,,national_online,power,jumia,A,inverter|felicity|nomodel|3.5kva|12v|pure_sine,Solar 3.5kva 12v Pure Sine Wave Inverter,3.5,kVA,450000,128571.43,,https://www.jumia.com.ng/felicity-solar-3.5kva-12v-pure-sine-wave-inverter-420309504.html,ok,"{""brand"":""felicity"",""model_line"":null,""rating"":3.5,""unit"":""kVA"",""voltage"":12,""topology"":""pure_sine""}",online_retail,asking_price,FE963GP7ABDNINAFAMZ
Fri Sep 25 2026 00:00:00 GMT+0100 (West Africa Time),2026-09-25T06:27:53+01:00,NG,,national_online,power,jumia,A,inverter|generic|nomodel|2kva|12v|hybrid,SAKO 2kVA 12V Solar Off-Grid Hybrid Inverter E-SUN,2,kVA,310500,155250,,https://www.jumia.com.ng/generic-sako-2kva-12v-solar-off-grid-hybrid-inverter-e-sun-420257274.html,ok,"{""brand"":""generic"",""model_line"":null,""rating"":2,""unit"":""kVA"",""voltage"":12,""topology"":""hybrid""}",online_retail,asking_price,GE779GP7EANR6NAFAMZ
Fri Sep 25 2026 00:00:00 GMT+0100 (West Africa Time),2026-09-25T06:27:53+01:00,NG,,national_online,power,jumia,A,inverter|luminous|nomodel|1.6kva|24v|pure_sine,1.6kva/24v inverter optimus (pure sine wave),1.6,kVA,290000,181250,,https://www.jumia.com.ng/luminous-1.6kva24v-inverter-optimus-pure-sine-wave-419412734.html,ok,"{""brand"":""luminous"",""model_line"":null,""rating"":1.6,""unit"":""kVA"",""voltage"":24,""topology"":""pure_sine""}",online_retail,asking_price,LU374GP7C6HOZNAFAMZ
Fri Sep 25 2026 00:00:00 GMT+0100 (West Africa Time),2026-09-25T06:27:53+01:00,NG,,national_online,power,jumia,A,inverter|sun|mppt500v|4.2kva|24v|hybrid,"4.2KVA 24V Hybrid Solar Inverter with Built-in MPPT 500V, Pure Sine Wave",4.2,kVA,450000,107142.86,,https://www.jumia.com.ng/sun-4.2kva-24v-hybrid-solar-inverter-with-built-in-mppt-500v-pure-sine-wave-419842933.html,ok,"{""brand"":""sun"",""model_line"":""MPPT500V"",""rating"":4.2,""unit"":""kVA"",""voltage"":24,""topology"":""hybrid""}",online_retail,asking_price,SU633GP76CIL7NAFAMZ
Fri Sep 25 2026 00:00:00 GMT+0100 (West Africa Time),2026-09-25T06:27:53+01:00,NG,,national_online,power,jumia,A,inverter|generic|nomodel|2kva|12v|notopo,2KVA inverter with inbuilt charger 12v input and 230v output 2000Watts,2,kVA,56500,28250,,https://www.jumia.com.ng/generic-2kva-inverter-with-inbuilt-charger-12v-input-and-230v-output-2000watts-419727669.html,ok,"{""brand"":""generic"",""model_line"":null,""rating"":2,""unit"":""kVA"",""voltage"":12,""topology"":null}",online_retail,asking_price,GE779GP87PF6FNAFAMZ
Fri Sep 25 2026 00:00:00 GMT+0100 (West Africa Time),2026-09-25T06:27:53+01:00,NG,,national_online,power,jumia,A,inverter|generic|nomodel|1kva|nov|notopo,1KVA 1000W Solar Power Inverter Input 12volts Output 230volts,1,kVA,24000,24000,,https://www.jumia.com.ng/generic-1kva-1000w-solar-power-inverter-input-12volts-output-230volts-419351444.html,ok,"{""brand"":""generic"",""model_line"":null,""rating"":1,""unit"":""kVA"",""voltage"":null,""topology"":null}",online_retail,asking_price,GE779GP7CLD3ZNAFAMZ
Fri Sep 25 2026 00:00:00 GMT+0100 (West Africa Time),2026-09-25T06:27:53+01:00,NG,,national_online,power,jumia,A,battery|gbm|nomodel|100ah|nov|sealed,12volts 100ah Solar Inverter Deep Cycle Gel Battery,100,Ah,127000,,,https://www.jumia.com.ng/gbm-12volts-100ah-solar-inverter-deep-cycle-gel-battery-419500290.html,ok,"{""brand"":""gbm"",""model_line"":null,""rating"":100,""unit"":""Ah"",""voltage"":null,""topology"":""sealed""}",online_retail,asking_price,GB546GP6RML73NAFAMZ
Fri Sep 25 2026 00:00:00 GMT+0100 (West Africa Time),2026-09-25T06:27:53+01:00,NG,,national_online,power,jumia,A,inverter|generic|nomodel|3.2kva|nov|notopo,3.2KVA All-in-One Solar Inverter + 400W Solar Panel,3.2,kVA,780000,243750,,https://www.jumia.com.ng/generic-3.2kva-all-in-one-solar-inverter-400w-solar-panel-420325152.html,ok,"{""brand"":""generic"",""model_line"":null,""rating"":3.2,""unit"":""kVA"",""voltage"":null,""topology"":null}",online_retail,asking_price,GE779GP714HM6NAFAMZ
Fri Sep 25 2026 00:00:00 GMT+0100 (West Africa Time),2026-09-25T06:27:53+01:00,NG,,national_online,power,jumia,A,inverter|bluegate|nomodel|3.5kva|nov|notopo,3.5KVA (3500KVA) Inverter,3.5,kVA,427000,122000,,https://www.jumia.com.ng/3.5kva-3500kva-inverter-blue-gate-mpg1194376.html,ok,"{""brand"":""blue gate"",""model_line"":null,""rating"":3.5,""unit"":""kVA"",""voltage"":null,""topology"":null}",online_retail,asking_price,BL670EL1FIMELNAFAMZ
Fri Sep 25 2026 00:00:00 GMT+0100 (West Africa Time),2026-09-25T06:27:53+01:00,NG,,national_online,power,jumia,A,inverter|jordyele|nomodel|3.5kva|24v|hybrid,3.5KVA 24V Hybrid Solar Inverter – Pure Sine Wave,3.5,kVA,350000,100000,,https://www.jumia.com.ng/jordy-ele-3.5kva-24v-hybrid-solar-inverter-pure-sine-wave-420325153.html,ok,"{""brand"":""jordy ele"",""model_line"":null,""rating"":3.5,""unit"":""kVA"",""voltage"":24,""topology"":""hybrid""}",online_retail,asking_price,BR364GP772TNYNAFAMZ
Fri Sep 25 2026 00:00:00 GMT+0100 (West Africa Time),2026-09-25T06:27:53+01:00,NG,,national_online,power,jumia,A,inverter|sako|nomodel|1kva|nov|notopo, All in one 1000w inverter (power station),1,kVA,890000,890000,,https://www.jumia.com.ng/sako-all-in-one-1000w-inverter-power-station-419806482.html,ok,"{""brand"":""sako"",""model_line"":null,""rating"":1,""unit"":""kVA"",""voltage"":null,""topology"":null}",online_retail,asking_price,SA442GP733EJFNAFAMZ
Fri Sep 25 2026 00:00:00 GMT+0100 (West Africa Time),2026-09-25T06:27:53+01:00,NG,,national_online,power,jumia,A,inverter|generic|nomodel|1kva|nov|notopo,1000W Inverter With Inbuilt 10A Battery Charger,1,kVA,40000,40000,,https://www.jumia.com.ng/generic-1000w-inverter-with-inbuilt-10a-battery-charger-420047490.html,ok,"{""brand"":""generic"",""model_line"":null,""rating"":1,""unit"":""kVA"",""voltage"":null,""topology"":null}",online_retail,asking_price,GE779GP6RSG5UNAFAMZ
Fri Sep 25 2026 00:00:00 GMT+0100 (West Africa Time),2026-09-25T06:27:53+01:00,NG,,national_online,power,jumia,A,inverter|generic|nomodel|4kva|12v|notopo,12V Solar Power Inverter With Digital Display 4000watt ,4,kVA,100000,25000,,https://www.jumia.com.ng/generic-12v-solar-power-inverter-with-digital-display-4000watt-419881447.html,ok,"{""brand"":""generic"",""model_line"":null,""rating"":4,""unit"":""kVA"",""voltage"":12,""topology"":null}",online_retail,asking_price,GE779GP7UGFYJNAFAMZ
Fri Sep 25 2026 00:00:00 GMT+0100 (West Africa Time),2026-09-25T06:27:53+01:00,NG,,national_online,power,jumia,A,inverter|generic|nomodel|2kva|12v|notopo,Solar Power Inverter - 2000w 12v,2,kVA,35000,17500,,https://www.jumia.com.ng/solar-power-inverter-2000w-12v-generic-mpg11425738.html,ok,"{""brand"":""generic"",""model_line"":null,""rating"":2,""unit"":""kVA"",""voltage"":12,""topology"":null}",online_retail,asking_price,GE779GP7LSRV7NAFAMZ
Fri Sep 25 2026 00:00:00 GMT+0100 (West Africa Time),2026-09-25T06:27:53+01:00,NG,,national_online,power,jumia,A,inverter|luminous|nomodel|1.6kva|24v|pure_sine,1.6kva/24v inverter optimus(pure sine wave),1.6,kVA,290000,181250,,https://www.jumia.com.ng/luminous-1.6kva24v-inverter-optimuspure-sine-wave-419892539.html,ok,"{""brand"":""luminous"",""model_line"":null,""rating"":1.6,""unit"":""kVA"",""voltage"":24,""topology"":""pure_sine""}",online_retail,asking_price,LU374GP85U23NNAFAMZ
Fri Sep 25 2026 00:00:00 GMT+0100 (West Africa Time),2026-09-25T06:27:53+01:00,NG,,national_online,power,jumia,A,inverter|bluegate|bg2000|2kva|24v|pure_sine,2kVA Pure Sine Wave Inverter 24V BG2000 ,2,kVA,294999,147499.5,,https://www.jumia.com.ng/blue-gate-2kva-pure-sine-wave-inverter-24v-bg2000-418574499.html,ok,"{""brand"":""blue gate"",""model_line"":""BG2000"",""rating"":2,""unit"":""kVA"",""voltage"":24,""topology"":""pure_sine""}",online_retail,asking_price,BL670GP89CW7XNAFAMZ
Fri Sep 25 2026 00:00:00 GMT+0100 (West Africa Time),2026-09-25T06:27:53+01:00,NG,,national_online,power,jumia,A,inverter|sako|nomodel|4.2kva|24v|hybrid,4.2KVA 24V off-grid hybrid solar inverter,4.2,kVA,460000,109523.81,,https://www.jumia.com.ng/sako-4.2kva-24v-off-grid-hybrid-solar-inverter-419842927.html,ok,"{""brand"":""sako"",""model_line"":null,""rating"":4.2,""unit"":""kVA"",""voltage"":24,""topology"":""hybrid""}",online_retail,asking_price,SA442GP7TKF6JNAFAMZ
Fri Sep 25 2026 00:00:00 GMT+0100 (West Africa Time),2026-09-25T06:27:53+01:00,NG,,national_online,power,jumia,A,inverter|generic|nomodel|2kva|12v|notopo,2000watts inverter with inbuilt charger 12v input and 230v output,2,kVA,52000,26000,,https://www.jumia.com.ng/2000watts-inverter-with-inbuilt-charger-12v-input-and-230v-output-generic-mpg11967294.html,ok,"{""brand"":""generic"",""model_line"":null,""rating"":2,""unit"":""kVA"",""voltage"":12,""topology"":null}",online_retail,asking_price,GE779GP6ZHTSVNAFAMZ
Fri Sep 25 2026 00:00:00 GMT+0100 (West Africa Time),2026-09-25T06:27:53+01:00,NG,,national_online,power,jumia,A,inverter|felicitysolar|nomodel|12kva|nov|hybrid,12kVA&8VA HIGH VOLTAGE AND HYBRID INVERTER,12,kVA,1250000,104166.67,,https://www.jumia.com.ng/12kva8va-high-voltage-and-hybrid-inverter-felicity-solar-mpg12080274.html,ok,"{""brand"":""felicity solar"",""model_line"":null,""rating"":12,""unit"":""kVA"",""voltage"":null,""topology"":""hybrid""}",online_retail,asking_price,FE797GP6NSMRQNAFAMZ
Fri Sep 25 2026 00:00:00 GMT+0100 (West Africa Time),2026-09-25T06:27:53+01:00,NG,,national_online,power,jumia,A,inverter|bluepower|nomodel|10kva|48v|hybrid,10KVA 48V Hybrid Inverter With Inbuilt 100A Mppt,10,kVA,1150000,115000,,https://www.jumia.com.ng/blue-power-10kva-48v-hybrid-inverter-with-inbuilt-100a-mppt-418533700.html,ok,"{""brand"":""blue power"",""model_line"":null,""rating"":10,""unit"":""kVA"",""voltage"":48,""topology"":""hybrid""}",online_retail,asking_price,BL706EA6ML40DNAFAMZ
Fri Sep 25 2026 00:00:00 GMT+0100 (West Africa Time),2026-09-25T06:27:53+01:00,NG,,national_online,power,jumia,A,inverter|generic|nomodel|1kva|nov|notopo,1000 Watts Solar Power Inverter With Inbuilt Charger,1,kVA,34000,34000,,https://www.jumia.com.ng/generic-1000-watts-solar-power-inverter-with-inbuilt-charger-419351887.html,ok,"{""brand"":""generic"",""model_line"":null,""rating"":1,""unit"":""kVA"",""voltage"":null,""topology"":null}",online_retail,asking_price,GE779GP7X2OBJNAFAMZ
Fri Sep 25 2026 00:00:00 GMT+0100 (West Africa Time),2026-09-25T06:27:53+01:00,NG,,national_online,power,jumia,A,inverter|luminous|nomodel|1kva|12v|notopo,1KVA 12V  Inverter,1,kVA,299999,299999,,https://www.jumia.com.ng/luminous-1kva-12v-inverter-67785103.html,ok,"{""brand"":""luminous"",""model_line"":null,""rating"":1,""unit"":""kVA"",""voltage"":12,""topology"":null}",online_retail,asking_price,LU374EL0HYENSNAFAMZ
Fri Sep 25 2026 00:00:00 GMT+0100 (West Africa Time),2026-09-25T06:27:53+01:00,NG,,national_online,power,jumia,A,inverter|smarten|nomodel|3.5kva|48v|pure_sine,3.5kva 48v Pure Sine Wave Inverter,3.5,kVA,550000,157142.86,,https://www.jumia.com.ng/smarten-3.5kva-48v-pure-sine-wave-inverter-407715494.html,ok,"{""brand"":""smarten"",""model_line"":null,""rating"":3.5,""unit"":""kVA"",""voltage"":48,""topology"":""pure_sine""}",online_retail,asking_price,BR864GP7FLB7ENAFAMZ
Fri Sep 25 2026 00:00:00 GMT+0100 (West Africa Time),2026-09-25T06:27:53+01:00,NG,,national_online,power,jumia,A,inverter|luminous|nomodel|1.6kva|24v|pure_sine,1.6kva/24v inverter Optimus (pure sine wave),1.6,kVA,290000,181250,,https://www.jumia.com.ng/1.6kva24v-inverter-optimus-pure-sine-wave-luminous-mpg11976371.html,ok,"{""brand"":""luminous"",""model_line"":null,""rating"":1.6,""unit"":""kVA"",""voltage"":24,""topology"":""pure_sine""}",online_retail,asking_price,LU374GP7ELQ4JNAFAMZ
Fri Sep 25 2026 00:00:00 GMT+0100 (West Africa Time),2026-09-25T06:27:53+01:00,NG,,national_online,power,jumia,A,inverter|generic|nomodel|4kva|nov|notopo,4000watts digital display solar power inverter without inbuilt charger,4,kVA,74000,18500,,https://www.jumia.com.ng/generic-4000watts-digital-display-solar-power-inverter-without-inbuilt-charger-418923738.html,ok,"{""brand"":""generic"",""model_line"":null,""rating"":4,""unit"":""kVA"",""voltage"":null,""topology"":null}",online_retail,asking_price,GE779GP8002R9NAFAMZ
Fri Sep 25 2026 00:00:00 GMT+0100 (West Africa Time),2026-09-25T06:27:53+01:00,NG,,national_online,power,jumia,A,battery|generic|nomodel|200ah|nov|lithium,51.2V 10KWH 200AH Lithium Battery (LiFePO4),200,Ah,2500000,,,https://www.jumia.com.ng/generic-51.2v-10kwh-200ah-lithium-battery-lifepo4-419785829.html,ok,"{""brand"":""generic"",""model_line"":null,""rating"":200,""unit"":""Ah"",""voltage"":null,""topology"":""lithium""}",online_retail,asking_price,GE779GP85FO9ZNAFAMZ
Fri Sep 25 2026 00:00:00 GMT+0100 (West Africa Time),2026-09-25T06:27:53+01:00,NG,,national_online,power,jumia,A,inverter|generic|nomodel|1.5kva|12v|notopo,1500w solar power inverter 12v,1.5,kVA,25500,17000,,https://www.jumia.com.ng/1500w-solar-power-inverter-12v-generic-mpg12017966.html,ok,"{""brand"":""generic"",""model_line"":null,""rating"":1.5,""unit"":""kVA"",""voltage"":12,""topology"":null}",online_retail,asking_price,GE779GP885C67NAFAMZ
Fri Sep 25 2026 00:00:00 GMT+0100 (West Africa Time),2026-09-25T06:27:53+01:00,NG,,national_online,power,jumia,A,inverter|generic|nomodel|3kva|12v|notopo,3000w 12v ac/dc inverter with charger ,3,kVA,100000,33333.33,,https://www.jumia.com.ng/generic-3000w-12v-acdc-inverter-with-charger-420036462.html,ok,"{""brand"":""generic"",""model_line"":null,""rating"":3,""unit"":""kVA"",""voltage"":12,""topology"":null}",online_retail,asking_price,GE779GP71WKYINAFAMZ
Fri Sep 25 2026 00:00:00 GMT+0100 (West Africa Time),2026-09-25T06:27:53+01:00,NG,,national_online,power,jumia,A,inverter|generic|nomodel|2kva|12v|notopo,Solar Power Inverter - 2000w 12v,2,kVA,34000,17000,,https://www.jumia.com.ng/solar-power-inverter-2000w-12v-generic-mpg11183057.html,ok,"{""brand"":""generic"",""model_line"":null,""rating"":2,""unit"":""kVA"",""voltage"":12,""topology"":null}",online_retail,asking_price,GE779GP6Q3P15NAFAMZ
Fri Sep 25 2026 00:00:00 GMT+0100 (West Africa Time),2026-09-25T06:27:53+01:00,NG,,national_online,power,jumia,A,inverter|generic|nomodel|10kva|48v|hybrid,BLUE POWER 10KVA 48V Hybrid Inverter With Inbuilt 100A Mppt,10,kVA,1150000,115000,,https://www.jumia.com.ng/generic-blue-power-10kva-48v-hybrid-inverter-with-inbuilt-100a-mppt-420232790.html,ok,"{""brand"":""generic"",""model_line"":null,""rating"":10,""unit"":""kVA"",""voltage"":48,""topology"":""hybrid""}",online_retail,asking_price,GE779GP6RXSG2NAFAMZ
Fri Sep 25 2026 00:00:00 GMT+0100 (West Africa Time),2026-09-25T06:27:53+01:00,NG,,national_online,power,jumia,A,generator|senwei|nomodel|2.8kva|nov|notopo,2.8KVA GENERATOR KEYSTARTER - SV6200E2,2.8,kVA,320000,114285.71,,https://www.jumia.com.ng/senwei-2.8kva-generator-keystarter-sv6200e2-419269513.html,ok,"{""brand"":""senwei"",""model_line"":null,""rating"":2.8,""unit"":""kVA"",""voltage"":null,""topology"":null}",online_retail,asking_price,SE859GP74YLTVNAFAMZ
Fri Sep 25 2026 00:00:00 GMT+0100 (West Africa Time),2026-09-25T06:27:53+01:00,NG,,national_online,power,jumia,A,inverter|generic|nomodel|2kva|12v|notopo,Solar Power Inverter - 2000w 12v,2,kVA,34000,17000,,https://www.jumia.com.ng/solar-power-inverter-2000w-12v-generic-mpg11415491.html,ok,"{""brand"":""generic"",""model_line"":null,""rating"":2,""unit"":""kVA"",""voltage"":12,""topology"":null}",online_retail,asking_price,GE779GP7H7ISJNAFAMZ
Fri Sep 25 2026 00:00:00 GMT+0100 (West Africa Time),2026-09-25T06:27:53+01:00,NG,,national_online,power,jumia,A,battery|cworthenergy|nomodel|300ah|12v|lithium,12V 300Ah LiFePO4 Battery,300,Ah,580000,161111.11,,https://www.jumia.com.ng/12v-300ah-lifepo4-battery-cworth-energy-mpg12064758.html,ok,"{""brand"":""cworth energy"",""model_line"":null,""rating"":300,""unit"":""Ah"",""voltage"":12,""topology"":""lithium""}",online_retail,asking_price,CW780GP6XXSOINAFAMZ
Fri Sep 25 2026 00:00:00 GMT+0100 (West Africa Time),2026-09-25T06:27:53+01:00,NG,,national_online,power,jumia,A,inverter|generic|nomodel|10kva|48v|hybrid,BLUE POWER 10KVA 48V Hybrid Inverter With Inbuilt 100A Mppt,10,kVA,1150000,115000,,https://www.jumia.com.ng/generic-blue-power-10kva-48v-hybrid-inverter-with-inbuilt-100a-mppt-420232788.html,ok,"{""brand"":""generic"",""model_line"":null,""rating"":10,""unit"":""kVA"",""voltage"":48,""topology"":""hybrid""}",online_retail,asking_price,GE779GP82Z18INAFAMZ
Fri Sep 25 2026 00:00:00 GMT+0100 (West Africa Time),2026-09-25T06:27:53+01:00,NG,,national_online,power,jumia,A,inverter|mopower|nomodel|3.5kva|24v|pure_sine,3.5kva 24v Pure Sine Wave Inverter,3.5,kVA,450000,128571.43,,https://www.jumia.com.ng/mopower-3.5kva-24v-pure-sine-wave-inverter-419842943.html,ok,"{""brand"":""mopower"",""model_line"":null,""rating"":3.5,""unit"":""kVA"",""voltage"":24,""topology"":""pure_sine""}",online_retail,asking_price,MO892GP76XY6ZNAFAMZ
Fri Sep 25 2026 00:00:00 GMT+0100 (West Africa Time),2026-09-25T06:27:53+01:00,NG,,national_online,power,jumia,A,inverter|generic|nomodel|10kva|48v|pure_sine,BLUE POWER 10KVA 48V Pure Sine Wave Inverter,10,kVA,1100000,110000,,https://www.jumia.com.ng/generic-blue-power-10kva-48v-pure-sine-wave-inverter-420232812.html,ok,"{""brand"":""generic"",""model_line"":null,""rating"":10,""unit"":""kVA"",""voltage"":48,""topology"":""pure_sine""}",online_retail,asking_price,GE779GP6Z54V6NAFAMZ
Fri Sep 25 2026 00:00:00 GMT+0100 (West Africa Time),2026-09-25T06:27:53+01:00,NG,,national_online,power,jumia,A,battery|cworthenergy|nomodel|300ah|12v|lithium, 12V 300Ah LiFePO4 Battery,300,Ah,580000,161111.11,,https://www.jumia.com.ng/cworth-energy-12v-300ah-lifepo4-battery-420127710.html,ok,"{""brand"":""cworth energy"",""model_line"":null,""rating"":300,""unit"":""Ah"",""voltage"":12,""topology"":""lithium""}",online_retail,asking_price,CW780GP6N7DC6NAFAMZ
Fri Sep 25 2026 00:00:00 GMT+0100 (West Africa Time),2026-09-25T06:27:53+01:00,NG,,national_online,power,jumia,A,inverter|bluegate|nomodel|3kva|24v|pure_sine, 3kVA/24V Pure Sine Wave Solar Inverter BG3000SHF,3,kVA,600000,200000,,https://www.jumia.com.ng/blue-gate-3kva24v-pure-sine-wave-solar-inverter-bg3000shf-418582436.html,ok,"{""brand"":""blue gate"",""model_line"":null,""rating"":3,""unit"":""kVA"",""voltage"":24,""topology"":""pure_sine""}",online_retail,asking_price,BL670GP7NWVS5NAFAMZ
Fri Sep 25 2026 00:00:00 GMT+0100 (West Africa Time),2026-09-25T06:27:53+01:00,NG,,national_online,power,jumia,A,inverter|afriipower|nomodel|2.5kva|24v|pure_sine,2.5kva 24v Pure Sine Wave Inverter,2.5,kVA,530000,212000,,https://www.jumia.com.ng/afriipower-2.5kva-24v-pure-sine-wave-inverter-407711873.html,ok,"{""brand"":""afriipower"",""model_line"":null,""rating"":2.5,""unit"":""kVA"",""voltage"":24,""topology"":""pure_sine""}",online_retail,asking_price,AF479GP78NTQ2NAFAMZ
Fri Sep 25 2026 00:00:00 GMT+0100 (West Africa Time),2026-09-25T06:27:53+01:00,NG,,national_online,power,jumia,A,battery|solarpower|nomodel|120ah|12v|notopo,GLT 12v 120ah Inverter Deep Cycle Battery,120,Ah,150000,104166.67,,https://www.jumia.com.ng/solar-power-glt-12v-120ah-inverter-deep-cycle-battery-420146630.html,ok,"{""brand"":""solar power"",""model_line"":null,""rating"":120,""unit"":""Ah"",""voltage"":12,""topology"":null}",online_retail,asking_price,SO686GP6OBX7QNAFAMZ
Fri Sep 25 2026 00:00:00 GMT+0100 (West Africa Time),2026-09-25T06:27:53+01:00,NG,,national_online,power,jumia,A,inverter|generic|nomodel|1kva|12v|notopo,"1000w 12v Solar Power Inverter for TV, Fan, Home Theater, Bulbs",1,kVA,33900,33900,,https://www.jumia.com.ng/generic-1000w-12v-solar-power-inverter-for-tv-fan-home-theater-bulbs-419351435.html,ok,"{""brand"":""generic"",""model_line"":null,""rating"":1,""unit"":""kVA"",""voltage"":12,""topology"":null}",online_retail,asking_price,GE779GP7HY9JZNAFAMZ
Fri Sep 25 2026 00:00:00 GMT+0100 (West Africa Time),2026-09-25T06:27:53+01:00,NG,,national_online,power,jumia,A,inverter|generic|nomodel|3kva|12v|notopo,3000watts solar power  digital display solar power inverter 12v,3,kVA,58500,19500,,https://www.jumia.com.ng/generic-3000watts-solar-power-digital-display-solar-power-inverter-12v-419763708.html,ok,"{""brand"":""generic"",""model_line"":null,""rating"":3,""unit"":""kVA"",""voltage"":12,""topology"":null}",online_retail,asking_price,GE779GP7Y7UVRNAFAMZ
Fri Sep 25 2026 00:00:00 GMT+0100 (West Africa Time),2026-09-25T06:27:53+01:00,NG,,national_online,power,jumia,A,inverter|mercury|nomodel|2.4kva|nov|modified_sine,2400VA (2.4KVA)Modified Sine Wave Inverter With Charger,2.4,kVA,215000,89583.33,,https://www.jumia.com.ng/mercury-2400va-2.4kvamodified-sine-wave-inverter-with-charger-419686613.html,ok,"{""brand"":""mercury"",""model_line"":null,""rating"":2.4,""unit"":""kVA"",""voltage"":null,""topology"":""modified_sine""}",online_retail,asking_price,ME587GP7505OZNAFAMZ
Fri Sep 25 2026 00:00:00 GMT+0100 (West Africa Time),2026-09-25T06:27:53+01:00,NG,,national_online,power,jumia,A,inverter|generic|nomodel|3kva|nov|notopo,3000 Watts Power Inverter With Inbuilt Charger,3,kVA,100000,33333.33,,https://www.jumia.com.ng/generic-3000-watts-power-inverter-with-inbuilt-charger-392852558.html,ok,"{""brand"":""generic"",""model_line"":null,""rating"":3,""unit"":""kVA"",""voltage"":null,""topology"":null}",online_retail,asking_price,GE779GP6DJ5MTNAFAMZ
Fri Sep 25 2026 00:00:00 GMT+0100 (West Africa Time),2026-09-25T06:27:53+01:00,NG,,national_online,power,jumia,A,inverter|generic|spf6000|6kva|nov|lithium,Growatt SPF 6000 ES plus 11kwh lithium battery 6KVA inverter,6,kVA,4250000,708333.33,,https://www.jumia.com.ng/growatt-spf-6000-es-plus-11kwh-lithium-battery-6kva-inverter-generic-mpg12022611.html,ok,"{""brand"":""generic"",""model_line"":""SPF6000"",""rating"":6,""unit"":""kVA"",""voltage"":null,""topology"":""lithium""}",online_retail,asking_price,GE779GP7E9D7VNAFAMZ
Fri Sep 25 2026 00:00:00 GMT+0100 (West Africa Time),2026-09-25T06:27:53+01:00,NG,,national_online,power,jumia,A,battery|luxsun|nomodel|208.33333333333334ah|24v|lithium, 5kWh 24V Lithium Battery,208.33333333333334,Ah,1400000,280000,,https://www.jumia.com.ng/luxsun-5kwh-24v-lithium-battery-420310151.html,ok,"{""brand"":""luxsun"",""model_line"":null,""rating"":208.33333333333334,""unit"":""Ah"",""voltage"":24,""topology"":""lithium""}",online_retail,asking_price,LU377GP6V527QNAFAMZ
Fri Sep 25 2026 00:00:00 GMT+0100 (West Africa Time),2026-09-25T06:27:53+01:00,NG,,national_online,power,jumia,A,inverter|generic|nomodel|1kva|nov|notopo,1000w Inverter With Inbuilt Charger,1,kVA,35000,35000,,https://www.jumia.com.ng/generic-1000w-inverter-with-inbuilt-charger-415673911.html,ok,"{""brand"":""generic"",""model_line"":null,""rating"":1,""unit"":""kVA"",""voltage"":null,""topology"":null}",online_retail,asking_price,GE779GP6T994JNAFAMZ
Fri Sep 25 2026 00:00:00 GMT+0100 (West Africa Time),2026-09-25T06:27:53+01:00,NG,,national_online,power,jumia,A,battery|gbm|nomodel|200ah|12v|notopo,200Ah 12V Battery -GBM,200,Ah,419300,174708.33,,https://www.jumia.com.ng/gbm-200ah-12v-battery-gbm-40910037.html,ok,"{""brand"":""gbm"",""model_line"":null,""rating"":200,""unit"":""Ah"",""voltage"":12,""topology"":null}",online_retail,asking_price,GB546HL17GOMONAFAMZ
Fri Sep 25 2026 00:00:00 GMT+0100 (West Africa Time),2026-09-25T06:27:53+01:00,NG,,national_online,power,jumia,A,inverter|smarten|nomodel|2.5kva|24v|pure_sine,2.5kva 24v Pure Sine Wave Inverter,2.5,kVA,530000,212000,,https://www.jumia.com.ng/smarten-2.5kva-24v-pure-sine-wave-inverter-407711187.html,ok,"{""brand"":""smarten"",""model_line"":null,""rating"":2.5,""unit"":""kVA"",""voltage"":24,""topology"":""pure_sine""}",online_retail,asking_price,BR864GP7WNLEINAFAMZ
Fri Sep 25 2026 00:00:00 GMT+0100 (West Africa Time),2026-09-25T06:27:53+01:00,NG,,national_online,power,jumia,A,inverter|generic|nomodel|3kva|nov|notopo,3000W Solar Power Inverter 3KVA inverter,3,kVA,55500,18500,,https://www.jumia.com.ng/generic-3000w-solar-power-inverter-3kva-inverter-419730246.html,ok,"{""brand"":""generic"",""model_line"":null,""rating"":3,""unit"":""kVA"",""voltage"":null,""topology"":null}",online_retail,asking_price,GE779GP7ODHXRNAFAMZ
Fri Sep 25 2026 00:00:00 GMT+0100 (West Africa Time),2026-09-25T06:27:53+01:00,NG,,national_online,power,jumia,A,inverter|generic|nomodel|1kva|12v|notopo,1000w solar power inverter 12v 1KVA inverter,1,kVA,29500,29500,,https://www.jumia.com.ng/generic-1000w-solar-power-inverter-12v-1kva-inverter-419747807.html,ok,"{""brand"":""generic"",""model_line"":null,""rating"":1,""unit"":""kVA"",""voltage"":12,""topology"":null}",online_retail,asking_price,GE779GP7SCHBBNAFAMZ
Fri Sep 25 2026 00:00:00 GMT+0100 (West Africa Time),2026-09-25T06:27:53+01:00,NG,,national_online,power,jumia,A,inverter|sun|mppt500v|4.2kva|24v|hybrid," 4.2KVA 24V Hybrid Solar Inverter with Built-in MPPT 500V, Pure Sine Wave",4.2,kVA,450000,107142.86,,https://www.jumia.com.ng/sun-4.2kva-24v-hybrid-solar-inverter-with-built-in-mppt-500v-pure-sine-wave-420146355.html,ok,"{""brand"":""sun"",""model_line"":""MPPT500V"",""rating"":4.2,""unit"":""kVA"",""voltage"":24,""topology"":""hybrid""}",online_retail,asking_price,SU633GP7J416UNAFAMZ
Fri Sep 25 2026 00:00:00 GMT+0100 (West Africa Time),2026-09-25T06:27:53+01:00,NG,,national_online,power,jumia,A,inverter|generic|nomodel|3kva|12v|notopo,solar power inverter 3000watts digital display solar power inverter 12v,3,kVA,56999,18999.67,,https://www.jumia.com.ng/generic-solar-power-inverter-3000watts-digital-display-solar-power-inverter-12v-419985411.html,ok,"{""brand"":""generic"",""model_line"":null,""rating"":3,""unit"":""kVA"",""voltage"":12,""topology"":null}",online_retail,asking_price,GE779GP6SYZSFNAFAMZ
Fri Sep 25 2026 00:00:00 GMT+0100 (West Africa Time),2026-09-25T06:27:53+01:00,NG,,national_online,power,jumia,A,inverter|generic|nomodel|2kva|nov|notopo,2000watts Solar Power Inverter 2000w inverter,2,kVA,43000,21500,,https://www.jumia.com.ng/generic-2000watts-solar-power-inverter-2000w-inverter-419760787.html,ok,"{""brand"":""generic"",""model_line"":null,""rating"":2,""unit"":""kVA"",""voltage"":null,""topology"":null}",online_retail,asking_price,GE779GP7X0CIVNAFAMZ
Fri Sep 25 2026 00:00:00 GMT+0100 (West Africa Time),2026-09-25T06:27:53+01:00,NG,,national_online,power,jumia,A,battery|gbm|nomodel|150ah|12v|notopo,150AH 12V BATTERY,150,Ah,329799,183221.67,,https://www.jumia.com.ng/gbm-150ah-12v-battery-41018759.html,ok,"{""brand"":""gbm"",""model_line"":null,""rating"":150,""unit"":""Ah"",""voltage"":12,""topology"":null}",online_retail,asking_price,GB546HL1L0X3QNAFAMZ
Fri Sep 25 2026 00:00:00 GMT+0100 (West Africa Time),2026-09-25T06:27:53+01:00,NG,,national_online,power,jumia,A,inverter|generic|nomodel|4kva|nov|notopo,4000w solar power inverter with 20A inbuilt charger and digital display,4,kVA,90000,22500,,https://www.jumia.com.ng/generic-4000w-solar-power-inverter-with-20a-inbuilt-charger-and-digital-display-420102305.html,ok,"{""brand"":""generic"",""model_line"":null,""rating"":4,""unit"":""kVA"",""voltage"":null,""topology"":null}",online_retail,asking_price,GE779GP7G3X7QNAFAMZ
Fri Sep 25 2026 00:00:00 GMT+0100 (West Africa Time),2026-09-25T06:27:53+01:00,NG,,national_online,power,jumia,A,inverter|generic|nomodel|4kva|nov|notopo,4000watts digital display solar power inverter without inbuilt charger,4,kVA,84000,21000,,https://www.jumia.com.ng/generic-4000watts-digital-display-solar-power-inverter-without-inbuilt-charger-419328075.html,ok,"{""brand"":""generic"",""model_line"":null,""rating"":4,""unit"":""kVA"",""voltage"":null,""topology"":null}",online_retail,asking_price,GE779GP7K4V13NAFAMZ
Fri Sep 25 2026 00:00:00 GMT+0100 (West Africa Time),2026-09-25T06:27:53+01:00,NG,,national_online,power,jumia,A,inverter|solarpower|nomodel|1kva|nov|notopo,1000W Inverter With Inbuilt 10A Battery Charger,1,kVA,65000,65000,,https://www.jumia.com.ng/solar-power-1000w-inverter-with-inbuilt-10a-battery-charger-420146633.html,ok,"{""brand"":""solar power"",""model_line"":null,""rating"":1,""unit"":""kVA"",""voltage"":null,""topology"":null}",online_retail,asking_price,SO686GP766XD2NAFAMZ
Fri Sep 25 2026 00:00:00 GMT+0100 (West Africa Time),2026-09-25T06:27:53+01:00,NG,,national_online,power,jumia,A,battery|deye|nomodel|104.16666666666667ah|48v|lithium,5kwh lithium battery 48v,104.16666666666667,Ah,1350000,270000,,https://www.jumia.com.ng/deye-5kwh-lithium-battery-48v-420293815.html,ok,"{""brand"":""deye"",""model_line"":null,""rating"":104.16666666666667,""unit"":""Ah"",""voltage"":48,""topology"":""lithium""}",online_retail,asking_price,DE735GP7H0HCYNAFAMZ
Fri Sep 25 2026 00:00:00 GMT+0100 (West Africa Time),2026-09-25T06:27:53+01:00,NG,,national_online,power,jumia,A,inverter|generic|nomodel|2kva|nov|notopo,2000 Watts Power Inverter With Inbuilt 20 Amps Battery Charger,2,kVA,69500,34750,,https://www.jumia.com.ng/generic-2000-watts-power-inverter-with-inbuilt-20-amps-battery-charger-413926921.html,ok,"{""brand"":""generic"",""model_line"":null,""rating"":2,""unit"":""kVA"",""voltage"":null,""topology"":null}",online_retail,asking_price,GE779GP6TV88JNAFAMZ
Fri Sep 25 2026 00:00:00 GMT+0100 (West Africa Time),2026-09-25T06:27:53+01:00,NG,,national_online,power,jumia,A,inverter|generic|nomodel|3kva|nov|notopo,3000watts Inverter & 20ah Solar Charge Controller Combo,3,kVA,64500,21500,,https://www.jumia.com.ng/generic-3000watts-inverter-20ah-solar-charge-controller-combo-413924858.html,ok,"{""brand"":""generic"",""model_line"":null,""rating"":3,""unit"":""kVA"",""voltage"":null,""topology"":null}",online_retail,asking_price,GE779GP819ASZNAFAMZ
Fri Sep 25 2026 00:00:00 GMT+0100 (West Africa Time),2026-09-25T06:27:53+01:00,NG,,national_online,power,jumia,A,inverter|generic|nomodel|2kva|12v|notopo,2000watts inverter with inbuilt charger 12v input and 230v output,2,kVA,56000,28000,,https://www.jumia.com.ng/generic-2000watts-inverter-with-inbuilt-charger-12v-input-and-230v-output-419675094.html,ok,"{""brand"":""generic"",""model_line"":null,""rating"":2,""unit"":""kVA"",""voltage"":12,""topology"":null}",online_retail,asking_price,GE779GP7FCV4RNAFAMZ
Fri Sep 25 2026 00:00:00 GMT+0100 (West Africa Time),2026-09-25T06:27:53+01:00,NG,,national_online,power,jumia,A,inverter|luxsun|nomodel|6.2kva|48v|hybrid, 6.2KVA 48V Hybrid Solar Inverter – 120A MPPT,6.2,kVA,820000,132258.06,,https://www.jumia.com.ng/6.2kva-48v-hybrid-solar-inverter-120a-mppt-luxsun-mpg12056443.html,ok,"{""brand"":""luxsun"",""model_line"":null,""rating"":6.2,""unit"":""kVA"",""voltage"":48,""topology"":""hybrid""}",online_retail,asking_price,LU377GP7YGE7YNAFAMZ
Fri Sep 25 2026 00:00:00 GMT+0100 (West Africa Time),2026-09-25T06:27:53+01:00,NG,,national_online,power,jumia,A,inverter|generic|nomodel|2kva|12v|notopo,2000w inverter with Digital Dispaly With 20A Inbuilt Charger 12V,2,kVA,68900,34450,,https://www.jumia.com.ng/2000w-inverter-with-digital-dispaly-with-20a-inbuilt-charger-12v-generic-mpg12010417.html,ok,"{""brand"":""generic"",""model_line"":null,""rating"":2,""unit"":""kVA"",""voltage"":12,""topology"":null}",online_retail,asking_price,GE779GP7TLNBFNAFAMZ
Fri Sep 25 2026 00:00:00 GMT+0100 (West Africa Time),2026-09-25T06:27:53+01:00,NG,,national_online,power,jumia,A,inverter|generic|nomodel|3kva|12v|notopo,3000watts solar power inverter digital display solar power inverter 12v,3,kVA,58600,19533.33,,https://www.jumia.com.ng/generic-3000watts-solar-power-inverter-digital-display-solar-power-inverter-12v-419760161.html,ok,"{""brand"":""generic"",""model_line"":null,""rating"":3,""unit"":""kVA"",""voltage"":12,""topology"":null}",online_retail,asking_price,GE779GP6VQM1ZNAFAMZ
Fri Sep 25 2026 00:00:00 GMT+0100 (West Africa Time),2026-09-25T06:27:53+01:00,NG,,national_online,power,jumia,A,inverter|generic|nomodel|1kva|nov|notopo,1000Watts Solar Power Inverter,1,kVA,80000,80000,,https://www.jumia.com.ng/generic-1000watts-solar-power-inverter-419040624.html,ok,"{""brand"":""generic"",""model_line"":null,""rating"":1,""unit"":""kVA"",""voltage"":null,""topology"":null}",online_retail,asking_price,GE779GP7BIJI3NAFAMZ
Fri Sep 25 2026 00:00:00 GMT+0100 (West Africa Time),2026-09-25T06:27:53+01:00,NG,,national_online,power,jumia,A,inverter|generic|nomodel|3kva|12v|notopo,3000watts digital display solar power inverter 12V,3,kVA,57800,19266.67,,https://www.jumia.com.ng/generic-3000watts-digital-display-solar-power-inverter-12v-419936907.html,ok,"{""brand"":""generic"",""model_line"":null,""rating"":3,""unit"":""kVA"",""voltage"":12,""topology"":null}",online_retail,asking_price,GE779GP7SEE53NAFAMZ
Fri Sep 25 2026 00:00:00 GMT+0100 (West Africa Time),2026-09-25T06:27:53+01:00,NG,,national_online,power,jumia,A,inverter|mopower|nomodel|3.5kva|24v|pure_sine,3.5kva 24v Pure Sine Wave Inverter,3.5,kVA,500000,142857.14,,https://www.jumia.com.ng/mopower-3.5kva-24v-pure-sine-wave-inverter-420146377.html,ok,"{""brand"":""mopower"",""model_line"":null,""rating"":3.5,""unit"":""kVA"",""voltage"":24,""topology"":""pure_sine""}",online_retail,asking_price,MO892GP7W7KHYNAFAMZ
Fri Sep 25 2026 00:00:00 GMT+0100 (West Africa Time),2026-09-25T06:27:53+01:00,NG,,national_online,power,jumia,A,inverter|generic|nomodel|3.5kva|nov|notopo,LG 3hp Inverter Floor Standing Air Conditioner - Can Work With 3.5kva Gen,3.5,kVA,2400000,685714.29,,https://www.jumia.com.ng/generic-lg-3hp-inverter-floor-standing-air-conditioner-can-work-with-3.5kva-gen-420206745.html,ok,"{""brand"":""generic"",""model_line"":null,""rating"":3.5,""unit"":""kVA"",""voltage"":null,""topology"":null}",online_retail,asking_price,GE779GP7IR37UNAFAMZ
Fri Sep 25 2026 00:00:00 GMT+0100 (West Africa Time),2026-09-25T06:27:53+01:00,NG,,national_online,power,jumia,A,inverter|generic|nomodel|1kva|nov|notopo,1000w Power Inverter With Inbuilt Charger 10A,1,kVA,34000,34000,,https://www.jumia.com.ng/1000w-power-inverter-with-inbuilt-charger-10a-generic-mpg12052224.html,ok,"{""brand"":""generic"",""model_line"":null,""rating"":1,""unit"":""kVA"",""voltage"":null,""topology"":null}",online_retail,asking_price,GE779GP6U50ZQNAFAMZ
Fri Sep 25 2026 00:00:00 GMT+0100 (West Africa Time),2026-09-25T06:27:53+01:00,NG,,national_online,power,jumia,A,inverter|generic|nomodel|3kva|nov|notopo,3000Watts Power Inverter,3,kVA,55000,18333.33,,https://www.jumia.com.ng/3000watts-power-inverter-generic-mpg12023629.html,ok,"{""brand"":""generic"",""model_line"":null,""rating"":3,""unit"":""kVA"",""voltage"":null,""topology"":null}",online_retail,asking_price,GE779GP89EDMFNAFAMZ
Fri Sep 25 2026 00:00:00 GMT+0100 (West Africa Time),2026-09-25T06:27:53+01:00,NG,,national_online,power,jumia,A,charge_ctrl|felicitysolar|cmty120a|120a|48v|mppt,CMTY 120A MPPT Solar Charge Controller – 48V,120,A,410000,3416.67,,https://www.jumia.com.ng/felicity-solar-cmty-120a-mppt-solar-charge-controller-48v-420287513.html,ok,"{""brand"":""felicity solar"",""model_line"":""CMTY120A"",""rating"":120,""unit"":""A"",""voltage"":48,""topology"":""mppt""}",online_retail,asking_price,FE797GP74Y7VENAFAMZ
Fri Sep 25 2026 00:00:00 GMT+0100 (West Africa Time),2026-09-25T06:27:53+01:00,NG,,national_online,power,jumia,A,inverter|luminous|nomodel|1kva|12v|notopo,12V 1KVA Inverter,1,kVA,299999,299999,,https://www.jumia.com.ng/luminous-12v-1kva-inverter-67818858.html,ok,"{""brand"":""luminous"",""model_line"":null,""rating"":1,""unit"":""kVA"",""voltage"":12,""topology"":null}",online_retail,asking_price,LU374HL1F4QVONAFAMZ
Fri Sep 25 2026 00:00:00 GMT+0100 (West Africa Time),2026-09-25T06:27:53+01:00,NG,,national_online,power,jumia,A,battery|generic|nomodel|333.3333333333333ah|12v|lithium,HAISIC 4KWH 12V LITHIUM BATTERY WITH 2 YEAR WARRANTY,333.3333333333333,Ah,796300,199075,,https://www.jumia.com.ng/generic-haisic-4kwh-12v-lithium-battery-with-2-year-warranty-419669132.html,ok,"{""brand"":""generic"",""model_line"":null,""rating"":333.3333333333333,""unit"":""Ah"",""voltage"":12,""topology"":""lithium""}",online_retail,asking_price,GE779GP6ZYKNNNAFAMZ
Fri Sep 25 2026 00:00:00 GMT+0100 (West Africa Time),2026-09-25T06:27:53+01:00,NG,,national_online,power,jumia,A,inverter|felicitysolar|nomodel|3.5kva|nov|notopo,inverter 3.5Kva,3.5,kVA,468000,133714.29,,https://www.jumia.com.ng/felicity-solar-inverter-3.5kva-420320358.html,ok,"{""brand"":""felicity solar"",""model_line"":null,""rating"":3.5,""unit"":""kVA"",""voltage"":null,""topology"":null}",online_retail,asking_price,FE797GP80XPNINAFAMZ
Fri Sep 25 2026 00:00:00 GMT+0100 (West Africa Time),2026-09-25T06:27:53+01:00,NG,,national_online,power,jumia,A,inverter|generic|nomodel|2kva|nov|notopo,2000watts Solar Power Inverter,2,kVA,43000,21500,,https://www.jumia.com.ng/generic-2000watts-solar-power-inverter-419761515.html,ok,"{""brand"":""generic"",""model_line"":null,""rating"":2,""unit"":""kVA"",""voltage"":null,""topology"":null}",online_retail,asking_price,GE779GP7GTKL3NAFAMZ
Fri Sep 25 2026 00:00:00 GMT+0100 (West Africa Time),2026-09-25T06:27:53+01:00,NG,,national_online,power,jumia,A,inverter|generic|nomodel|1kva|12v|notopo,12v 1000watts Inverter,1,kVA,33000,33000,,https://www.jumia.com.ng/generic-12v-1000watts-inverter-419991311.html,ok,"{""brand"":""generic"",""model_line"":null,""rating"":1,""unit"":""kVA"",""voltage"":12,""topology"":null}",online_retail,asking_price,GE779GP6SW0JBNAFAMZ
Fri Sep 25 2026 00:00:00 GMT+0100 (West Africa Time),2026-09-25T06:27:53+01:00,NG,,national_online,power,jumia,A,inverter|generic|nomodel|2kva|12v|notopo,2000w inverter with Digital Dispaly With 20A Inbuilt Charger 12V,2,kVA,55000,27500,,https://www.jumia.com.ng/2000w-inverter-with-digital-dispaly-with-20a-inbuilt-charger-12v-generic-mpg12066717.html,ok,"{""brand"":""generic"",""model_line"":null,""rating"":2,""unit"":""kVA"",""voltage"":12,""topology"":null}",online_retail,asking_price,GE779GP7PHI2INAFAMZ
Fri Sep 25 2026 00:00:00 GMT+0100 (West Africa Time),2026-09-25T06:27:53+01:00,NG,,national_online,power,jumia,A,battery|sukam|nomodel|200ah|12v|sealed,12V 200Ah SMF Battery For Inverter,200,Ah,425999,177499.58,,https://www.jumia.com.ng/sukam-12v-200ah-smf-battery-for-inverter-32841990.html,ok,"{""brand"":""sukam"",""model_line"":null,""rating"":200,""unit"":""Ah"",""voltage"":12,""topology"":""sealed""}",online_retail,asking_price,SU237EL05WIBRNAFAMZ
Fri Sep 25 2026 00:00:00 GMT+0100 (West Africa Time),2026-09-25T06:27:53+01:00,NG,,national_online,power,jumia,A,inverter|sun|mppt500v|4.2kva|24v|hybrid," 4.2KVA 24V Hybrid Solar Inverter with Built-in MPPT 500V, Pure Sine Wave",4.2,kVA,450000,107142.86,,https://www.jumia.com.ng/4.2kva-24v-hybrid-solar-inverter-with-built-in-mppt-500v-pure-sine-wave-sun-mpg12077313.html,ok,"{""brand"":""sun"",""model_line"":""MPPT500V"",""rating"":4.2,""unit"":""kVA"",""voltage"":24,""topology"":""hybrid""}",online_retail,asking_price,SU633GP6N9IHYNAFAMZ
Fri Sep 25 2026 00:00:00 GMT+0100 (West Africa Time),2026-09-25T06:27:53+01:00,NG,,national_online,power,jumia,A,inverter|mopower|nomodel|3.5kva|24v|pure_sine,3.5kva 24v Pure Sine Wave Inverter,3.5,kVA,420000,120000,,https://www.jumia.com.ng/mopower-3.5kva-24v-pure-sine-wave-inverter-420127833.html,ok,"{""brand"":""mopower"",""model_line"":null,""rating"":3.5,""unit"":""kVA"",""voltage"":24,""topology"":""pure_sine""}",online_retail,asking_price,MO892GP76BDUUNAFAMZ
Fri Sep 25 2026 00:00:00 GMT+0100 (West Africa Time),2026-09-25T06:27:53+01:00,NG,,national_online,power,jumia,A,inverter|generic|nomodel|1.5kva|12v|notopo,1500w Solar Power Inverter 12v,1.5,kVA,26000,17333.33,,https://www.jumia.com.ng/generic-1500w-solar-power-inverter-12v-419161160.html,ok,"{""brand"":""generic"",""model_line"":null,""rating"":1.5,""unit"":""kVA"",""voltage"":12,""topology"":null}",online_retail,asking_price,GE779GP6PSH9BNAFAMZ
Fri Sep 25 2026 00:00:00 GMT+0100 (West Africa Time),2026-09-25T06:27:53+01:00,NG,,national_online,power,jumia,A,inverter|generic|nomodel|2kva|nov|notopo,2000 Watts Power Inverter With Inbuilt 20 Amps Battery Charger,2,kVA,60000,30000,,https://www.jumia.com.ng/generic-2000-watts-power-inverter-with-inbuilt-20-amps-battery-charger-419706412.html,ok,"{""brand"":""generic"",""model_line"":null,""rating"":2,""unit"":""kVA"",""voltage"":null,""topology"":null}",online_retail,asking_price,GE779GP6YXD87NAFAMZ
Fri Sep 25 2026 00:00:00 GMT+0100 (West Africa Time),2026-09-25T06:27:53+01:00,NG,,national_online,power,jumia,A,inverter|generic|nomodel|2kva|nov|notopo,2000 Watts Power Inverter With Inbuilt 20 Amps Battery Charger,2,kVA,50000,25000,,https://www.jumia.com.ng/generic-2000-watts-power-inverter-with-inbuilt-20-amps-battery-charger-420219960.html,ok,"{""brand"":""generic"",""model_line"":null,""rating"":2,""unit"":""kVA"",""voltage"":null,""topology"":null}",online_retail,asking_price,GE779GP6QB8F6NAFAMZ
Fri Sep 25 2026 00:00:00 GMT+0100 (West Africa Time),2026-09-25T06:27:53+01:00,NG,,national_online,power,jumia,A,inverter|mopower|nomodel|3.5kva|48v|pure_sine,3.5kVA / 48V Pure Sine Wave Inverter (LCD),3.5,kVA,520000,148571.43,,https://www.jumia.com.ng/mopower-3.5kva-48v-pure-sine-wave-inverter-lcd-420305558.html,ok,"{""brand"":""mopower"",""model_line"":null,""rating"":3.5,""unit"":""kVA"",""voltage"":48,""topology"":""pure_sine""}",online_retail,asking_price,MO892GP81310ENAFAMZ
Fri Sep 25 2026 00:00:00 GMT+0100 (West Africa Time),2026-09-25T06:27:53+01:00,NG,,national_online,power,jumia,A,inverter|generic|nomodel|3kva|12v|notopo,3000watts solar power inverter digital display solar power inverter 12v,3,kVA,59000,19666.67,,https://www.jumia.com.ng/generic-3000watts-solar-power-inverter-digital-display-solar-power-inverter-12v-419793926.html,ok,"{""brand"":""generic"",""model_line"":null,""rating"":3,""unit"":""kVA"",""voltage"":12,""topology"":null}",online_retail,asking_price,GE779GP7NMEMNNAFAMZ
Fri Sep 25 2026 00:00:00 GMT+0100 (West Africa Time),2026-09-25T06:27:53+01:00,NG,,national_online,power,jumia,A,inverter|generic|nomodel|3.6kva|24v|hybrid,Grovolt Solar 3.6kva/24v Hybrid Inverter,3.6,kVA,378000,105000,,https://www.jumia.com.ng/generic-grovolt-solar-3.6kva24v-hybrid-inverter-420257285.html,ok,"{""brand"":""generic"",""model_line"":null,""rating"":3.6,""unit"":""kVA"",""voltage"":24,""topology"":""hybrid""}",online_retail,asking_price,GE779GP7KUFEQNAFAMZ
Fri Sep 25 2026 00:00:00 GMT+0100 (West Africa Time),2026-09-25T06:27:53+01:00,NG,,national_online,power,jumia,A,inverter|jordyele|nomodel|2kva|nov|hybrid,2KVA HYBRID INVERTER,2,kVA,250000,125000,,https://www.jumia.com.ng/jordy-ele-2kva-hybrid-inverter-420295001.html,ok,"{""brand"":""jordy ele"",""model_line"":null,""rating"":2,""unit"":""kVA"",""voltage"":null,""topology"":""hybrid""}",online_retail,asking_price,BR364GP6S4ZPENAFAMZ
Fri Sep 25 2026 00:00:00 GMT+0100 (West Africa Time),2026-09-25T06:27:53+01:00,NG,,national_online,power,jumia,A,inverter|generic|nomodel|2kva|nov|notopo,2000watts Solar Power Inverter,2,kVA,59000,29500,,https://www.jumia.com.ng/generic-2000watts-solar-power-inverter-397885665.html,ok,"{""brand"":""generic"",""model_line"":null,""rating"":2,""unit"":""kVA"",""voltage"":null,""topology"":null}",online_retail,asking_price,GE779GP5WCFR3NAFAMZ
Fri Sep 25 2026 00:00:00 GMT+0100 (West Africa Time),2026-09-25T06:27:53+01:00,NG,,national_online,power,jumia,A,battery|sms|nomodel|220ah|12v|notopo,Solar power Battery 220Ah (12V),220,Ah,295000,111742.42,,https://www.jumia.com.ng/sms-solar-power-battery-220ah-12v-420314130.html,ok,"{""brand"":""sms"",""model_line"":null,""rating"":220,""unit"":""Ah"",""voltage"":12,""topology"":null}",online_retail,asking_price,SM944GP6O0PTINAFAMZ
Fri Sep 25 2026 00:00:00 GMT+0100 (West Africa Time),2026-09-25T06:27:53+01:00,NG,,national_online,power,jumia,A,solar_panel|secenergystorage|nomodel|300w|nov|notopo, 300w portable power station + 60W solar panel,300,W,250000,833.33,,https://www.jumia.com.ng/300w-portable-power-station-60w-solar-panel-sec-energy-storage-mpg12077144.html,ok,"{""brand"":""sec energy storage"",""model_line"":null,""rating"":300,""unit"":""W"",""voltage"":null,""topology"":null}",online_retail,asking_price,SE730GP737GOUNAFAMZ
Fri Sep 25 2026 00:00:00 GMT+0100 (West Africa Time),2026-09-25T06:27:53+01:00,NG,,national_online,power,jumia,A,inverter|luminous|nomodel|1.6kva|24v|pure_sine,1.6kva / 24v inverter Optimus (pure sine wave),1.6,kVA,290000,181250,,https://www.jumia.com.ng/1.6kva-24v-inverter-optimus-pure-sine-wave-luminous-mpg11976379.html,ok,"{""brand"":""luminous"",""model_line"":null,""rating"":1.6,""unit"":""kVA"",""voltage"":24,""topology"":""pure_sine""}",online_retail,asking_price,LU374GP6V0KBNNAFAMZ
Fri Sep 25 2026 00:00:00 GMT+0100 (West Africa Time),2026-09-25T06:27:53+01:00,NG,,national_online,power,jumia,A,inverter|solarpower|nomodel|1.5kva|12v|notopo,1500w inverter 12v,1.5,kVA,49000,32666.67,,https://www.jumia.com.ng/solar-power-1500w-inverter-12v-420145409.html,ok,"{""brand"":""solar power"",""model_line"":null,""rating"":1.5,""unit"":""kVA"",""voltage"":12,""topology"":null}",online_retail,asking_price,SO686GP8404T2NAFAMZ
Fri Sep 25 2026 00:00:00 GMT+0100 (West Africa Time),2026-09-25T06:27:53+01:00,NG,,national_online,power,jumia,A,inverter|generic|nomodel|3.2kva|nov|hybrid,3.2KVA All-in-One Hybrid Inverter,3.2,kVA,585000,182812.5,,https://www.jumia.com.ng/generic-3.2kva-all-in-one-hybrid-inverter-420325138.html,ok,"{""brand"":""generic"",""model_line"":null,""rating"":3.2,""unit"":""kVA"",""voltage"":null,""topology"":""hybrid""}",online_retail,asking_price,GE779GP7ZNMPANAFAMZ
Fri Sep 25 2026 00:00:00 GMT+0100 (West Africa Time),2026-09-25T06:27:53+01:00,NG,,national_online,power,jumia,A,inverter|generic|nomodel|3.2kva|nov|pure_sine,CENTURY 3.2KVA Pure Sine Wave Solar Inverter,3.2,kVA,585000,182812.5,,https://www.jumia.com.ng/generic-century-3.2kva-pure-sine-wave-solar-inverter-420325131.html,ok,"{""brand"":""generic"",""model_line"":null,""rating"":3.2,""unit"":""kVA"",""voltage"":null,""topology"":""pure_sine""}",online_retail,asking_price,GE779GP6TZACUNAFAMZ
Fri Sep 25 2026 00:00:00 GMT+0100 (West Africa Time),2026-09-25T06:27:53+01:00,NG,,national_online,power,jumia,A,inverter|generic|nomodel|1.5kva|12v|notopo,1500watts solar power inverter 12V,1.5,kVA,26000,17333.33,,https://www.jumia.com.ng/generic-1500watts-solar-power-inverter-12v-420102434.html,ok,"{""brand"":""generic"",""model_line"":null,""rating"":1.5,""unit"":""kVA"",""voltage"":12,""topology"":null}",online_retail,asking_price,GE779GP7C0152NAFAMZ
Fri Sep 25 2026 00:00:00 GMT+0100 (West Africa Time),2026-09-25T06:27:53+01:00,NG,,national_online,power,jumia,A,battery|solarpower|nomodel|220ah|12v|notopo,SMS Battery 220Ah (12V),220,Ah,255000,96590.91,,https://www.jumia.com.ng/solar-power-sms-battery-220ah-12v-420305858.html,ok,"{""brand"":""solar power"",""model_line"":null,""rating"":220,""unit"":""Ah"",""voltage"":12,""topology"":null}",online_retail,asking_price,SO686GP819GHQNAFAMZ
Fri Sep 25 2026 00:00:00 GMT+0100 (West Africa Time),2026-09-25T06:27:53+01:00,NG,,national_online,power,jumia,A,inverter|generic|nomodel|2kva|nov|notopo,2000watts Solar Power Inverter ,2,kVA,42500,21250,,https://www.jumia.com.ng/generic-2000watts-solar-power-inverter-419806292.html,ok,"{""brand"":""generic"",""model_line"":null,""rating"":2,""unit"":""kVA"",""voltage"":null,""topology"":null}",online_retail,asking_price,GE779GP73KJTNNAFAMZ
Fri Sep 25 2026 00:00:00 GMT+0100 (West Africa Time),2026-09-25T06:27:53+01:00,NG,,national_online,power,jumia,A,inverter|sun|mppt500v|4.2kva|24v|hybrid,"4.2KVA 24V Hybrid Solar Inverter with Built-in MPPT 500V, Pure Sine Wave",4.2,kVA,450000,107142.86,,https://www.jumia.com.ng/sun-4.2kva-24v-hybrid-solar-inverter-with-built-in-mppt-500v-pure-sine-wave-420140803.html,ok,"{""brand"":""sun"",""model_line"":""MPPT500V"",""rating"":4.2,""unit"":""kVA"",""voltage"":24,""topology"":""hybrid""}",online_retail,asking_price,SU633GP74HMKMNAFAMZ
Fri Sep 25 2026 00:00:00 GMT+0100 (West Africa Time),2026-09-25T06:27:53+01:00,NG,,national_online,power,jumia,A,inverter|felicitysolar|nomodel|2.5kva|nov|notopo,2.5KVA inverter ,2.5,kVA,450000,180000,,https://www.jumia.com.ng/felicity-solar-2.5kva-inverter-420320353.html,ok,"{""brand"":""felicity solar"",""model_line"":null,""rating"":2.5,""unit"":""kVA"",""voltage"":null,""topology"":null}",online_retail,asking_price,FE797GP7761EMNAFAMZ
Fri Sep 25 2026 00:00:00 GMT+0100 (West Africa Time),2026-09-25T06:27:53+01:00,NG,,national_online,power,jumia,A,inverter|generic|nomodel|3kva|nov|notopo,3000W Solar Power Inverter,3,kVA,55000,18333.33,,https://www.jumia.com.ng/generic-3000w-solar-power-inverter-415677777.html,ok,"{""brand"":""generic"",""model_line"":null,""rating"":3,""unit"":""kVA"",""voltage"":null,""topology"":null}",online_retail,asking_price,GE779GP7WGFLFNAFAMZ
Fri Sep 25 2026 00:00:00 GMT+0100 (West Africa Time),2026-09-25T06:27:53+01:00,NG,,national_online,power,jumia,A,generator|senwei|nomodel|4.5kva|nov|notopo,Senwei 4.5KVA Manul Start Generator. -Low Noise Level,4.5,kVA,229909,51090.89,,https://www.jumia.com.ng/senwei-senwei-4.5kva-manul-start-generator.-low-noise-level-223719735.html,ok,"{""brand"":""senwei"",""model_line"":null,""rating"":4.5,""unit"":""kVA"",""voltage"":null,""topology"":null}",online_retail,asking_price,SE859GP473MYCNAFAMZ
Fri Sep 25 2026 00:00:00 GMT+0100 (West Africa Time),2026-09-25T06:27:53+01:00,NG,,national_online,power,jumia,A,generator|senwei|nomodel|4.5kva|nov|notopo,4.5 KVA Key Starter Low Noise Generator-Full Coil-SV6200E2,4.5,kVA,260925,57983.33,,https://www.jumia.com.ng/senwei-4.5-kva-key-starter-low-noise-generator-full-coil-sv6200e2-253280120.html,ok,"{""brand"":""senwei"",""model_line"":null,""rating"":4.5,""unit"":""kVA"",""voltage"":null,""topology"":null}",online_retail,asking_price,SE859GP3CBVPNNAFAMZ
Fri Sep 25 2026 00:00:00 GMT+0100 (West Africa Time),2026-09-25T06:27:53+01:00,NG,,national_online,power,jumia,A,generator|senwei|nomodel|4.5kva|nov|notopo,4.5KVA Manual Start Generator -sv5200,4.5,kVA,224990,49997.78,,https://www.jumia.com.ng/senwei-4.5kva-manual-start-generator-sv5200-267738077.html,ok,"{""brand"":""senwei"",""model_line"":null,""rating"":4.5,""unit"":""kVA"",""voltage"":null,""topology"":null}",online_retail,asking_price,SE859VP4KYV7KNAFAMZ
Fri Sep 25 2026 00:00:00 GMT+0100 (West Africa Time),2026-09-25T06:27:53+01:00,NG,,national_online,power,jumia,A,generator|senwei|nomodel|1.8kva|nov|notopo,1.8kva Ecology Generator (Eco2020s),1.8,kVA,1150990,639438.89,,https://www.jumia.com.ng/senwei-1.8kva-ecology-generator-eco2020s-126474289.html,ok,"{""brand"":""senwei"",""model_line"":null,""rating"":1.8,""unit"":""kVA"",""voltage"":null,""topology"":null}",online_retail,asking_price,SE859GP3A14PYNAFAMZ
Fri Sep 25 2026 00:00:00 GMT+0100 (West Africa Time),2026-09-25T06:27:53+01:00,NG,,national_online,power,jumia,A,generator|senwei|sv2200|1.8kva|nov|notopo,1.8Kva Portable Generator- SV2200 (New Quality),1.8,kVA,1150990,639438.89,,https://www.jumia.com.ng/senwei-1.8kva-portable-generator-sv2200-new-quality-369839248.html,ok,"{""brand"":""senwei"",""model_line"":""SV2200"",""rating"":1.8,""unit"":""kVA"",""voltage"":null,""topology"":null}",online_retail,asking_price,SE859GP6CSR2GNAFAMZ
Fri Sep 25 2026 00:00:00 GMT+0100 (West Africa Time),2026-09-25T06:27:53+01:00,NG,,national_online,power,jumia,A,generator|senwei|nomodel|1.8kva|nov|notopo,Manual Start Strong 1.8KVA Generator + Gift,1.8,kVA,146850,81583.33,,https://www.jumia.com.ng/senwei-manual-start-strong-1.8kva-generator-gift-397887408.html,ok,"{""brand"":""senwei"",""model_line"":null,""rating"":1.8,""unit"":""kVA"",""voltage"":null,""topology"":null}",online_retail,asking_price,SE859GP6AIZDRNAFAMZ
Fri Sep 25 2026 00:00:00 GMT+0100 (West Africa Time),2026-09-25T06:27:53+01:00,NG,,national_online,power,jumia,A,generator|senwei|nomodel|1.8kva|nov|notopo,1.8kva Ecology Generator- Eco2020s(New Improved),1.8,kVA,1150990,639438.89,,https://www.jumia.com.ng/senwei-1.8kva-ecology-generator-eco2020snew-improved-274989413.html,ok,"{""brand"":""senwei"",""model_line"":null,""rating"":1.8,""unit"":""kVA"",""voltage"":null,""topology"":null}",online_retail,asking_price,SE859GP3TTTQBNAFAMZ
Fri Sep 25 2026 00:00:00 GMT+0100 (West Africa Time),2026-09-25T06:27:53+01:00,NG,,national_online,power,jumia,A,generator|senwei|nomodel|1.8kva|nov|notopo,Manual Start Strong 1.8KVA Generator + Gift,1.8,kVA,147850,82138.89,,https://www.jumia.com.ng/senwei-manual-start-strong-1.8kva-generator-gift-401185243.html,ok,"{""brand"":""senwei"",""model_line"":null,""rating"":1.8,""unit"":""kVA"",""voltage"":null,""topology"":null}",online_retail,asking_price,SE859GP76JNPANAFAMZ