run_date,run_timestamp,country,state,geo_scope,category,site_or_source,source_tier,item_key,product_name_raw,pack_size,pack_unit,price_ngn,unit_price_ngn,n_reports,url_or_ref,scrape_status
Mon Aug 17 2026 00:00:00 GMT+0100 (West Africa Time),2026-08-17T06:27:53+01:00,NG,LA,city_online,food,supermart,A,bread,1X4 Pav Bread,4,piece,900,225,,https://www.supermart.ng/products/1x4-pav-bread,ok
Mon Aug 17 2026 00:00:00 GMT+0100 (West Africa Time),2026-08-17T06:27:53+01:00,NG,LA,city_online,food,supermart,A,soap_bar,2Sure Multi-Purpose Bar Soap 250 g,250g,kg,445,,,https://www.supermart.ng/products/2sure-multi-purpose-bar-soap-250-g,ok_no_unit
Mon Aug 17 2026 00:00:00 GMT+0100 (West Africa Time),2026-08-17T06:27:53+01:00,NG,LA,city_online,food,supermart,A,bread,5 Loaves Premium Bread,1,piece,365,365,,https://www.supermart.ng/products/5-loaves-premium-bread,ok
Mon Aug 17 2026 00:00:00 GMT+0100 (West Africa Time),2026-08-17T06:27:53+01:00,NG,LA,city_online,food,supermart,A,chicken_frozen,9 Lives Hearty Cuts With Real Chicken & Fish in Gravy 624 g,0.624,kg,365,584.94,,https://www.supermart.ng/products/9-lives-hearty-cuts-with-real-chicken-fish-in-gravy-624-g,ok
Mon Aug 17 2026 00:00:00 GMT+0100 (West Africa Time),2026-08-17T06:27:53+01:00,NG,LA,city_online,food,supermart,A,chicken_frozen,9 Lives Meaty Pate With Real Chicken & Tuna 624 g,0.624,kg,365,584.94,,https://www.supermart.ng/products/9-lives-meaty-pate-with-real-chicken-tuna-624-g,ok
Mon Aug 17 2026 00:00:00 GMT+0100 (West Africa Time),2026-08-17T06:27:53+01:00,NG,LA,city_online,food,supermart,A,chicken_frozen,9 Lives Meaty Pate With Real Chicken 624 g,0.624,kg,365,584.94,,https://www.supermart.ng/products/9-lives-meaty-pate-with-real-chicken-624-g,ok
Mon Aug 17 2026 00:00:00 GMT+0100 (West Africa Time),2026-08-17T06:27:53+01:00,NG,LA,city_online,food,supermart,A,beans_brown,Aace Foods Beans Flour 900 g,0.9,kg,4415,4905.56,,https://www.supermart.ng/products/aace-foods-beans-flour-900-g,ok
Mon Aug 17 2026 00:00:00 GMT+0100 (West Africa Time),2026-08-17T06:27:53+01:00,NG,LA,city_online,food,supermart,A,rice,Aace Foods Fried Rice Seasoning Powder 35 g,0.035,kg,945,27000,,https://www.supermart.ng/products/aace-foods-fried-rice-seasoning-powder-35-g,ok
Mon Aug 17 2026 00:00:00 GMT+0100 (West Africa Time),2026-08-17T06:27:53+01:00,NG,LA,city_online,food,supermart,A,rice,Aace Foods Fried Rice Seasoning Powder 80 g,0.08,kg,1465,18312.5,,https://www.supermart.ng/products/aace-foods-fried-rice-seasoning-powder-80-g,ok
Mon Aug 17 2026 00:00:00 GMT+0100 (West Africa Time),2026-08-17T06:27:53+01:00,NG,LA,city_online,food,supermart,A,rice,Aace Foods Jollof Rice Seasoning Powder 100 g,0.1,kg,820,8200,,https://www.supermart.ng/products/aace-foods-jollof-rice-seasoning-powder-100-g,ok
Mon Aug 17 2026 00:00:00 GMT+0100 (West Africa Time),2026-08-17T06:27:53+01:00,NG,LA,city_online,food,supermart,A,rice,Aace Foods Jollof Rice Seasoning Powder 35 g,0.035,kg,670,19142.86,,https://www.supermart.ng/products/aace-foods-jollof-rice-seasoning-powder-35-g,ok
Mon Aug 17 2026 00:00:00 GMT+0100 (West Africa Time),2026-08-17T06:27:53+01:00,NG,LA,city_online,food,supermart,A,rice,Aace Foods Jollof Rice Seasoning Powder 80 g,0.08,kg,1040,13000,,https://www.supermart.ng/products/aace-foods-jollof-rice-seasoning-powder-80-g,ok
Mon Aug 17 2026 00:00:00 GMT+0100 (West Africa Time),2026-08-17T06:27:53+01:00,NG,LA,city_online,food,supermart,A,chicken_frozen,Aagrah Butter Chicken Tarka Paste 270 g,0.27,kg,17350,64259.26,,https://www.supermart.ng/products/aagrah-butter-chicken-tarka-paste-270-g,ok
Mon Aug 17 2026 00:00:00 GMT+0100 (West Africa Time),2026-08-17T06:27:53+01:00,NG,LA,city_online,food,supermart,A,rice,"Abadini Natural, Healthy, Parboiled Rice 10 kg",10,kg,6300,630,,https://www.supermart.ng/products/abadini-natural-healthy-parboiled-rice-10-kg,ok
Mon Aug 17 2026 00:00:00 GMT+0100 (West Africa Time),2026-08-17T06:27:53+01:00,NG,LA,city_online,food,supermart,A,rice,"Abadini Natural, Healthy, Parboiled Rice 25 kg",25,kg,14000,560,,https://www.supermart.ng/products/abadini-natural-healthy-parboiled-rice-25-kg,ok
Mon Aug 17 2026 00:00:00 GMT+0100 (West Africa Time),2026-08-17T06:27:53+01:00,NG,LA,city_online,food,supermart,A,rice,"Abadini Natural, Healthy, Parboiled Rice 5 kg",5,kg,3750,750,,https://www.supermart.ng/products/abadini-natural-healthy-parboiled-rice-5-kg,ok
Mon Aug 17 2026 00:00:00 GMT+0100 (West Africa Time),2026-08-17T06:27:53+01:00,NG,LA,city_online,food,supermart,A,rice,"Abadini Natural, Healthy, Parboiled Rice 50 kg",50,kg,28000,560,,https://www.supermart.ng/products/abadini-natural-healthy-parboiled-rice-50-kg,ok
Mon Aug 17 2026 00:00:00 GMT+0100 (West Africa Time),2026-08-17T06:27:53+01:00,NG,LA,city_online,food,supermart,A,beans_brown,Abebi Beans Flour 500 g,0.5,kg,2225,4450,,https://www.supermart.ng/products/abebi-beans-flour-500-g,ok
Mon Aug 17 2026 00:00:00 GMT+0100 (West Africa Time),2026-08-17T06:27:53+01:00,NG,LA,city_online,food,supermart,A,beans_brown,Abebi Brown Beans 1 kg,1,kg,5695,5695,,https://www.supermart.ng/products/abebi-brown-beans-1-kg,ok
Mon Aug 17 2026 00:00:00 GMT+0100 (West Africa Time),2026-08-17T06:27:53+01:00,NG,LA,city_online,food,supermart,A,poundo_yam,Abebi Plantain Flour 900 g (Elubo Ogede),0.9,kg,4905,5450,,https://www.supermart.ng/products/abebi-plantain-flour-900-g-elubo-ogede,ok
Mon Aug 17 2026 00:00:00 GMT+0100 (West Africa Time),2026-08-17T06:27:53+01:00,NG,LA,city_online,food,supermart,A,poundo_yam,Abebi Yam Flour 1 kg (Elubo Isu),1,kg,4560,4560,,https://www.supermart.ng/products/abebi-yam-flour-1-kg,ok
Mon Aug 17 2026 00:00:00 GMT+0100 (West Africa Time),2026-08-17T06:27:53+01:00,NG,LA,city_online,food,supermart,A,veg_oil,Activa Pure Vegetable Oil 3 L,3,l,7830,2610,,https://www.supermart.ng/products/activa-pure-vegetable-oil-3-l,ok
Mon Aug 17 2026 00:00:00 GMT+0100 (West Africa Time),2026-08-17T06:27:53+01:00,NG,LA,city_online,food,supermart,A,veg_oil,Activa Pure Vegetable Oil 5 L,5,l,21455,4291,,https://www.supermart.ng/products/activa-pure-vegetable-oil-5-l,ok
Mon Aug 17 2026 00:00:00 GMT+0100 (West Africa Time),2026-08-17T06:27:53+01:00,NG,LA,city_online,food,supermart,A,veg_oil,Activa Pure Vegetable Oil 750 ml,0.75,l,3600,4800,,https://www.supermart.ng/products/activa-pure-vegetable-oil-750-ml,ok
Mon Aug 17 2026 00:00:00 GMT+0100 (West Africa Time),2026-08-17T06:27:53+01:00,NG,LA,city_online,food,supermart,A,veg_oil,Activa Pure Vegetable Oil 900 ml,0.9,l,4435,4927.78,,https://www.supermart.ng/products/activa-pure-vegetable-oil-900-ml,ok
Mon Aug 17 2026 00:00:00 GMT+0100 (West Africa Time),2026-08-17T06:27:53+01:00,NG,LA,city_online,food,supermart,A,veg_oil,Active Gold Vegetable Oil 5 L,5,l,27090,5418,,https://www.supermart.ng/products/active-gold-vegetable-oil-5-l,ok
Mon Aug 17 2026 00:00:00 GMT+0100 (West Africa Time),2026-08-17T06:27:53+01:00,NG,LA,city_online,food,supermart,A,veg_oil,Active Premium Vegetable Oil 1 L,1,l,1155,1155,,https://www.supermart.ng/products/active-premium-vegetable-oil-1-l,ok
Mon Aug 17 2026 00:00:00 GMT+0100 (West Africa Time),2026-08-17T06:27:53+01:00,NG,LA,city_online,food,supermart,A,veg_oil,Active Premium Vegetable Oil 3 L,3,l,3450,1150,,https://www.supermart.ng/products/active-premium-vegetable-oil-3-l,ok
Mon Aug 17 2026 00:00:00 GMT+0100 (West Africa Time),2026-08-17T06:27:53+01:00,NG,LA,city_online,food,supermart,A,eggs,Addmie Chicken Veggie Seasoning 16 g,16g,kg,480,,,https://www.supermart.ng/products/addmie-chicken-veggie-seasoning-16-g,ok_no_unit
Mon Aug 17 2026 00:00:00 GMT+0100 (West Africa Time),2026-08-17T06:27:53+01:00,NG,LA,city_online,food,supermart,A,eggs,Addmie Classic Veggie Seasoning 16 g,16g,kg,480,,,https://www.supermart.ng/products/addmie-classic-veggie-seasoning-16-g,ok_no_unit
Mon Aug 17 2026 00:00:00 GMT+0100 (West Africa Time),2026-08-17T06:27:53+01:00,NG,LA,city_online,food,supermart,A,eggs,Addmie Crayfish Veggie Seasoning 16 g,16g,kg,480,,,https://www.supermart.ng/products/addmie-crayfish-veggie-seasoning-16-g,ok_no_unit
Mon Aug 17 2026 00:00:00 GMT+0100 (West Africa Time),2026-08-17T06:27:53+01:00,NG,LA,city_online,food,supermart,A,eggs,Addmie Pastamate Red Sauce Mix With Dried Veggies & Chicken Chunks 80 g,80g,kg,3050,,,https://www.supermart.ng/products/addmie-pastamate-red-sauce-mix-with-dried-veggies-chicken-chunks-80-g,ok_no_unit
Mon Aug 17 2026 00:00:00 GMT+0100 (West Africa Time),2026-08-17T06:27:53+01:00,NG,LA,city_online,food,supermart,A,eggs,Addmie Pastamate White Sauce Mix With Dried Veggies & Chicken Chunks 80 g,80g,kg,3050,,,https://www.supermart.ng/products/addmie-pastamate-white-sauce-mix-with-dried-veggies-chicken-chunks-80-g,ok_no_unit
Mon Aug 17 2026 00:00:00 GMT+0100 (West Africa Time),2026-08-17T06:27:53+01:00,NG,LA,city_online,food,supermart,A,seasoning,Addmie Seasoning Cube Beef Flavour 4 g,4g,kg,395,,,https://www.supermart.ng/products/addmie-seasoning-cube-beef-flavour-4-g,ok_no_unit
Mon Aug 17 2026 00:00:00 GMT+0100 (West Africa Time),2026-08-17T06:27:53+01:00,NG,LA,city_online,food,supermart,A,seasoning,Addmie Seasoning Cube Chicken Flavour 4 g,4g,kg,395,,,https://www.supermart.ng/products/addmie-seasoning-cube-chicken-flavour-4-g,ok_no_unit
Mon Aug 17 2026 00:00:00 GMT+0100 (West Africa Time),2026-08-17T06:27:53+01:00,NG,LA,city_online,food,supermart,A,seasoning,Adja Chicken Flavour Seasoning Cubes 5 g x144,5g x144,kg,720,,,https://www.supermart.ng/products/adja-chicken-flavour-seasoning-cubes-5-g-x144,ok_no_unit
Mon Aug 17 2026 00:00:00 GMT+0100 (West Africa Time),2026-08-17T06:27:53+01:00,NG,LA,city_online,food,supermart,A,seasoning,Adja Chicken Seasoning Cubes 12 g x60,12g x60,kg,365,,,https://www.supermart.ng/products/adja-chicken-seasoning-cubes-12-g-x60,ok_no_unit
Mon Aug 17 2026 00:00:00 GMT+0100 (West Africa Time),2026-08-17T06:27:53+01:00,NG,LA,city_online,food,supermart,A,seasoning,Adja Spices Flavour Seasoning Cube 5 g x144,5g x144,kg,365,,,https://www.supermart.ng/products/adja-spices-flavour-seasoning-cube-5-g-x144,ok_no_unit
Mon Aug 17 2026 00:00:00 GMT+0100 (West Africa Time),2026-08-17T06:27:53+01:00,NG,LA,city_online,food,supermart,A,spaghetti,Adriana Pasta Funghetto 500 g,0.5,kg,3850,7700,,https://www.supermart.ng/products/adriana-pasta-funghetto-500-g,ok
Mon Aug 17 2026 00:00:00 GMT+0100 (West Africa Time),2026-08-17T06:27:53+01:00,NG,LA,city_online,food,supermart,A,spaghetti,Adriana Pasta Penne 500 g,0.5,kg,3850,7700,,https://www.supermart.ng/products/adriana-pasta-penne-500-g,ok
Mon Aug 17 2026 00:00:00 GMT+0100 (West Africa Time),2026-08-17T06:27:53+01:00,NG,LA,city_online,food,supermart,A,fish_frozen,Adriatic Queen Mackerel Fillets In Olive Oil 105 g,0.105,kg,1450,13809.52,,https://www.supermart.ng/products/adriatic-queen-mackerel-fillets-in-olive-oil-105-g,ok
Mon Aug 17 2026 00:00:00 GMT+0100 (West Africa Time),2026-08-17T06:27:53+01:00,NG,LA,city_online,food,supermart,A,fish_frozen,Adriatic Queen Sardines In Olive Oil 105 g,0.105,kg,695,6619.05,,https://www.supermart.ng/products/adriatic-queen-sardines-in-olive-oil-105-g,ok
Mon Aug 17 2026 00:00:00 GMT+0100 (West Africa Time),2026-08-17T06:27:53+01:00,NG,LA,city_online,food,supermart,A,rice,Aeroplane Basmati Rice 1 kg,1,kg,1780,1780,,https://www.supermart.ng/products/aeroplane-basmati-rice-1-kg,ok
Mon Aug 17 2026 00:00:00 GMT+0100 (West Africa Time),2026-08-17T06:27:53+01:00,NG,LA,city_online,food,supermart,A,rice,Aeroplane Basmati Rice 10 kg,10,kg,29500,2950,,https://www.supermart.ng/products/aeroplane-basmati-rice-10-kg,ok
Mon Aug 17 2026 00:00:00 GMT+0100 (West Africa Time),2026-08-17T06:27:53+01:00,NG,LA,city_online,food,supermart,A,rice,Aeroplane Basmati Rice For Diabetics 1 kg,1,kg,1680,1680,,https://www.supermart.ng/products/aeroplane-basmati-rice-for-diabetics-1-kg,ok
Mon Aug 17 2026 00:00:00 GMT+0100 (West Africa Time),2026-08-17T06:27:53+01:00,NG,LA,city_online,food,supermart,A,rice,Aeroplane Basmati Rice For Diabetics 5 kg,5,kg,8700,1740,,https://www.supermart.ng/products/aeroplane-basmati-rice-for-diabetics-5-kg,ok
Mon Aug 17 2026 00:00:00 GMT+0100 (West Africa Time),2026-08-17T06:27:53+01:00,NG,LA,city_online,food,supermart,A,veg_oil,Afia Sunflower Oil 1.8 L,1.8,l,4100,2277.78,,https://www.supermart.ng/products/afia-sunflower-oil-18-l,ok
Mon Aug 17 2026 00:00:00 GMT+0100 (West Africa Time),2026-08-17T06:27:53+01:00,NG,LA,city_online,food,supermart,A,veg_oil,Afia Sunflower Oil 3.5 L,3.5,l,365,104.29,,https://www.supermart.ng/products/afia-sunflower-oil-35-l,ok
Mon Aug 17 2026 00:00:00 GMT+0100 (West Africa Time),2026-08-17T06:27:53+01:00,NG,LA,city_online,food,supermart,A,rice,African Princess Parboiled Rice 50 kg,50,kg,365,7.3,,https://www.supermart.ng/products/african-princess-parboiled-rice-50-kg,ok
Mon Aug 17 2026 00:00:00 GMT+0100 (West Africa Time),2026-08-17T06:27:53+01:00,NG,LA,city_online,food,supermart,A,beans_brown,Afro Black Eye Beans 1.6 kg,1.6,kg,365,228.13,,https://www.supermart.ng/products/afro-black-eye-beans-16-kg,ok
Mon Aug 17 2026 00:00:00 GMT+0100 (West Africa Time),2026-08-17T06:27:53+01:00,NG,LA,city_online,food,supermart,A,beans_brown,Afro Black Eye Beans 2.5 kg,2.5,kg,2070,828,,https://www.supermart.ng/products/afro-black-eye-beans-25-kg,ok
Mon Aug 17 2026 00:00:00 GMT+0100 (West Africa Time),2026-08-17T06:27:53+01:00,NG,LA,city_online,food,supermart,A,beans_brown,Afro Brown Sweet Beans 1.6 kg,1.6,kg,365,228.13,,https://www.supermart.ng/products/afro-brown-sweet-beans-16-kg,ok
Mon Aug 17 2026 00:00:00 GMT+0100 (West Africa Time),2026-08-17T06:27:53+01:00,NG,LA,city_online,food,supermart,A,beans_brown,Afro Brown Sweet Beans 2.5 kg,2.5,kg,2070,828,,https://www.supermart.ng/products/afro-brown-sweet-beans-25-kg,ok
Mon Aug 17 2026 00:00:00 GMT+0100 (West Africa Time),2026-08-17T06:27:53+01:00,NG,LA,city_online,food,supermart,A,sugar,Afro Granulated White Sugar 750 g,0.75,kg,650,866.67,,https://www.supermart.ng/products/afro-granulated-white-sugar-750-g,ok
Mon Aug 17 2026 00:00:00 GMT+0100 (West Africa Time),2026-08-17T06:27:53+01:00,NG,LA,city_online,food,supermart,A,salt,Afro Iodized & Extra Fine Table Salt 750 g,0.75,kg,215,286.67,,https://www.supermart.ng/products/afro-iodized-extra-fine-table-salt-750-g,ok
Mon Aug 17 2026 00:00:00 GMT+0100 (West Africa Time),2026-08-17T06:27:53+01:00,NG,LA,city_online,food,supermart,A,poundo_yam,Afro Iya Amala Yam Flour (Elubo) 1.5 kg,1.5,kg,1230,820,,https://www.supermart.ng/products/afro-iya-amala-yam-flour-elubo-15-kg,ok
Mon Aug 17 2026 00:00:00 GMT+0100 (West Africa Time),2026-08-17T06:27:53+01:00,NG,LA,city_online,food,supermart,A,bread,Agege Bread - Large,1,piece,800,800,,https://www.supermart.ng/products/agege-bread-large,ok
Mon Aug 17 2026 00:00:00 GMT+0100 (West Africa Time),2026-08-17T06:27:53+01:00,NG,LA,city_online,food,supermart,A,bread,Agege Bread - Medium,1,piece,700,700,,https://www.supermart.ng/products/agege-bread-medium,ok
Mon Aug 17 2026 00:00:00 GMT+0100 (West Africa Time),2026-08-17T06:27:53+01:00,NG,LA,city_online,food,supermart,A,bread,Agege Bread - Small,1,piece,600,600,,https://www.supermart.ng/products/agege-bread-small,ok
Mon Aug 17 2026 00:00:00 GMT+0100 (West Africa Time),2026-08-17T06:27:53+01:00,NG,LA,city_online,food,supermart,A,spaghetti,Agnesi Tagliatelle Mezzane Pasta 500 g,0.5,kg,1120,2240,,https://www.supermart.ng/products/agnesi-tagliatelle-mezzane-pasta-500-g,ok
Mon Aug 17 2026 00:00:00 GMT+0100 (West Africa Time),2026-08-17T06:27:53+01:00,NG,LA,city_online,food,supermart,A,spaghetti,Agnessi Spaghetti 500 g,0.5,kg,990,1980,,https://www.supermart.ng/products/agnessi-spaghetti-500-g,ok
Mon Aug 17 2026 00:00:00 GMT+0100 (West Africa Time),2026-08-17T06:27:53+01:00,NG,LA,city_online,food,supermart,A,spaghetti,Agnessi Spaghettini 500 g,0.5,kg,990,1980,,https://www.supermart.ng/products/agnessi-spaghettini-500-g,ok
Mon Aug 17 2026 00:00:00 GMT+0100 (West Africa Time),2026-08-17T06:27:53+01:00,NG,LA,city_online,food,supermart,A,milk_powder,AGV Soy Milk Powder Sweetened With Fruit 360 g,0.36,kg,2510,6972.22,,https://www.supermart.ng/products/agv-soy-milk-powder-sweetened-with-fruit-360-g,ok
Mon Aug 17 2026 00:00:00 GMT+0100 (West Africa Time),2026-08-17T06:27:53+01:00,NG,LA,city_online,food,supermart,A,bread,Aildas Bread Bin Keeper,1,piece,785,785,,https://www.supermart.ng/products/aildas-bread-bin-keeper,ok
Mon Aug 17 2026 00:00:00 GMT+0100 (West Africa Time),2026-08-17T06:27:53+01:00,NG,LA,city_online,food,supermart,A,chicken_frozen,Ainsley Harriott Thai Chicken & Lemongrass Cup Soup 80 g,0.08,kg,9310,116375,,https://www.supermart.ng/products/ainsley-harriott-thai-chicken-lemongrass-cup-soup-80-g,ok
Mon Aug 17 2026 00:00:00 GMT+0100 (West Africa Time),2026-08-17T06:27:53+01:00,NG,LA,city_online,food,supermart,A,sugar,Airwaves Menthol & Eucalyptus Sugar-Free Chewing Gum 10 Pieces,,,5935,,,https://www.supermart.ng/products/airwaves-menthol-eucalyptus-sugar-free-chewing-gum-10-pieces,ok_no_unit
Mon Aug 17 2026 00:00:00 GMT+0100 (West Africa Time),2026-08-17T06:27:53+01:00,NG,LA,city_online,food,supermart,A,beans_brown,Aji-No-Moto Deli Dawa Fermented Locust Beans Seasoning Powder 10 g x10,0.1,kg,610,6100,,https://www.supermart.ng/products/aji-no-moto-deli-dawa-fermented-locust-beans-seasoning-powder-10-g-x10,ok
Mon Aug 17 2026 00:00:00 GMT+0100 (West Africa Time),2026-08-17T06:27:53+01:00,NG,LA,city_online,food,supermart,A,chicken_frozen,Aji-No-Moto Madish Curry & Chicken 6 g x10,0.06,kg,580,9666.67,,https://www.supermart.ng/products/aji-no-moto-madish-curry-chicken-6-g-x10,ok
Mon Aug 17 2026 00:00:00 GMT+0100 (West Africa Time),2026-08-17T06:27:53+01:00,NG,LA,city_online,food,supermart,A,soft_drink,Ajmal Fantabulous EDP 100 ml,0.1,l,34200,342000,,https://www.supermart.ng/products/ajmal-fantabulous-edp-100-ml,ok
Mon Aug 17 2026 00:00:00 GMT+0100 (West Africa Time),2026-08-17T06:27:53+01:00,NG,LA,city_online,food,supermart,A,rice,Akash Gold Basmati Rice 10 kg,10,kg,234720,23472,,https://www.supermart.ng/products/akash-gold-basmati-rice-10-kg,ok
Mon Aug 17 2026 00:00:00 GMT+0100 (West Africa Time),2026-08-17T06:27:53+01:00,NG,LA,city_online,food,supermart,A,rice,Akash Gold Basmati Rice 2 kg,2,kg,50660,25330,,https://www.supermart.ng/products/akash-gold-basmati-rice-2-kg,ok
Mon Aug 17 2026 00:00:00 GMT+0100 (West Africa Time),2026-08-17T06:27:53+01:00,NG,LA,city_online,food,supermart,A,chicken_frozen,Akira Chicken Bone Broth 350 ml,350ml,l,20130,,,https://www.supermart.ng/products/akira-chicken-bone-broth-350-ml,ok_no_unit
Mon Aug 17 2026 00:00:00 GMT+0100 (West Africa Time),2026-08-17T06:27:53+01:00,NG,LA,city_online,food,supermart,A,chicken_frozen,Al Kabeer BBQ Chicken Wings 400 g,0.4,kg,10900,27250,,https://www.supermart.ng/products/al-kabeer-bbq-chicken-wings-400-g,ok
Mon Aug 17 2026 00:00:00 GMT+0100 (West Africa Time),2026-08-17T06:27:53+01:00,NG,LA,city_online,food,supermart,A,onions,Al Kabeer Beef Burger Onion 200 g,0.2,kg,5400,27000,,https://www.supermart.ng/products/al-kabeer-beef-burger-onion-200-g,ok
Mon Aug 17 2026 00:00:00 GMT+0100 (West Africa Time),2026-08-17T06:27:53+01:00,NG,LA,city_online,food,supermart,A,bread,Al Kabeer Breaded Chicken Burger 400 g x8,400g x8,kg,12550,,,https://www.supermart.ng/products/al-kabeer-breaded-chicken-burger-400-g-x8,ok_no_unit
Mon Aug 17 2026 00:00:00 GMT+0100 (West Africa Time),2026-08-17T06:27:53+01:00,NG,LA,city_online,food,supermart,A,bread,Al Kabeer Breaded Chicken Fillets 330 g,330g,kg,10150,,,https://www.supermart.ng/products/al-kabeer-breaded-chicken-fillets-330-g,ok_no_unit
Mon Aug 17 2026 00:00:00 GMT+0100 (West Africa Time),2026-08-17T06:27:53+01:00,NG,LA,city_online,food,supermart,A,bread,Al Kabeer Breaded Chicken Fillets 450 g,450g,kg,12990,,,https://www.supermart.ng/products/al-kabeer-breaded-chicken-fillets-450-g,ok_no_unit
Mon Aug 17 2026 00:00:00 GMT+0100 (West Africa Time),2026-08-17T06:27:53+01:00,NG,LA,city_online,food,supermart,A,bread,Al Kabeer Breaded Fish Fillets 330 g,330g,kg,11150,,,https://www.supermart.ng/products/al-kabeer-breaded-fish-fillets-330-g,ok_no_unit
Mon Aug 17 2026 00:00:00 GMT+0100 (West Africa Time),2026-08-17T06:27:53+01:00,NG,LA,city_online,food,supermart,A,bread,Al Kabeer Breaded Shrimps 250 g,250g,kg,13950,,,https://www.supermart.ng/products/al-kabeer-breaded-shrimps-250-g,ok_no_unit
Mon Aug 17 2026 00:00:00 GMT+0100 (West Africa Time),2026-08-17T06:27:53+01:00,NG,LA,city_online,food,supermart,A,chicken_frozen,Al Kabeer Chicken & Cheese Franks 350 g,0.35,kg,1790,5114.29,,https://www.supermart.ng/products/al-kabeer-chicken-cheese-franks-350-g,ok
Mon Aug 17 2026 00:00:00 GMT+0100 (West Africa Time),2026-08-17T06:27:53+01:00,NG,LA,city_online,food,supermart,A,chicken_frozen,Al Kabeer Chicken & Cheese Nuggets 400 g,0.4,kg,12500,31250,,https://www.supermart.ng/products/al-kabeer-chicken-cheese-nuggets-400-g,ok
Mon Aug 17 2026 00:00:00 GMT+0100 (West Africa Time),2026-08-17T06:27:53+01:00,NG,LA,city_online,food,supermart,A,chicken_frozen,Al Kabeer Chicken & Cheese Sticks 250 g x10,2.5,kg,7850,3140,,https://www.supermart.ng/products/al-kabeer-chicken-cheese-sticks-250-g-x10,ok
Mon Aug 17 2026 00:00:00 GMT+0100 (West Africa Time),2026-08-17T06:27:53+01:00,NG,LA,city_online,food,supermart,A,chicken_frozen,Al Kabeer Chicken Biryani 400 g,0.4,kg,2500,6250,,https://www.supermart.ng/products/al-kabeer-chicken-biryani-400-g,ok
Mon Aug 17 2026 00:00:00 GMT+0100 (West Africa Time),2026-08-17T06:27:53+01:00,NG,LA,city_online,food,supermart,A,chicken_frozen,Al Kabeer Chicken Burger 200 g x4,0.8,kg,5300,6625,,https://www.supermart.ng/products/al-kabeer-chicken-burger-200-g-x4,ok
Mon Aug 17 2026 00:00:00 GMT+0100 (West Africa Time),2026-08-17T06:27:53+01:00,NG,LA,city_online,food,supermart,A,chicken_frozen,Al Kabeer Chicken Burger 400 g x8,3.2,kg,10550,3296.88,,https://www.supermart.ng/products/al-kabeer-chicken-burger-400-g-x8,ok
Mon Aug 17 2026 00:00:00 GMT+0100 (West Africa Time),2026-08-17T06:27:53+01:00,NG,LA,city_online,food,supermart,A,chicken_frozen,Al Kabeer Chicken Cocktail Franks 300 g,0.3,kg,5200,17333.33,,https://www.supermart.ng/products/al-kabeer-chicken-cocktail-franks-300-g,ok
Mon Aug 17 2026 00:00:00 GMT+0100 (West Africa Time),2026-08-17T06:27:53+01:00,NG,LA,city_online,food,supermart,A,chicken_frozen,Al Kabeer Chicken Franks 375 g,0.375,kg,4775,12733.33,,https://www.supermart.ng/products/al-kabeer-chicken-franks-375-g,ok
Mon Aug 17 2026 00:00:00 GMT+0100 (West Africa Time),2026-08-17T06:27:53+01:00,NG,LA,city_online,food,supermart,A,chicken_frozen,Al Kabeer Chicken Fries 1000 g,1,kg,26300,26300,,https://www.supermart.ng/products/al-kabeer-chicken-fries-1000-g,ok
Mon Aug 17 2026 00:00:00 GMT+0100 (West Africa Time),2026-08-17T06:27:53+01:00,NG,LA,city_online,food,supermart,A,chicken_frozen,Al Kabeer Chicken Jumbo Hot Dogs 400 g x5,2,kg,8010,4005,,https://www.supermart.ng/products/al-kabeer-chicken-jumbo-hot-dogs-400-g-x5,ok
Mon Aug 17 2026 00:00:00 GMT+0100 (West Africa Time),2026-08-17T06:27:53+01:00,NG,LA,city_online,food,supermart,A,chicken_frozen,Al Kabeer Chicken Kibbeh 400 g,0.4,kg,13850,34625,,https://www.supermart.ng/products/al-kabeer-chicken-kibbeh-400-g,ok
Mon Aug 17 2026 00:00:00 GMT+0100 (West Africa Time),2026-08-17T06:27:53+01:00,NG,LA,city_online,food,supermart,A,chicken_frozen,Al Kabeer Chicken Kofta 300 g x12,3.6,kg,2190,608.33,,https://www.supermart.ng/products/al-kabeer-chicken-kofta-300-g-x12,ok
Mon Aug 17 2026 00:00:00 GMT+0100 (West Africa Time),2026-08-17T06:27:53+01:00,NG,LA,city_online,food,supermart,A,chicken_frozen,Al Kabeer Chicken Meat Balls 300 g,0.3,kg,7800,26000,,https://www.supermart.ng/products/al-kabeer-chicken-meat-balls-300-g,ok
Mon Aug 17 2026 00:00:00 GMT+0100 (West Africa Time),2026-08-17T06:27:53+01:00,NG,LA,city_online,food,supermart,A,chicken_frozen,Al Kabeer Chicken Mince Cutlets 320 g,0.32,kg,8095,25296.88,,https://www.supermart.ng/products/al-kabeer-chicken-mince-cutlets-320-g,ok
Mon Aug 17 2026 00:00:00 GMT+0100 (West Africa Time),2026-08-17T06:27:53+01:00,NG,LA,city_online,food,supermart,A,chicken_frozen,Al Kabeer Chicken N Cheese Rings 300 g,0.3,kg,13350,44500,,https://www.supermart.ng/products/al-kabeer-chicken-n-cheese-rings-300-g,ok
Mon Aug 17 2026 00:00:00 GMT+0100 (West Africa Time),2026-08-17T06:27:53+01:00,NG,LA,city_online,food,supermart,A,chicken_frozen,Al Kabeer Chicken Nuggets 270 g,0.27,kg,7300,27037.04,,https://www.supermart.ng/products/al-kabeer-chicken-nuggets-270-g,ok
Mon Aug 17 2026 00:00:00 GMT+0100 (West Africa Time),2026-08-17T06:27:53+01:00,NG,LA,city_online,food,supermart,A,chicken_frozen,Al Kabeer Chicken Nuggets 400 g,0.4,kg,10800,27000,,https://www.supermart.ng/products/al-kabeer-chicken-nuggets-400-g,ok
Mon Aug 17 2026 00:00:00 GMT+0100 (West Africa Time),2026-08-17T06:27:53+01:00,NG,LA,city_online,food,supermart,A,chicken_frozen,Al Kabeer Chicken Pop Corn 400 g,0.4,kg,17100,42750,,https://www.supermart.ng/products/al-kabeer-chicken-pop-corn-400-g,ok
Mon Aug 17 2026 00:00:00 GMT+0100 (West Africa Time),2026-08-17T06:27:53+01:00,NG,LA,city_online,food,supermart,A,chicken_frozen,Al Kabeer Chicken Samosas 240 g,0.24,kg,8300,34583.33,,https://www.supermart.ng/products/al-kabeer-chicken-samosas-240-g,ok
Mon Aug 17 2026 00:00:00 GMT+0100 (West Africa Time),2026-08-17T06:27:53+01:00,NG,LA,city_online,food,supermart,A,chicken_frozen,Al Kabeer Chicken Seekh Kabab 320 g x8,2.56,kg,9500,3710.94,,https://www.supermart.ng/products/al-kabeer-chicken-seekh-kabab-320-g-x8,ok
Mon Aug 17 2026 00:00:00 GMT+0100 (West Africa Time),2026-08-17T06:27:53+01:00,NG,LA,city_online,food,supermart,A,chicken_frozen,Al Kabeer Chicken Spring Rolls 280 g x8,2.24,kg,9050,4040.18,,https://www.supermart.ng/products/al-kabeer-chicken-spring-rolls-280-g-x8,ok
Mon Aug 17 2026 00:00:00 GMT+0100 (West Africa Time),2026-08-17T06:27:53+01:00,NG,LA,city_online,food,supermart,A,chicken_frozen,Al Kabeer Tandoori Chicken Nuggets 270 g,0.27,kg,7100,26296.3,,https://www.supermart.ng/products/al-kabeer-tandoori-chicken-nuggets-270-g,ok
Mon Aug 17 2026 00:00:00 GMT+0100 (West Africa Time),2026-08-17T06:27:53+01:00,NG,LA,city_online,food,supermart,A,chicken_frozen,Al Kabeer Tandoori Chicken Tikka 240 g,0.24,kg,7675,31979.17,,https://www.supermart.ng/products/al-kabeer-tandoori-chicken-tikka-240-g,ok
Mon Aug 17 2026 00:00:00 GMT+0100 (West Africa Time),2026-08-17T06:27:53+01:00,NG,LA,city_online,food,supermart,A,chicken_frozen,Al Kabeer Tandoori Chicken Tikka Family Pack 500 g,0.5,kg,15610,31220,,https://www.supermart.ng/products/al-kabeer-tandoori-chicken-tikka-family-pack-500-g,ok
Mon Aug 17 2026 00:00:00 GMT+0100 (West Africa Time),2026-08-17T06:27:53+01:00,NG,LA,city_online,food,supermart,A,chicken_frozen,Al Kabeer Turkish Chicken Kebabs 360 g x6,2.16,kg,3330,1541.67,,https://www.supermart.ng/products/al-kabeer-turkish-chicken-kebabs-360-g-x6,ok
Mon Aug 17 2026 00:00:00 GMT+0100 (West Africa Time),2026-08-17T06:27:53+01:00,NG,LA,city_online,food,supermart,A,chicken_frozen,Al Kabeer Zing Chicken Strips 320 g,0.32,kg,13100,40937.5,,https://www.supermart.ng/products/al-kabeer-zing-chicken-strips-320-g,ok
Mon Aug 17 2026 00:00:00 GMT+0100 (West Africa Time),2026-08-17T06:27:53+01:00,NG,LA,city_online,food,supermart,A,chicken_frozen,Al Taghziah Chicken Hot Dogs 450 g x10,4.5,kg,1335,296.67,,https://www.supermart.ng/products/al-taghziah-chicken-hot-dogs-450-g-x10,ok
Mon Aug 17 2026 00:00:00 GMT+0100 (West Africa Time),2026-08-17T06:27:53+01:00,NG,LA,city_online,food,supermart,A,chicken_frozen,Al Taghziah Chicken Luncheon Meat 200 g,0.2,kg,650,3250,,https://www.supermart.ng/products/al-taghziah-chicken-luncheon-meat-200-g,ok
Mon Aug 17 2026 00:00:00 GMT+0100 (West Africa Time),2026-08-17T06:27:53+01:00,NG,LA,city_online,food,supermart,A,chicken_frozen,Al Taghziah Chicken Luncheon Meat 340 g,0.34,kg,4520,13294.12,,https://www.supermart.ng/products/al-taghziah-chicken-luncheon-meat-340-g,ok
Mon Aug 17 2026 00:00:00 GMT+0100 (West Africa Time),2026-08-17T06:27:53+01:00,NG,LA,city_online,food,supermart,A,chicken_frozen,Al'Fez Moroccan Style Chicken Tagine Sauce 450 g,0.45,kg,18650,41444.44,,https://www.supermart.ng/products/alfez-moroccan-style-chicken-tagine-sauce-450-g,ok
Mon Aug 17 2026 00:00:00 GMT+0100 (West Africa Time),2026-08-17T06:27:53+01:00,NG,LA,city_online,food,supermart,A,chicken_frozen,Al'Fez Turkish Style Chicken Shish Spice Mix 25 g,0.625,kg,7660,12256,,https://www.supermart.ng/products/alfez-turkish-style-chicken-shish-spice-mix-25-g,ok
Mon Aug 17 2026 00:00:00 GMT+0100 (West Africa Time),2026-08-17T06:27:53+01:00,NG,LA,city_online,food,supermart,A,fish_frozen,All Day Sardines 125 g,0.125,kg,1370,10960,,https://www.supermart.ng/products/all-day-sardines-125-g,ok
Mon Aug 17 2026 00:00:00 GMT+0100 (West Africa Time),2026-08-17T06:27:53+01:00,NG,LA,city_online,food,supermart,A,salt,All Natural Pink Himalayan Rock Salt Mill 90 g,0.09,kg,6630,73666.67,,https://www.supermart.ng/products/all-natural-pink-himalayan-rock-salt-mill-90-g,ok
Mon Aug 17 2026 00:00:00 GMT+0100 (West Africa Time),2026-08-17T06:27:53+01:00,NG,LA,city_online,food,supermart,A,bread,Allinson's Country Grain Bread Flour 1 kg,1kg,kg,27200,,,https://www.supermart.ng/products/allinsons-country-grain-bread-flour-1-kg,ok_no_unit
Mon Aug 17 2026 00:00:00 GMT+0100 (West Africa Time),2026-08-17T06:27:53+01:00,NG,LA,city_online,food,supermart,A,bread,Allinson's Strong White Bread Flour 1 kg,1kg,kg,25660,,,https://www.supermart.ng/products/allinsons-strong-white-bread-flour-1-kg,ok_no_unit
Mon Aug 17 2026 00:00:00 GMT+0100 (West Africa Time),2026-08-17T06:27:53+01:00,NG,LA,city_online,food,supermart,A,bread,Allinson's Very Strong White Bread Flour 1 kg,1kg,kg,26220,,,https://www.supermart.ng/products/allinsons-very-strong-white-bread-flour-1-kg,ok_no_unit
Mon Aug 17 2026 00:00:00 GMT+0100 (West Africa Time),2026-08-17T06:27:53+01:00,NG,LA,city_online,food,supermart,A,bread,Allinson's Very Strong Wholemeal Bread Flour 1 kg,1kg,kg,26220,,,https://www.supermart.ng/products/allinsons-very-strong-wholemeal-bread-flour-1-kg,ok_no_unit
Mon Aug 17 2026 00:00:00 GMT+0100 (West Africa Time),2026-08-17T06:27:53+01:00,NG,LA,city_online,food,supermart,A,detergent,Alomo Bitters 75 cl,75cl,l,1835,,,https://www.supermart.ng/products/alomo-bitters-75-cl,ok_no_unit
Mon Aug 17 2026 00:00:00 GMT+0100 (West Africa Time),2026-08-17T06:27:53+01:00,NG,LA,city_online,food,supermart,A,sugar,Alpen Muesli No Added Sugar 550 g,0.55,kg,21640,39345.45,,https://www.supermart.ng/products/alpen-muesli-no-added-sugar-550-g,ok
Mon Aug 17 2026 00:00:00 GMT+0100 (West Africa Time),2026-08-17T06:27:53+01:00,NG,LA,city_online,food,supermart,A,sugar,Alpen Muesli No Added Sugar 560 g,0.56,kg,2690,4803.57,,https://www.supermart.ng/products/alpen-muesli-no-added-sugar-560-g,ok
Mon Aug 17 2026 00:00:00 GMT+0100 (West Africa Time),2026-08-17T06:27:53+01:00,NG,LA,city_online,food,supermart,A,sugar,Alpen Muesli No Added Sugar 950 g,0.95,kg,31080,32715.79,,https://www.supermart.ng/products/alpen-muesli-no-added-sugar-950-g,ok
Mon Aug 17 2026 00:00:00 GMT+0100 (West Africa Time),2026-08-17T06:27:53+01:00,NG,LA,city_online,food,supermart,A,sugar,Alpen Swiss Style Muesli No Added Sugar 500 g,0.5,kg,2640,5280,,https://www.supermart.ng/products/alpen-swiss-style-muesli-no-added-sugar-500-g,ok
Mon Aug 17 2026 00:00:00 GMT+0100 (West Africa Time),2026-08-17T06:27:53+01:00,NG,LA,city_online,food,supermart,A,sugar,Alpen Swiss Style Muesli No Added Sugar 550 g,0.55,kg,6290,11436.36,,https://www.supermart.ng/products/alpen-swiss-style-muesli-no-added-sugar-550-g,ok
Mon Aug 17 2026 00:00:00 GMT+0100 (West Africa Time),2026-08-17T06:27:53+01:00,NG,LA,city_online,food,supermart,A,sugar,Alpen The Swiss Recipe No Added Sugar 1.3 kg,1.3,kg,365,280.77,,https://www.supermart.ng/products/alpen-the-swiss-recipe-no-added-sugar-13-kg,ok
Mon Aug 17 2026 00:00:00 GMT+0100 (West Africa Time),2026-08-17T06:27:53+01:00,NG,LA,city_online,food,supermart,A,sugar,Alpro Almond No Sugars 1 L,1l,l,365,,,https://www.supermart.ng/products/alpro-almond-no-sugars-1-l,ok_no_unit
Mon Aug 17 2026 00:00:00 GMT+0100 (West Africa Time),2026-08-17T06:27:53+01:00,NG,LA,city_online,food,supermart,A,rice,Alpro Rice Dolce Milk 1 L,1l,l,1285,,,https://www.supermart.ng/products/alpro-rice-dolce-milk-1-l,ok_no_unit
Mon Aug 17 2026 00:00:00 GMT+0100 (West Africa Time),2026-08-17T06:27:53+01:00,NG,LA,city_online,food,supermart,A,rice,Alpro Rice Original 1 L,1l,l,1285,,,https://www.supermart.ng/products/alpro-rice-original-1-l,ok_no_unit
Mon Aug 17 2026 00:00:00 GMT+0100 (West Africa Time),2026-08-17T06:27:53+01:00,NG,LA,city_online,food,supermart,A,sugar,Alpro Soya Milk Coconut Almond Low Sugar 1 L,1l,l,1285,,,https://www.supermart.ng/products/alpro-soya-milk-coconut-almond-low-sugar-1-l,ok_no_unit
Mon Aug 17 2026 00:00:00 GMT+0100 (West Africa Time),2026-08-17T06:27:53+01:00,NG,LA,city_online,food,supermart,A,sugar,Alpro Soya No Sugars 1 L,1l,l,365,,,https://www.supermart.ng/products/alpro-soya-no-sugars-1-l,ok_no_unit
Mon Aug 17 2026 00:00:00 GMT+0100 (West Africa Time),2026-08-17T06:27:53+01:00,NG,LA,city_online,food,supermart,A,sugar,Alpro Yoghurt No Added Sugar Mango 400 g,0.4,kg,365,912.5,,https://www.supermart.ng/products/alpro-yoghurt-no-added-sugar-mango-400-g,ok
Mon Aug 17 2026 00:00:00 GMT+0100 (West Africa Time),2026-08-17T06:27:53+01:00,NG,LA,city_online,food,supermart,A,sanitary_pad,Always 3 in 1 Maxi Thick Long Sanitary Pads x14,14,piece,3495,249.64,,https://www.supermart.ng/products/always-3-in-1-maxi-thick-long-sanitary-pads-x14,ok
Mon Aug 17 2026 00:00:00 GMT+0100 (West Africa Time),2026-08-17T06:27:53+01:00,NG,LA,city_online,food,supermart,A,sanitary_pad,Always 3 in 1 Maxi Thick Long Sanitary Pads x7,7,piece,1975,282.14,,https://www.supermart.ng/products/always-3-in-1-maxi-thick-long-sanitary-pads-x7,ok
Mon Aug 17 2026 00:00:00 GMT+0100 (West Africa Time),2026-08-17T06:27:53+01:00,NG,LA,city_online,food,supermart,A,sanitary_pad,Always 3 in 1 Maxi Thick Sanitary Pads XL x14,14,piece,3290,235,,https://www.supermart.ng/products/always-3-in-1-maxi-thick-sanitary-pads-xl-x14,ok
Mon Aug 17 2026 00:00:00 GMT+0100 (West Africa Time),2026-08-17T06:27:53+01:00,NG,LA,city_online,food,supermart,A,sanitary_pad,Always 3 in 1 Maxi Thick Sanitary Pads XL x7,7,piece,1670,238.57,,https://www.supermart.ng/products/always-3-in-1-maxi-thick-sanitary-pads-xl-x7,ok
Mon Aug 17 2026 00:00:00 GMT+0100 (West Africa Time),2026-08-17T06:27:53+01:00,NG,LA,city_online,food,supermart,A,sanitary_pad,Always Maxi Sanitary Pads Extra Heavy Overnight With Wings x54,54,piece,12290,227.59,,https://www.supermart.ng/products/always-maxi-sanitary-pads-extra-heavy-overnight-with-wings-x54,ok
Mon Aug 17 2026 00:00:00 GMT+0100 (West Africa Time),2026-08-17T06:27:53+01:00,NG,LA,city_online,food,supermart,A,sanitary_pad,Always Ultra Day Sanitary Towels Size 1 Normal With Wings 13 Pack,13,piece,12670,974.62,,https://www.supermart.ng/products/always-ultra-day-sanitary-towels-size-1-normal-with-wings-13-pack,ok
Mon Aug 17 2026 00:00:00 GMT+0100 (West Africa Time),2026-08-17T06:27:53+01:00,NG,LA,city_online,food,supermart,A,sanitary_pad,Always Ultra Normal x16,16,piece,365,22.81,,https://www.supermart.ng/products/always-ultra-normal-x16,ok
Mon Aug 17 2026 00:00:00 GMT+0100 (West Africa Time),2026-08-17T06:27:53+01:00,NG,LA,city_online,food,supermart,A,sanitary_pad,Always Ultra Platinum Extra Long x14,14,piece,965,68.93,,https://www.supermart.ng/products/always-ultra-platinum-extra-long-x14,ok
Mon Aug 17 2026 00:00:00 GMT+0100 (West Africa Time),2026-08-17T06:27:53+01:00,NG,LA,city_online,food,supermart,A,sanitary_pad,Always Ultra Platinum Extra Long x7,7,piece,550,78.57,,https://www.supermart.ng/products/always-ultra-platinum-extra-long-x7,ok
Mon Aug 17 2026 00:00:00 GMT+0100 (West Africa Time),2026-08-17T06:27:53+01:00,NG,LA,city_online,food,supermart,A,sanitary_pad,Always Ultra Platinum Long x16,16,piece,975,60.94,,https://www.supermart.ng/products/always-ultra-platinum-long-x16,ok
Mon Aug 17 2026 00:00:00 GMT+0100 (West Africa Time),2026-08-17T06:27:53+01:00,NG,LA,city_online,food,supermart,A,sanitary_pad,Always Ultra Platinum Long x8,8,piece,560,70,,https://www.supermart.ng/products/always-ultra-platinum-long-x8,ok
Mon Aug 17 2026 00:00:00 GMT+0100 (West Africa Time),2026-08-17T06:27:53+01:00,NG,LA,city_online,food,supermart,A,sanitary_pad,Always Ultra Platinum Sanitary Pads Extra Long x12,12,piece,2840,236.67,,https://www.supermart.ng/products/always-ultra-platinum-sanitary-pads-extra-long-x12,ok
Mon Aug 17 2026 00:00:00 GMT+0100 (West Africa Time),2026-08-17T06:27:53+01:00,NG,LA,city_online,food,supermart,A,sanitary_pad,Always Ultra Platinum Sanitary Pads Extra Long x6,6,piece,1505,250.83,,https://www.supermart.ng/products/always-ultra-platinum-sanitary-pads-extra-long-x6,ok
Mon Aug 17 2026 00:00:00 GMT+0100 (West Africa Time),2026-08-17T06:27:53+01:00,NG,LA,city_online,food,supermart,A,sanitary_pad,Always Ultra Platinum Sanitary Pads Long x7,7,piece,1505,215,,https://www.supermart.ng/products/always-ultra-platinum-sanitary-pads-long-x7,ok
Mon Aug 17 2026 00:00:00 GMT+0100 (West Africa Time),2026-08-17T06:27:53+01:00,NG,LA,city_online,food,supermart,A,sanitary_pad,Always Ultra Protection Normal Plus With Wings x26,26,piece,365,14.04,,https://www.supermart.ng/products/always-ultra-protection-normal-plus-with-wings-x26,ok
Mon Aug 17 2026 00:00:00 GMT+0100 (West Africa Time),2026-08-17T06:27:53+01:00,NG,LA,city_online,food,supermart,A,sanitary_pad,Always Ultra Secure Night Extra Size 5 Sanitary Towels With Wings 8 Pack,8,piece,11545,1443.13,,https://www.supermart.ng/products/always-ultra-secure-night-extra-size-5-sanitary-towels-with-wings-8-pack,ok
Mon Aug 17 2026 00:00:00 GMT+0100 (West Africa Time),2026-08-17T06:27:53+01:00,NG,LA,city_online,food,supermart,A,sanitary_pad,Always Ultra Size 2 Long With Wings Sanitary Towels 11 Pack,11,piece,12220,1110.91,,https://www.supermart.ng/products/always-ultra-size-2-long-with-wings-sanitary-towels-11-pack,ok
Mon Aug 17 2026 00:00:00 GMT+0100 (West Africa Time),2026-08-17T06:27:53+01:00,NG,LA,city_online,food,supermart,A,sanitary_pad,Always Ultra Size 3 Night With Wings Sanitary Towels 9 Pack,9,piece,11770,1307.78,,https://www.supermart.ng/products/always-ultra-size-3-night-with-wings-sanitary-towels-9-pack,ok
Mon Aug 17 2026 00:00:00 GMT+0100 (West Africa Time),2026-08-17T06:27:53+01:00,NG,LA,city_online,food,supermart,A,sanitary_pad,Always Ultra Super With Wings x7 x16,7,piece,365,52.14,,https://www.supermart.ng/products/always-ultra-super-with-wings-x7-x16,ok
Mon Aug 17 2026 00:00:00 GMT+0100 (West Africa Time),2026-08-17T06:27:53+01:00,NG,LA,city_online,food,supermart,A,sanitary_pad,Always Ultra Thin Long Super Size 2 Pads Without Wings x20,20,piece,2525,126.25,,https://www.supermart.ng/products/always-ultra-thin-long-super-size-2-pads-without-wings-x20,ok
Mon Aug 17 2026 00:00:00 GMT+0100 (West Africa Time),2026-08-17T06:27:53+01:00,NG,LA,city_online,food,supermart,A,sanitary_pad,Always Ultra Thin Long x16,16,piece,3530,220.63,,https://www.supermart.ng/products/always-ultra-thin-long-x16,ok
Mon Aug 17 2026 00:00:00 GMT+0100 (West Africa Time),2026-08-17T06:27:53+01:00,NG,LA,city_online,food,supermart,A,sanitary_pad,Always Ultra Thin Long x8,8,piece,1895,236.88,,https://www.supermart.ng/products/always-ultra-thin-long-x8,ok
Mon Aug 17 2026 00:00:00 GMT+0100 (West Africa Time),2026-08-17T06:27:53+01:00,NG,LA,city_online,food,supermart,A,sanitary_pad,Always Ultra Thin Platinum Long x14,14,piece,2840,202.86,,https://www.supermart.ng/products/always-ultra-thin-platinum-long-x14,ok
Mon Aug 17 2026 00:00:00 GMT+0100 (West Africa Time),2026-08-17T06:27:53+01:00,NG,LA,city_online,food,supermart,A,sanitary_pad,Always Ultra Thin Regular x18,18,piece,2665,148.06,,https://www.supermart.ng/products/always-ultra-thin-regular-x18,ok
Mon Aug 17 2026 00:00:00 GMT+0100 (West Africa Time),2026-08-17T06:27:53+01:00,NG,LA,city_online,food,supermart,A,sanitary_pad,Always Ultra Thin Sanitary Pads Extra Long x28,28,piece,5520,197.14,,https://www.supermart.ng/products/always-ultra-thin-sanitary-pads-extra-long-x28,ok
Mon Aug 17 2026 00:00:00 GMT+0100 (West Africa Time),2026-08-17T06:27:53+01:00,NG,LA,city_online,food,supermart,A,sanitary_pad,Always Ultra Thin Sanitary Pads Long x32,32,piece,6250,195.31,,https://www.supermart.ng/products/always-ultra-thin-sanitary-pads-long-x32,ok
Mon Aug 17 2026 00:00:00 GMT+0100 (West Africa Time),2026-08-17T06:27:53+01:00,NG,LA,city_online,food,supermart,A,sanitary_pad,Always Ultra Thin Super Flexi Wings x16,16,piece,2665,166.56,,https://www.supermart.ng/products/always-ultra-thin-super-flexi-wings-x16,ok
Mon Aug 17 2026 00:00:00 GMT+0100 (West Africa Time),2026-08-17T06:27:53+01:00,NG,LA,city_online,food,supermart,A,sanitary_pad,Always Ultra Thin With Wings Extra Long x14,14,piece,3350,239.29,,https://www.supermart.ng/products/always-ultra-thin-with-wings-extra-long-x14,ok
Mon Aug 17 2026 00:00:00 GMT+0100 (West Africa Time),2026-08-17T06:27:53+01:00,NG,LA,city_online,food,supermart,A,sanitary_pad,Always Ultra Thin With Wings Extra Long x7,7,piece,1735,247.86,,https://www.supermart.ng/products/always-ultra-thin-with-wings-extra-long-x7,ok
Mon Aug 17 2026 00:00:00 GMT+0100 (West Africa Time),2026-08-17T06:27:53+01:00,NG,LA,city_online,food,supermart,A,sanitary_pad,Always Ultra Thin Without Wings Size 1 x22,22,piece,3040,138.18,,https://www.supermart.ng/products/always-ultra-thin-without-wings-size-1-x22,ok
Mon Aug 17 2026 00:00:00 GMT+0100 (West Africa Time),2026-08-17T06:27:53+01:00,NG,LA,city_online,food,supermart,A,sanitary_pad,Always Ultra Thin x76,76,piece,365,4.8,,https://www.supermart.ng/products/always-ultra-thin-x76,ok
Mon Aug 17 2026 00:00:00 GMT+0100 (West Africa Time),2026-08-17T06:27:53+01:00,NG,LA,city_online,food,supermart,A,sanitary_pad,Always Ultra With Wings Long x8 x16,8,piece,365,45.63,,https://www.supermart.ng/products/always-ultra-with-wings-long-x8-x16,ok
Mon Aug 17 2026 00:00:00 GMT+0100 (West Africa Time),2026-08-17T06:27:53+01:00,NG,LA,city_online,food,supermart,A,rice,Amazing Sella Basmati Rice 1 kg,1,kg,1745,1745,,https://www.supermart.ng/products/amazing-sella-basmati-rice-1-kg,ok
Mon Aug 17 2026 00:00:00 GMT+0100 (West Africa Time),2026-08-17T06:27:53+01:00,NG,LA,city_online,food,supermart,A,rice,Amazing Sella Basmati Rice 5 kg,5,kg,7850,1570,,https://www.supermart.ng/products/amazing-sella-basmati-rice-5-kg,ok
Mon Aug 17 2026 00:00:00 GMT+0100 (West Africa Time),2026-08-17T06:27:53+01:00,NG,LA,city_online,food,supermart,A,rice,Ambrosia Deluxe Rice Pudding Dessert 400 g,0.4,kg,16530,41325,,https://www.supermart.ng/products/ambrosia-deluxe-rice-pudding-dessert-400-g,ok
Mon Aug 17 2026 00:00:00 GMT+0100 (West Africa Time),2026-08-17T06:27:53+01:00,NG,LA,city_online,food,supermart,A,rice,Ambrosia Deluxe Rice Pudding Madagascan Vanilla 2 x 110 g,12.1,kg,12155,1004.55,,https://www.supermart.ng/products/ambrosia-deluxe-rice-pudding-madagascan-vanilla-2-x-110-g,ok
Mon Aug 17 2026 00:00:00 GMT+0100 (West Africa Time),2026-08-17T06:27:53+01:00,NG,LA,city_online,food,supermart,A,rice,Ambrosia Deluxe Salted Caramel Rice Can 400 g,0.4,kg,16530,41325,,https://www.supermart.ng/products/ambrosia-deluxe-salted-caramel-rice-can-400-g,ok
Mon Aug 17 2026 00:00:00 GMT+0100 (West Africa Time),2026-08-17T06:27:53+01:00,NG,LA,city_online,food,supermart,A,sugar,Ambrosia Light 30% Less Sugar & Fat Custard 500 g,0.5,kg,17700,35400,,https://www.supermart.ng/products/ambrosia-light-30-less-sugar-fat-custard-500-g,ok
Mon Aug 17 2026 00:00:00 GMT+0100 (West Africa Time),2026-08-17T06:27:53+01:00,NG,LA,city_online,food,supermart,A,rice,Ambrosia My Mini Rice 6 x 55 g,3.025,kg,16155,5340.5,,https://www.supermart.ng/products/ambrosia-my-mini-rice-6-x-55-g,ok
Mon Aug 17 2026 00:00:00 GMT+0100 (West Africa Time),2026-08-17T06:27:53+01:00,NG,LA,city_online,food,supermart,A,salt,Americana Potato Chips Salt 95 g,0.095,kg,545,5736.84,,https://www.supermart.ng/products/americana-potato-chips-salt-95-g,ok
Mon Aug 17 2026 00:00:00 GMT+0100 (West Africa Time),2026-08-17T06:27:53+01:00,NG,LA,city_online,food,supermart,A,salt,Americana Potato Chips Vinegar Salt 30 g,0.03,kg,345,11500,,https://www.supermart.ng/products/americana-potato-chips-vinegar-salt-30-g,ok
Mon Aug 17 2026 00:00:00 GMT+0100 (West Africa Time),2026-08-17T06:27:53+01:00,NG,LA,city_online,food,supermart,A,salt,Ammol Table Salt 750 g,0.75,kg,810,1080,,https://www.supermart.ng/products/ammol-table-salt-750-g,ok
Mon Aug 17 2026 00:00:00 GMT+0100 (West Africa Time),2026-08-17T06:27:53+01:00,NG,LA,city_online,food,supermart,A,salt,Amoy Reduced Salt Soy Sauce 150 ml,150ml,l,11640,,,https://www.supermart.ng/products/amoy-reduced-salt-soy-sauce-150-ml,ok_no_unit
Mon Aug 17 2026 00:00:00 GMT+0100 (West Africa Time),2026-08-17T06:27:53+01:00,NG,LA,city_online,food,supermart,A,rice,Amoy Straight To Wok Rice Noodles 2 x 150 g,22.5,kg,14660,651.56,,https://www.supermart.ng/products/amoy-straight-to-wok-rice-noodles-2-x-150-g,ok
Mon Aug 17 2026 00:00:00 GMT+0100 (West Africa Time),2026-08-17T06:27:53+01:00,NG,LA,city_online,food,supermart,A,noodles,Amoy Udon Thick Noodles 2 x 150 g,150g x150,kg,14660,,,https://www.supermart.ng/products/amoy-udon-thick-noodles-2-x-150-g,ok_no_unit
Mon Aug 17 2026 00:00:00 GMT+0100 (West Africa Time),2026-08-17T06:27:53+01:00,NG,LA,city_online,food,supermart,A,sugar,Amstel Malta Ultra No Added Sugar Can 33 cl,33cl,l,750,,,https://www.supermart.ng/products/amstel-malta-ultra-no-added-sugar-can-33-cl,ok_no_unit
Mon Aug 17 2026 00:00:00 GMT+0100 (West Africa Time),2026-08-17T06:27:53+01:00,NG,LA,city_online,food,supermart,A,sugar,Amstel Malta Ultra No Added Sugar Can 33 cl x12,33cl x12,l,2975,,,https://www.supermart.ng/products/amstel-malta-ultra-no-added-sugar-can-33-cl-x12,ok_no_unit
Mon Aug 17 2026 00:00:00 GMT+0100 (West Africa Time),2026-08-17T06:27:53+01:00,NG,LA,city_online,food,supermart,A,sugar,Amstel Malta Ultra No Added Sugar Can 33 cl x24,33cl x24,l,18000,,,https://www.supermart.ng/products/amstel-malta-ultra-no-added-sugar-can-33-cl-x24,ok_no_unit
Mon Aug 17 2026 00:00:00 GMT+0100 (West Africa Time),2026-08-17T06:27:53+01:00,NG,LA,city_online,food,supermart,A,sugar,Amulya Nice Sugar Sprinkled Biscuits 150 g,0.15,kg,1385,9233.33,,https://www.supermart.ng/products/amulya-nice-sugar-sprinkled-biscuits-150-g,ok
Mon Aug 17 2026 00:00:00 GMT+0100 (West Africa Time),2026-08-17T06:27:53+01:00,NG,LA,city_online,food,supermart,A,onions,Amulya Onion Crackers 250 g,0.25,kg,3495,13980,,https://www.supermart.ng/products/amulya-onion-crackers-250-g,ok
Mon Aug 17 2026 00:00:00 GMT+0100 (West Africa Time),2026-08-17T06:27:53+01:00,NG,LA,city_online,food,supermart,A,salt,Andrews Liver Salts Lemon 5 g x50,0.25,kg,31500,126000,,https://www.supermart.ng/products/andrews-liver-salts-lemon-5-g-x50,ok
Mon Aug 17 2026 00:00:00 GMT+0100 (West Africa Time),2026-08-17T06:27:53+01:00,NG,LA,city_online,food,supermart,A,toilet_roll,Andrex Toilet Tissue Classic Clean 2 Ply 4 Rolls,1,piece,7850,7850,,https://www.supermart.ng/products/andrex-toilet-tissue-classic-clean-2-ply-4-rolls,ok
Mon Aug 17 2026 00:00:00 GMT+0100 (West Africa Time),2026-08-17T06:27:53+01:00,NG,LA,city_online,food,supermart,A,toilet_roll,Andrex Toilet Tissue Classic Clean 2 Ply 6 Rolls,1,piece,10650,10650,,https://www.supermart.ng/products/andrex-toilet-tissue-classic-clean-2-ply-6-rolls,ok
Mon Aug 17 2026 00:00:00 GMT+0100 (West Africa Time),2026-08-17T06:27:53+01:00,NG,LA,city_online,food,supermart,A,toilet_roll,Andrex Toilet Tissue Gentle Clean 4 Rolls,1,piece,9460,9460,,https://www.supermart.ng/products/andrex-toilet-tissue-gentle-clean-4-rolls,ok
Mon Aug 17 2026 00:00:00 GMT+0100 (West Africa Time),2026-08-17T06:27:53+01:00,NG,LA,city_online,food,supermart,A,toilet_roll,Andrex Toilet Tissue Natural Pebble 4 Rolls,1,piece,1980,1980,,https://www.supermart.ng/products/andrex-toilet-tissue-natural-pebble-4-rolls,ok
Mon Aug 17 2026 00:00:00 GMT+0100 (West Africa Time),2026-08-17T06:27:53+01:00,NG,LA,city_online,food,supermart,A,toilet_roll,Andrex Toilet Tissue Skin Kind 4 Rolls,1,piece,1800,1800,,https://www.supermart.ng/products/andrex-toilet-tissue-skin-kind-4-rolls,ok
Mon Aug 17 2026 00:00:00 GMT+0100 (West Africa Time),2026-08-17T06:27:53+01:00,NG,LA,city_online,food,supermart,A,toilet_roll,Andrex Toilet Tissue Supreme Quilts 2 Ply 4 Rolls,1,piece,1800,1800,,https://www.supermart.ng/products/andrex-toilet-tissue-supreme-quilts-2-ply-4-rolls,ok
Mon Aug 17 2026 00:00:00 GMT+0100 (West Africa Time),2026-08-17T06:27:53+01:00,NG,LA,city_online,food,supermart,A,toilet_roll,Andrex Washlets Moist Toilet Tissue Pure Care Hypo-Allergenic & Fragrance-Free x36,36,piece,2940,81.67,,https://www.supermart.ng/products/andrex-washlets-moist-toilet-tissue-pure-care-hypo-allergenic-fragrance-free-x36,ok
Mon Aug 17 2026 00:00:00 GMT+0100 (West Africa Time),2026-08-17T06:27:53+01:00,NG,LA,city_online,food,supermart,A,sugar,Angel Delight No Added Sugar Butterscotch 47 g,0.047,kg,6925,147340.43,,https://www.supermart.ng/products/angel-delight-no-added-sugar-butterscotch-47-g,ok
Mon Aug 17 2026 00:00:00 GMT+0100 (West Africa Time),2026-08-17T06:27:53+01:00,NG,LA,city_online,food,supermart,A,sanitary_pad,Angel Regular Ultra Thin Sanitary Pads x8,8,piece,765,95.63,,https://www.supermart.ng/products/angel-regular-ultra-thin-sanitary-pads-x8,ok
Mon Aug 17 2026 00:00:00 GMT+0100 (West Africa Time),2026-08-17T06:27:53+01:00,NG,LA,city_online,food,supermart,A,sanitary_pad,Angel Sanitary Pad Ultra Thin Heavy Flow Extra Long x7,7,piece,870,124.29,,https://www.supermart.ng/products/angel-sanitary-pad-ultra-thin-heavy-flow-extra-long-x7,ok
Mon Aug 17 2026 00:00:00 GMT+0100 (West Africa Time),2026-08-17T06:27:53+01:00,NG,LA,city_online,food,supermart,A,sanitary_pad,Angel Sanitary Pad Ultra Thin Normal Flow Extra Long x8,8,piece,380,47.5,,https://www.supermart.ng/products/angel-sanitary-pad-ultra-thin-normal-flow-extra-long-x8,ok
Mon Aug 17 2026 00:00:00 GMT+0100 (West Africa Time),2026-08-17T06:27:53+01:00,NG,LA,city_online,food,supermart,A,salt,Angry Birds Potato Crisps Sea Salt 160 g,0.16,kg,540,3375,,https://www.supermart.ng/products/angry-birds-potato-crisps-sea-salt-160-g,ok
Mon Aug 17 2026 00:00:00 GMT+0100 (West Africa Time),2026-08-17T06:27:53+01:00,NG,LA,city_online,food,supermart,A,onions,Angry Birds Potato Crisps Sour Cream & Onion 160 g,0.16,kg,540,3375,,https://www.supermart.ng/products/angry-birds-potato-crisps-sour-cream-onion-160-g,ok
Mon Aug 17 2026 00:00:00 GMT+0100 (West Africa Time),2026-08-17T06:27:53+01:00,NG,LA,city_online,food,supermart,A,spaghetti,Ankara Pasta Boncuk-Ditalini 500 g,0.5,kg,365,730,,https://www.supermart.ng/products/ankara-pasta-boncuk-ditalini-500-g,ok
Mon Aug 17 2026 00:00:00 GMT+0100 (West Africa Time),2026-08-17T06:27:53+01:00,NG,LA,city_online,food,supermart,A,spaghetti,Ankara Pasta Burgu Fusilli 500 g,0.5,kg,365,730,,https://www.supermart.ng/products/ankara-pasta-burgu-fusilli-500-g,ok
Mon Aug 17 2026 00:00:00 GMT+0100 (West Africa Time),2026-08-17T06:27:53+01:00,NG,LA,city_online,food,supermart,A,spaghetti,Ankara Pasta Dirsek-Elbow 500 g,0.5,kg,365,730,,https://www.supermart.ng/products/ankara-pasta-dirsek-elbow-500-g,ok
Mon Aug 17 2026 00:00:00 GMT+0100 (West Africa Time),2026-08-17T06:27:53+01:00,NG,LA,city_online,food,supermart,A,spaghetti,Ankara Pasta Kelebek-Farfalle 500 g,0.5,kg,365,730,,https://www.supermart.ng/products/ankara-pasta-kelebek-farfalle-500-g,ok
Mon Aug 17 2026 00:00:00 GMT+0100 (West Africa Time),2026-08-17T06:27:53+01:00,NG,LA,city_online,food,supermart,A,spaghetti,Ankara Pasta Makarnasi Nuhun Burgu 250 g,0.25,kg,365,1460,,https://www.supermart.ng/products/ankara-pasta-makarnasi-nuhun-burgu-250-g,ok
Mon Aug 17 2026 00:00:00 GMT+0100 (West Africa Time),2026-08-17T06:27:53+01:00,NG,LA,city_online,food,supermart,A,spaghetti,Ankara Pasta Makarnasi Nuhun Gemisi 250 g,0.25,kg,365,1460,,https://www.supermart.ng/products/ankara-pasta-makarnasi-nuhun-gemisi-250-g,ok
Mon Aug 17 2026 00:00:00 GMT+0100 (West Africa Time),2026-08-17T06:27:53+01:00,NG,LA,city_online,food,supermart,A,spaghetti,Ankara Pasta Mini Kelebek Farfalle 500 g,0.5,kg,365,730,,https://www.supermart.ng/products/ankara-pasta-mini-kelebek-farfalle-500-g,ok
Mon Aug 17 2026 00:00:00 GMT+0100 (West Africa Time),2026-08-17T06:27:53+01:00,NG,LA,city_online,food,supermart,A,spaghetti,Ankara Pasta Rigatoni 500 g,0.5,kg,365,730,,https://www.supermart.ng/products/ankara-pasta-rigatoni-500-g,ok
Mon Aug 17 2026 00:00:00 GMT+0100 (West Africa Time),2026-08-17T06:27:53+01:00,NG,LA,city_online,food,supermart,A,spaghetti,Ankara Spaghetti Brown 250 g,0.25,kg,365,1460,,https://www.supermart.ng/products/ankara-spaghetti-brown-250-g,ok
Mon Aug 17 2026 00:00:00 GMT+0100 (West Africa Time),2026-08-17T06:27:53+01:00,NG,LA,city_online,food,supermart,A,salt,Anmol Fine Flowing Table Salt 750 g,0.75,kg,2110,2813.33,,https://www.supermart.ng/products/anmol-fine-flowing-table-salt-750-g,ok
Mon Aug 17 2026 00:00:00 GMT+0100 (West Africa Time),2026-08-17T06:27:53+01:00,NG,LA,city_online,food,supermart,A,seasoning,Annapurna Knorr Chicken Flavour Cubes 88 g x20,88g x20,kg,120,,,https://www.supermart.ng/products/annapurna-knorr-chicken-flavour-cubes-88-g-x20,ok_no_unit
Mon Aug 17 2026 00:00:00 GMT+0100 (West Africa Time),2026-08-17T06:27:53+01:00,NG,LA,city_online,food,supermart,A,fish_frozen,Anny Sardines In Oil 125 g,0.125,kg,235,1880,,https://www.supermart.ng/products/anny-sardines-in-oil-125-g,ok
Mon Aug 17 2026 00:00:00 GMT+0100 (West Africa Time),2026-08-17T06:27:53+01:00,NG,LA,city_online,food,supermart,A,rice,Aoun Basmati Rice 1 kg,1,kg,1990,1990,,https://www.supermart.ng/products/aoun-basmati-rice-1-kg,ok
Mon Aug 17 2026 00:00:00 GMT+0100 (West Africa Time),2026-08-17T06:27:53+01:00,NG,LA,city_online,food,supermart,A,rice,Aoun Basmati Rice 2 kg,2,kg,3800,1900,,https://www.supermart.ng/products/aoun-basmati-rice-2-kg,ok
Mon Aug 17 2026 00:00:00 GMT+0100 (West Africa Time),2026-08-17T06:27:53+01:00,NG,LA,city_online,food,supermart,A,rice,Aoun Egyptian Rice 1 kg,1,kg,1200,1200,,https://www.supermart.ng/products/aoun-egyptian-rice-1-kg,ok
Mon Aug 17 2026 00:00:00 GMT+0100 (West Africa Time),2026-08-17T06:27:53+01:00,NG,LA,city_online,food,supermart,A,beans_brown,Aoun Lima Beans 500 g,0.5,kg,2610,5220,,https://www.supermart.ng/products/aoun-lima-beans-500-g,ok
Mon Aug 17 2026 00:00:00 GMT+0100 (West Africa Time),2026-08-17T06:27:53+01:00,NG,LA,city_online,food,supermart,A,rice,Aoun Parboiled Rice 1 kg,1,kg,1065,1065,,https://www.supermart.ng/products/aoun-parboiled-rice-1-kg,ok
Mon Aug 17 2026 00:00:00 GMT+0100 (West Africa Time),2026-08-17T06:27:53+01:00,NG,LA,city_online,food,supermart,A,rice,Aoun Parboiled Rice 2 kg,2,kg,2155,1077.5,,https://www.supermart.ng/products/aoun-parboiled-rice-2-kg,ok
Mon Aug 17 2026 00:00:00 GMT+0100 (West Africa Time),2026-08-17T06:27:53+01:00,NG,LA,city_online,food,supermart,A,beans_brown,Aoun Red Kidney Beans 1 kg,1,kg,3645,3645,,https://www.supermart.ng/products/aoun-red-kidney-beans-1-kg,ok
Mon Aug 17 2026 00:00:00 GMT+0100 (West Africa Time),2026-08-17T06:27:53+01:00,NG,LA,city_online,food,supermart,A,beans_brown,Aoun White Kidney Beans 1 kg,1,kg,2435,2435,,https://www.supermart.ng/products/aoun-white-kidney-beans-1-kg,ok
Mon Aug 17 2026 00:00:00 GMT+0100 (West Africa Time),2026-08-17T06:27:53+01:00,NG,LA,city_online,food,supermart,A,soap_bar,April Multi-Purpose Bar Soap 140 g,140g,kg,100,,,https://www.supermart.ng/products/april-multi-purpose-bar-soap-140-g,ok_no_unit
Mon Aug 17 2026 00:00:00 GMT+0100 (West Africa Time),2026-08-17T06:27:53+01:00,NG,LA,city_online,food,supermart,A,diapers,Aquaphor Baby Healing Ointment Irritated Skin & Diaper Rash 50 g,50g,kg,2700,,,https://www.supermart.ng/products/aquaphor-baby-healing-ointment-irritated-skin-diaper-rash-50-g,ok_no_unit
Mon Aug 17 2026 00:00:00 GMT+0100 (West Africa Time),2026-08-17T06:27:53+01:00,NG,LA,city_online,food,supermart,A,salt,Argussy Green Tea Spa Salt 300 g,0.3,kg,550,1833.33,,https://www.supermart.ng/products/argussy-green-tea-spa-salt-300-g,ok
Mon Aug 17 2026 00:00:00 GMT+0100 (West Africa Time),2026-08-17T06:27:53+01:00,NG,LA,city_online,food,supermart,A,salt,Argussy Papaya Spa Salt 300 g,0.3,kg,550,1833.33,,https://www.supermart.ng/products/argussy-papaya-spa-salt-300-g,ok
Mon Aug 17 2026 00:00:00 GMT+0100 (West Africa Time),2026-08-17T06:27:53+01:00,NG,LA,city_online,food,supermart,A,detergent,Ariel Ankara & Colour Detergent Powder 1.15 kg,1.15,kg,1775,1543.48,,https://www.supermart.ng/products/ariel-ankara-colour-detergent-powder-115-kg,ok
Mon Aug 17 2026 00:00:00 GMT+0100 (West Africa Time),2026-08-17T06:27:53+01:00,NG,LA,city_online,food,supermart,A,detergent,Ariel Ankara & Colour Detergent Powder 150 g x6,0.9,kg,690,766.67,,https://www.supermart.ng/products/ariel-ankara-colour-detergent-powder-150-g-x6,ok
Mon Aug 17 2026 00:00:00 GMT+0100 (West Africa Time),2026-08-17T06:27:53+01:00,NG,LA,city_online,food,supermart,A,detergent,Ariel Ankara & Colour Detergent Powder 400 g,0.4,kg,1450,3625,,https://www.supermart.ng/products/ariel-ankara-colour-detergent-powder-400-g,ok
Mon Aug 17 2026 00:00:00 GMT+0100 (West Africa Time),2026-08-17T06:27:53+01:00,NG,LA,city_online,food,supermart,A,detergent,Ariel Ankara Detergent Powder 150 g,0.15,kg,400,2666.67,,https://www.supermart.ng/products/ariel-ankara-detergent-powder-150-g,ok
Mon Aug 17 2026 00:00:00 GMT+0100 (West Africa Time),2026-08-17T06:27:53+01:00,NG,LA,city_online,food,supermart,A,detergent,Ariel Ankara Detergent Powder 2 kg,2,kg,7285,3642.5,,https://www.supermart.ng/products/ariel-ankara-detergent-powder-2-kg,ok
Mon Aug 17 2026 00:00:00 GMT+0100 (West Africa Time),2026-08-17T06:27:53+01:00,NG,LA,city_online,food,supermart,A,detergent,Ariel Ankara Detergent Powder 800 g,0.8,kg,3995,4993.75,,https://www.supermart.ng/products/ariel-ankara-detergent-powder-800-g,ok
Mon Aug 17 2026 00:00:00 GMT+0100 (West Africa Time),2026-08-17T06:27:53+01:00,NG,LA,city_online,food,supermart,A,detergent,Ariel Automatic Washing Powder 400 g,0.4,kg,565,1412.5,,https://www.supermart.ng/products/ariel-automatic-washing-powder-400-g,ok
Mon Aug 17 2026 00:00:00 GMT+0100 (West Africa Time),2026-08-17T06:27:53+01:00,NG,LA,city_online,food,supermart,A,detergent,Ariel Floral Fresh Washing Liquid Detergent 63 Washes 1953 ml,1953ml,l,70795,,,https://www.supermart.ng/products/ariel-floral-fresh-washing-liquid-detergent-63-washes-1953-ml,ok_no_unit
Mon Aug 17 2026 00:00:00 GMT+0100 (West Africa Time),2026-08-17T06:27:53+01:00,NG,LA,city_online,food,supermart,A,detergent,Ariel Gel Colours x24,,,365,,,https://www.supermart.ng/products/ariel-gel-colours-x24,ok_no_unit
Mon Aug 17 2026 00:00:00 GMT+0100 (West Africa Time),2026-08-17T06:27:53+01:00,NG,LA,city_online,food,supermart,A,detergent,Ariel Gel Original x24,,,365,,,https://www.supermart.ng/products/ariel-gel-original-x24,ok_no_unit
Mon Aug 17 2026 00:00:00 GMT+0100 (West Africa Time),2026-08-17T06:27:53+01:00,NG,LA,city_online,food,supermart,A,detergent,Ariel Laundry Cleanser Ultra Concentrated 1 L,1l,l,9705,,,https://www.supermart.ng/products/ariel-laundry-cleanser-ultra-concentrated-1-l,ok_no_unit
Mon Aug 17 2026 00:00:00 GMT+0100 (West Africa Time),2026-08-17T06:27:53+01:00,NG,LA,city_online,food,supermart,A,detergent,Ariel Laundry Detergent Gel 1254 ml 38 Washes,1254ml,l,50310,,,https://www.supermart.ng/products/ariel-laundry-detergent-gel-1254-ml-38-washes,ok_no_unit
Mon Aug 17 2026 00:00:00 GMT+0100 (West Africa Time),2026-08-17T06:27:53+01:00,NG,LA,city_online,food,supermart,A,detergent,Ariel Liquid Detergent Febreze 1.6 L,1.6l,l,365,,,https://www.supermart.ng/products/ariel-liquid-detergent-febreze-16-l,ok_no_unit
Mon Aug 17 2026 00:00:00 GMT+0100 (West Africa Time),2026-08-17T06:27:53+01:00,NG,LA,city_online,food,supermart,A,detergent,Ariel Liquid Detergent Sensitive 1.6 L,1.6l,l,365,,,https://www.supermart.ng/products/ariel-liquid-detergent-sensitive-16-l,ok_no_unit
Mon Aug 17 2026 00:00:00 GMT+0100 (West Africa Time),2026-08-17T06:27:53+01:00,NG,LA,city_online,food,supermart,A,detergent,Ariel Machine Expert Detergent Powder Colour & Style 1.8 kg,1.8,kg,8550,4750,,https://www.supermart.ng/products/ariel-machine-expert-detergent-powder-colour-style-18-kg,ok
Mon Aug 17 2026 00:00:00 GMT+0100 (West Africa Time),2026-08-17T06:27:53+01:00,NG,LA,city_online,food,supermart,A,detergent,Ariel Machine Expert Detergent Powder Colour & Style 900 g,0.9,kg,3985,4427.78,,https://www.supermart.ng/products/ariel-machine-expert-detergent-powder-colour-style-900-g,ok
Mon Aug 17 2026 00:00:00 GMT+0100 (West Africa Time),2026-08-17T06:27:53+01:00,NG,LA,city_online,food,supermart,A,detergent,Ariel Machine Expert Detergent Powder Ultimate Clean 1.8 kg,1.8,kg,8550,4750,,https://www.supermart.ng/products/ariel-machine-expert-detergent-powder-ultimate-clean-18-kg,ok
Mon Aug 17 2026 00:00:00 GMT+0100 (West Africa Time),2026-08-17T06:27:53+01:00,NG,LA,city_online,food,supermart,A,detergent,Ariel Machine Expert Detergent Powder Ultimate Clean 900 g,0.9,kg,1540,1711.11,,https://www.supermart.ng/products/ariel-machine-expert-detergent-powder-ultimate-clean-900-g,ok
Mon Aug 17 2026 00:00:00 GMT+0100 (West Africa Time),2026-08-17T06:27:53+01:00,NG,LA,city_online,food,supermart,A,detergent,Ariel Machine Expert Ultimate Clean Detergent Powder 400 g,0.4,kg,1875,4687.5,,https://www.supermart.ng/products/ariel-machine-expert-ultimate-clean-detergent-powder-400-g,ok
Mon Aug 17 2026 00:00:00 GMT+0100 (West Africa Time),2026-08-17T06:27:53+01:00,NG,LA,city_online,food,supermart,A,detergent,Ariel Multi-Purpose Bar Soap 118 g,0.118,kg,110,932.2,,https://www.supermart.ng/products/ariel-multi-purpose-bar-soap-118-g,ok
Mon Aug 17 2026 00:00:00 GMT+0100 (West Africa Time),2026-08-17T06:27:53+01:00,NG,LA,city_online,food,supermart,A,detergent,Ariel Multi-Purpose Bar Soap 220 g,0.22,kg,200,909.09,,https://www.supermart.ng/products/ariel-multi-purpose-bar-soap-220-g,ok
Mon Aug 17 2026 00:00:00 GMT+0100 (West Africa Time),2026-08-17T06:27:53+01:00,NG,LA,city_online,food,supermart,A,detergent,Ariel Original Laundry Detergent Powder 400 g,0.4,kg,1705,4262.5,,https://www.supermart.ng/products/ariel-original-laundry-detergent-powder-400-g,ok
Mon Aug 17 2026 00:00:00 GMT+0100 (West Africa Time),2026-08-17T06:27:53+01:00,NG,LA,city_online,food,supermart,A,detergent,Ariel Original Laundry Detergent Powder 800 g,0.8,kg,2000,2500,,https://www.supermart.ng/products/ariel-original-laundry-detergent-powder-800-g,ok
Mon Aug 17 2026 00:00:00 GMT+0100 (West Africa Time),2026-08-17T06:27:53+01:00,NG,LA,city_online,food,supermart,A,detergent,Ariel Original Laundry Detergent Powder 90 g,0.09,kg,365,4055.56,,https://www.supermart.ng/products/ariel-original-laundry-detergent-powder-90-g,ok
Mon Aug 17 2026 00:00:00 GMT+0100 (West Africa Time),2026-08-17T06:27:53+01:00,NG,LA,city_online,food,supermart,A,detergent,Ariel Original Laundry Detergent Powder 90 g x6,0.54,kg,365,675.93,,https://www.supermart.ng/products/ariel-original-laundry-detergent-powder-90-g-x6,ok
Mon Aug 17 2026 00:00:00 GMT+0100 (West Africa Time),2026-08-17T06:27:53+01:00,NG,LA,city_online,food,supermart,A,detergent,Ariel Original Laundry Washing Liquid 50 Washes 1550 ml,1550ml,l,55435,,,https://www.supermart.ng/products/ariel-original-laundry-washing-liquid-50-washes-1550-ml,ok_no_unit
Mon Aug 17 2026 00:00:00 GMT+0100 (West Africa Time),2026-08-17T06:27:53+01:00,NG,LA,city_online,food,supermart,A,detergent,Ariel Original Washing Gel 26 Washes 858 ml,858ml,l,36470,,,https://www.supermart.ng/products/ariel-original-washing-gel-26-washes-858-ml,ok_no_unit
Mon Aug 17 2026 00:00:00 GMT+0100 (West Africa Time),2026-08-17T06:27:53+01:00,NG,LA,city_online,food,supermart,A,detergent,Ariel Original Washing Liquid Detergent 63 Washes 1953 ml,1953ml,l,68000,,,https://www.supermart.ng/products/ariel-original-washing-liquid-detergent-63-washes-1953-ml,ok_no_unit
Mon Aug 17 2026 00:00:00 GMT+0100 (West Africa Time),2026-08-17T06:27:53+01:00,NG,LA,city_online,food,supermart,A,detergent,Ariel Original Washing Powder 50 Washes 2750 g,2.75,kg,80405,29238.18,,https://www.supermart.ng/products/ariel-original-washing-powder-50-washes-2750-g,ok
Mon Aug 17 2026 00:00:00 GMT+0100 (West Africa Time),2026-08-17T06:27:53+01:00,NG,LA,city_online,food,supermart,A,detergent,Ariel Platinum Washing Liquid Pods With Lenor 29 Washes 565.5 g,0.5655,kg,38415,67931.03,,https://www.supermart.ng/products/ariel-platinum-washing-liquid-pods-with-lenor-29-washes-565-5-g,ok
Mon Aug 17 2026 00:00:00 GMT+0100 (West Africa Time),2026-08-17T06:27:53+01:00,NG,LA,city_online,food,supermart,A,detergent,Ariel Stain Remover Ultra Oxi 500 ml,500ml,l,3275,,,https://www.supermart.ng/products/ariel-stain-remover-ultra-oxi-500-ml,ok_no_unit
Mon Aug 17 2026 00:00:00 GMT+0100 (West Africa Time),2026-08-17T06:27:53+01:00,NG,LA,city_online,food,supermart,A,rice,Arike Ofada Rice 1 kg,1,kg,3655,3655,,https://www.supermart.ng/products/arike-ofada-rice-1-kg,ok
Mon Aug 17 2026 00:00:00 GMT+0100 (West Africa Time),2026-08-17T06:27:53+01:00,NG,LA,city_online,food,supermart,A,rice,Arike Ofada Rice 5 kg,5,kg,16760,3352,,https://www.supermart.ng/products/arike-ofada-rice-5-kg,ok
Mon Aug 17 2026 00:00:00 GMT+0100 (West Africa Time),2026-08-17T06:27:53+01:00,NG,LA,city_online,food,supermart,A,poundo_yam,Arosa Cocoyam Flour Soup Thickener 150 g,0.15,kg,430,2866.67,,https://www.supermart.ng/products/arosa-cocoyam-flour-soup-thickener-150-g,ok
Mon Aug 17 2026 00:00:00 GMT+0100 (West Africa Time),2026-08-17T06:27:53+01:00,NG,LA,city_online,food,supermart,A,chicken_frozen,Artisan Butchery Chicken - Shredded 500 g,0.5,kg,1690,3380,,https://www.supermart.ng/products/artisan-butchery-chicken-shredded-500-g,ok
Mon Aug 17 2026 00:00:00 GMT+0100 (West Africa Time),2026-08-17T06:27:53+01:00,NG,LA,city_online,food,supermart,A,chicken_frozen,Artisan Butchery Chicken Breast - Boneless 500 g,0.5,kg,1825,3650,,https://www.supermart.ng/products/artisan-butchery-chicken-breast-boneless-500-g,ok
Mon Aug 17 2026 00:00:00 GMT+0100 (West Africa Time),2026-08-17T06:27:53+01:00,NG,LA,city_online,food,supermart,A,chicken_frozen,Artisan Butchery Chicken Cocktail Sausage 350 g,0.35,kg,4215,12042.86,,https://www.supermart.ng/products/artisan-butchery-chicken-cocktail-sausage-350-g,ok
Mon Aug 17 2026 00:00:00 GMT+0100 (West Africa Time),2026-08-17T06:27:53+01:00,NG,LA,city_online,food,supermart,A,chicken_frozen,Artisan Butchery Chicken Sausages 350 g x6,2.1,kg,3190,1519.05,,https://www.supermart.ng/products/artisan-butchery-chicken-sausages-350-g-x6,ok
Mon Aug 17 2026 00:00:00 GMT+0100 (West Africa Time),2026-08-17T06:27:53+01:00,NG,LA,city_online,food,supermart,A,chicken_frozen,Artisan Butchery Classic Chicken Sausage 350 g x5,1.75,kg,4265,2437.14,,https://www.supermart.ng/products/artisan-butchery-classic-chicken-sausage-350-g-x5,ok
Mon Aug 17 2026 00:00:00 GMT+0100 (West Africa Time),2026-08-17T06:27:53+01:00,NG,LA,city_online,food,supermart,A,chicken_frozen,Artisan Chicken Nuggets 360 g,0.36,kg,2590,7194.44,,https://www.supermart.ng/products/artisan-chicken-nuggets-360-g,ok
Mon Aug 17 2026 00:00:00 GMT+0100 (West Africa Time),2026-08-17T06:27:53+01:00,NG,LA,city_online,food,supermart,A,spaghetti,ASDA Pasta Shapes 500 g,0.5,kg,1780,3560,,https://www.supermart.ng/products/asda-pasta-shapes-500-g,ok
Mon Aug 17 2026 00:00:00 GMT+0100 (West Africa Time),2026-08-17T06:27:53+01:00,NG,LA,city_online,food,supermart,A,sugar,Ashland Fragranced Diffuser Sugar Cookie 147.8 ml,147.8ml,l,365,,,https://www.supermart.ng/products/ashland-fragranced-diffuser-sugar-cookie-1478-ml,ok_no_unit
Mon Aug 17 2026 00:00:00 GMT+0100 (West Africa Time),2026-08-17T06:27:53+01:00,NG,LA,city_online,food,supermart,A,sugar,Ashland Sugar Cookie Fragranced Diffuser 147.8 ml,147.8ml,l,2690,,,https://www.supermart.ng/products/ashland-sugar-cookie-fragranced-diffuser-1478-ml,ok_no_unit
Mon Aug 17 2026 00:00:00 GMT+0100 (West Africa Time),2026-08-17T06:27:53+01:00,NG,LA,city_online,food,supermart,A,bread,Asmak Calamari Rings Breaded 240 g,240g,kg,4590,,,https://www.supermart.ng/products/asmak-calamari-rings-breaded-240-g,ok_no_unit
Mon Aug 17 2026 00:00:00 GMT+0100 (West Africa Time),2026-08-17T06:27:53+01:00,NG,LA,city_online,food,supermart,A,bread,Asmak Fish Fingers Breaded 240 g,240g,kg,1605,,,https://www.supermart.ng/products/asmak-fish-fingers-breaded-240-g,ok_no_unit
Mon Aug 17 2026 00:00:00 GMT+0100 (West Africa Time),2026-08-17T06:27:53+01:00,NG,LA,city_online,food,supermart,A,rice,Atlas Price Label Roll For C20/100E/1010,,,2300,,,https://www.supermart.ng/products/atlas-price-label-roll-for-c20100e1010,ok_no_unit
Mon Aug 17 2026 00:00:00 GMT+0100 (West Africa Time),2026-08-17T06:27:53+01:00,NG,LA,city_online,food,supermart,A,onions,Aunt Bessie's Yorkshire Pudding Mix With Sage & Onion 120 g,0.12,kg,9725,81041.67,,https://www.supermart.ng/products/aunt-bessies-yorkshire-pudding-mix-with-sage-onion-120-g,ok
Mon Aug 17 2026 00:00:00 GMT+0100 (West Africa Time),2026-08-17T06:27:53+01:00,NG,LA,city_online,food,supermart,A,semovita,Auntie B Semolina 1 kg,1,kg,1780,1780,,https://www.supermart.ng/products/auntie-b-semolina-1-kg,ok
Mon Aug 17 2026 00:00:00 GMT+0100 (West Africa Time),2026-08-17T06:27:53+01:00,NG,LA,city_online,food,supermart,A,spaghetti,Auntie B Spaghetti 500 g,0.5,kg,1245,2490,,https://www.supermart.ng/products/auntie-b-spaghetti-500-g,ok
Mon Aug 17 2026 00:00:00 GMT+0100 (West Africa Time),2026-08-17T06:27:53+01:00,NG,LA,city_online,food,supermart,A,spaghetti,Auntie B Spaghetti Slim 500 g,0.5,kg,1245,2490,,https://www.supermart.ng/products/auntie-b-spaghetti-slim-500-g,ok
Mon Aug 17 2026 00:00:00 GMT+0100 (West Africa Time),2026-08-17T06:27:53+01:00,NG,LA,city_online,food,supermart,A,oats,Aveeno Stress Relief Foaming Bath With Oatmeal 295 ml,295ml,l,2765,,,https://www.supermart.ng/products/aveeno-stress-relief-foaming-bath-with-oatmeal-295-ml,ok_no_unit
Mon Aug 17 2026 00:00:00 GMT+0100 (West Africa Time),2026-08-17T06:27:53+01:00,NG,LA,city_online,food,supermart,A,milk_powder,Avent Milk Powder Dispenser Bowl 6 Months+,,,1700,,,https://www.supermart.ng/products/avent-milk-powder-dispenser-bowl-6-months,ok_no_unit
Mon Aug 17 2026 00:00:00 GMT+0100 (West Africa Time),2026-08-17T06:27:53+01:00,NG,LA,city_online,food,supermart,A,sanitary_pad,Aya Comfy Sanitary Pads Extra Thin Medium 320 mm x10,10,piece,1610,161,,https://www.supermart.ng/products/aya-comfy-sanitary-pads-extra-thin-medium-320-mm-x10,ok
Mon Aug 17 2026 00:00:00 GMT+0100 (West Africa Time),2026-08-17T06:27:53+01:00,NG,LA,city_online,food,supermart,A,sanitary_pad,Aya Comfy Sanitary Pads No Double Ups Large 400 mm x7,7,piece,1990,284.29,,https://www.supermart.ng/products/aya-comfy-sanitary-pads-no-double-ups-large-400-mm-x7,ok
Mon Aug 17 2026 00:00:00 GMT+0100 (West Africa Time),2026-08-17T06:27:53+01:00,NG,LA,city_online,food,supermart,A,beans_brown,Ayoola Foods Beans Flour 900 g,0.9,kg,11990,13322.22,,https://www.supermart.ng/products/ayoola-foods-beans-flour-900-g,ok
Mon Aug 17 2026 00:00:00 GMT+0100 (West Africa Time),2026-08-17T06:27:53+01:00,NG,LA,city_online,food,supermart,A,beans_brown,Ayoola Foods Brown Beans 1.8 kg,1.8,kg,2045,1136.11,,https://www.supermart.ng/products/ayoola-foods-brown-beans-18-kg,ok
Mon Aug 17 2026 00:00:00 GMT+0100 (West Africa Time),2026-08-17T06:27:53+01:00,NG,LA,city_online,food,supermart,A,beans_brown,Ayoola Foods Brown Beans 900 g,0.9,kg,1050,1166.67,,https://www.supermart.ng/products/ayoola-foods-brown-beans-900-g,ok
Mon Aug 17 2026 00:00:00 GMT+0100 (West Africa Time),2026-08-17T06:27:53+01:00,NG,LA,city_online,food,supermart,A,poundo_yam,Ayoola Foods Poundo Yam Flour 1.8 kg,1.8,kg,8315,4619.44,,https://www.supermart.ng/products/ayoola-foods-poundo-yam-flour-18-kg,ok
Mon Aug 17 2026 00:00:00 GMT+0100 (West Africa Time),2026-08-17T06:27:53+01:00,NG,LA,city_online,food,supermart,A,poundo_yam,Ayoola Foods Poundo Yam Flour 4.5 kg,4.5,kg,20720,4604.44,,https://www.supermart.ng/products/ayoola-foods-poundo-yam-flour-45-kg,ok
Mon Aug 17 2026 00:00:00 GMT+0100 (West Africa Time),2026-08-17T06:27:53+01:00,NG,LA,city_online,food,supermart,A,poundo_yam,Ayoola Foods Poundo Yam Flour 900 g,0.9,kg,4160,4622.22,,https://www.supermart.ng/products/ayoola-foods-poundo-yam-flour-900-g,ok
Mon Aug 17 2026 00:00:00 GMT+0100 (West Africa Time),2026-08-17T06:27:53+01:00,NG,LA,city_online,food,supermart,A,rice,Ayoola Foods Rice Flour 1.8 kg,1.8,kg,7045,3913.89,,https://www.supermart.ng/products/ayoola-foods-rice-flour-18-kg,ok
Mon Aug 17 2026 00:00:00 GMT+0100 (West Africa Time),2026-08-17T06:27:53+01:00,NG,LA,city_online,food,supermart,A,rice,Ayoola Foods Rice Flour 900 g,0.9,kg,3525,3916.67,,https://www.supermart.ng/products/ayoola-foods-rice-flour-900-g,ok
Mon Aug 17 2026 00:00:00 GMT+0100 (West Africa Time),2026-08-17T06:27:53+01:00,NG,LA,city_online,food,supermart,A,poundo_yam,Ayoola Foods Yam Flour 1.8 kg (Elubo),1.8,kg,2140,1188.89,,https://www.supermart.ng/products/ayoola-foods-yam-flour-18-kg-elubo,ok
Mon Aug 17 2026 00:00:00 GMT+0100 (West Africa Time),2026-08-17T06:27:53+01:00,NG,LA,city_online,food,supermart,A,poundo_yam,Ayoola Foods Yam Flour 900 g (Elubo),0.9,kg,990,1100,,https://www.supermart.ng/products/ayoola-foods-yam-flour-900-g-elubo,ok
Mon Aug 17 2026 00:00:00 GMT+0100 (West Africa Time),2026-08-17T06:27:53+01:00,NG,LA,city_online,food,supermart,A,bread,B & G Bread & Butter With Whole Spices Chips 473 ml,473ml,l,1790,,,https://www.supermart.ng/products/b-g-bread-butter-with-whole-spices-chips-473-ml,ok_no_unit
Mon Aug 17 2026 00:00:00 GMT+0100 (West Africa Time),2026-08-17T06:27:53+01:00,NG,LA,city_online,food,supermart,A,soap_bar,B29 Bar Soap 150 g,150g,kg,150,,,https://www.supermart.ng/products/b29-bar-soap-150-g,ok_no_unit
Mon Aug 17 2026 00:00:00 GMT+0100 (West Africa Time),2026-08-17T06:27:53+01:00,NG,LA,city_online,food,supermart,A,diapers,Baby Cici Soft & Gentle Diapers Size 2 Mini 3-6 kg x10,6kg x10,kg,645,,,https://www.supermart.ng/products/baby-cici-soft-gentle-diapers-size-2-mini-3-6-kg-x10,ok_no_unit
Mon Aug 17 2026 00:00:00 GMT+0100 (West Africa Time),2026-08-17T06:27:53+01:00,NG,LA,city_online,food,supermart,A,diapers,Baby Cici Soft & Gentle Diapers Size 2 Mini 3-6 kg x50,6kg x50,kg,3045,,,https://www.supermart.ng/products/baby-cici-soft-gentle-diapers-size-2-mini-3-6-kg-x50,ok_no_unit
Mon Aug 17 2026 00:00:00 GMT+0100 (West Africa Time),2026-08-17T06:27:53+01:00,NG,LA,city_online,food,supermart,A,diapers,Baby Cici Soft & Gentle Diapers Size 3 Midi 4-9 kg x46,9kg x46,kg,3045,,,https://www.supermart.ng/products/baby-cici-soft-gentle-diapers-size-3-midi-4-9-kg-x46,ok_no_unit
Mon Aug 17 2026 00:00:00 GMT+0100 (West Africa Time),2026-08-17T06:27:53+01:00,NG,LA,city_online,food,supermart,A,diapers,Baby Cici Soft & Gentle Diapers Size 3 Midi 4-9 kg x9,9kg x9,kg,645,,,https://www.supermart.ng/products/baby-cici-soft-gentle-diapers-size-3-midi-4-9-kg-x9,ok_no_unit
Mon Aug 17 2026 00:00:00 GMT+0100 (West Africa Time),2026-08-17T06:27:53+01:00,NG,LA,city_online,food,supermart,A,diapers,Baby Cici Soft & Gentle Diapers Size 4 Maxi 7-18 kg x42,18kg x42,kg,3045,,,https://www.supermart.ng/products/baby-cici-soft-gentle-diapers-size-4-maxi-7-18-kg-x42,ok_no_unit
Mon Aug 17 2026 00:00:00 GMT+0100 (West Africa Time),2026-08-17T06:27:53+01:00,NG,LA,city_online,food,supermart,A,diapers,Baby Cici Soft & Gentle Diapers Size 4 Maxi 7-18 kg x8,18kg x8,kg,645,,,https://www.supermart.ng/products/baby-cici-soft-gentle-diapers-size-4-maxi-7-18-kg-x8,ok_no_unit
Mon Aug 17 2026 00:00:00 GMT+0100 (West Africa Time),2026-08-17T06:27:53+01:00,NG,LA,city_online,food,supermart,A,rice,Badia Fried Rice Seasoning 170.1 g,0.1701,kg,6790,39917.7,,https://www.supermart.ng/products/badia-fried-rice-seasoning-170-1-g,ok
Mon Aug 17 2026 00:00:00 GMT+0100 (West Africa Time),2026-08-17T06:27:53+01:00,NG,LA,city_online,food,supermart,A,rice,Badia Jollof Rice Seasoning 163 g,0.163,kg,7065,43343.56,,https://www.supermart.ng/products/badia-jollof-rice-seasoning-163-g,ok
Mon Aug 17 2026 00:00:00 GMT+0100 (West Africa Time),2026-08-17T06:27:53+01:00,NG,LA,city_online,food,supermart,A,rice,Badshah Superior Aged Basmati Rice 5 kg,5,kg,123555,24711,,https://www.supermart.ng/products/badshah-superior-aged-basmati-rice-5-kg,ok
Mon Aug 17 2026 00:00:00 GMT+0100 (West Africa Time),2026-08-17T06:27:53+01:00,NG,LA,city_online,food,supermart,A,salt,Bake Rolz Wheat Snacks Salt 31 g,0.031,kg,65,2096.77,,https://www.supermart.ng/products/bake-rolz-wheat-snacks-salt-31-g,ok
Mon Aug 17 2026 00:00:00 GMT+0100 (West Africa Time),2026-08-17T06:27:53+01:00,NG,LA,city_online,food,supermart,A,bread,Bakemate Cookies Shortbread 150 g,150g,kg,950,,,https://www.supermart.ng/products/bakemate-cookies-shortbread-150-g,ok_no_unit
Mon Aug 17 2026 00:00:00 GMT+0100 (West Africa Time),2026-08-17T06:27:53+01:00,NG,LA,city_online,food,supermart,A,rice,Baker's Choice Ground Rice 1 kg,1,kg,1170,1170,,https://www.supermart.ng/products/bakers-choice-ground-rice-1-kg,ok
Mon Aug 17 2026 00:00:00 GMT+0100 (West Africa Time),2026-08-17T06:27:53+01:00,NG,LA,city_online,food,supermart,A,sugar,BakerDream Instant Dry Yeast Low Sugar 500 g,0.5,kg,365,730,,https://www.supermart.ng/products/bakerdream-instant-dry-yeast-low-sugar-500-g,ok
Mon Aug 17 2026 00:00:00 GMT+0100 (West Africa Time),2026-08-17T06:27:53+01:00,NG,LA,city_online,food,supermart,A,sugar,BakerDream Instant Dry Yeast Sugar Tolerant 500 g,0.5,kg,930,1860,,https://www.supermart.ng/products/bakerdream-instant-dry-yeast-sugar-tolerant-500-g,ok
Mon Aug 17 2026 00:00:00 GMT+0100 (West Africa Time),2026-08-17T06:27:53+01:00,NG,LA,city_online,food,supermart,A,sugar,Bakers Choice Soft Brown Sugar 500 g,0.5,kg,525,1050,,https://www.supermart.ng/products/bakers-choice-soft-brown-sugar-500-g,ok
Mon Aug 17 2026 00:00:00 GMT+0100 (West Africa Time),2026-08-17T06:27:53+01:00,NG,LA,city_online,food,supermart,A,chicken_frozen,Bakers Complete Chicken & Country Vegetables 1.35 kg,1.35,kg,2720,2014.81,,https://www.supermart.ng/products/bakers-complete-chicken-country-vegetables-135-kg,ok
Mon Aug 17 2026 00:00:00 GMT+0100 (West Africa Time),2026-08-17T06:27:53+01:00,NG,LA,city_online,food,supermart,A,chicken_frozen,Bakers Complete Weight Control Chicken & Country Vegetables 1 kg,1,kg,365,365,,https://www.supermart.ng/products/bakers-complete-weight-control-chicken-country-vegetables-1-kg,ok
Mon Aug 17 2026 00:00:00 GMT+0100 (West Africa Time),2026-08-17T06:27:53+01:00,NG,LA,city_online,food,supermart,A,diapers,Balmex Diaper Rash Cream 113 g,113g,kg,4000,,,https://www.supermart.ng/products/balmex-diaper-rash-cream-113-g,ok_no_unit
Mon Aug 17 2026 00:00:00 GMT+0100 (West Africa Time),2026-08-17T06:27:53+01:00,NG,LA,city_online,food,supermart,A,detergent,Banjo Total Care Detergent Powder 180 g,0.18,kg,95,527.78,,https://www.supermart.ng/products/banjo-total-care-detergent-powder-180-g,ok
Mon Aug 17 2026 00:00:00 GMT+0100 (West Africa Time),2026-08-17T06:27:53+01:00,NG,LA,city_online,food,supermart,A,toilet_roll,Banrut Rolls Jumbo Luxury Toilet Tissue 2 Ply 1 Roll,1,piece,280,280,,https://www.supermart.ng/products/banrut-rolls-jumbo-luxury-toilet-tissue-2-ply-1-roll,ok
Mon Aug 17 2026 00:00:00 GMT+0100 (West Africa Time),2026-08-17T06:27:53+01:00,NG,LA,city_online,food,supermart,A,toilet_roll,Banrut Rolls Luxury Toilet Tissue 2 Ply 12 Rolls,1,piece,1320,1320,,https://www.supermart.ng/products/banrut-rolls-luxury-toilet-tissue-2-ply-12-rolls,ok
Mon Aug 17 2026 00:00:00 GMT+0100 (West Africa Time),2026-08-17T06:27:53+01:00,NG,LA,city_online,food,supermart,A,toilet_roll,Banrut Rolls Luxury Toilet Tissue 2 Ply 2 Rolls x6,6,piece,1140,190,,https://www.supermart.ng/products/banrut-rolls-luxury-toilet-tissue-2-ply-2-rolls-x6,ok
Mon Aug 17 2026 00:00:00 GMT+0100 (West Africa Time),2026-08-17T06:27:53+01:00,NG,LA,city_online,food,supermart,A,toilet_roll,Banrut Rolls Prince Luxury Toilet Tissue 2 Ply 1 Roll,1,piece,260,260,,https://www.supermart.ng/products/banrut-rolls-prince-luxury-toilet-tissue-2-ply-1-roll,ok
Mon Aug 17 2026 00:00:00 GMT+0100 (West Africa Time),2026-08-17T06:27:53+01:00,NG,LA,city_online,food,supermart,A,toilet_roll,Banrut Rolls Prince Luxury Toilet Tissue 2 Ply 12 Rolls,1,piece,4450,4450,,https://www.supermart.ng/products/banrut-rolls-prince-luxury-toilet-tissue-2-ply-12-rolls,ok
Mon Aug 17 2026 00:00:00 GMT+0100 (West Africa Time),2026-08-17T06:27:53+01:00,NG,LA,city_online,food,supermart,A,toilet_roll,Banrut Rolls Prince Luxury Toilet Tissue 2 Ply 2 Rolls,1,piece,650,650,,https://www.supermart.ng/products/banrut-rolls-prince-luxury-toilet-tissue-2-ply-2-rolls,ok
Mon Aug 17 2026 00:00:00 GMT+0100 (West Africa Time),2026-08-17T06:27:53+01:00,NG,LA,city_online,food,supermart,A,toilet_roll,Banrut Rolls Prince Luxury Toilet Tissue 2 Ply 2 Rolls x6,6,piece,1140,190,,https://www.supermart.ng/products/banrut-rolls-prince-luxury-toilet-tissue-2-ply-2-rolls-x6,ok
Mon Aug 17 2026 00:00:00 GMT+0100 (West Africa Time),2026-08-17T06:27:53+01:00,NG,LA,city_online,food,supermart,A,toilet_roll,Banrut Rolls Prince Luxury Toilet Tissue 2 Ply 4 Rolls,1,piece,375,375,,https://www.supermart.ng/products/banrut-rolls-prince-luxury-toilet-tissue-2-ply-4-rolls,ok
Mon Aug 17 2026 00:00:00 GMT+0100 (West Africa Time),2026-08-17T06:27:53+01:00,NG,LA,city_online,food,supermart,A,toilet_roll,Banrut Rolls Prince Luxury Toilet Tissue 2 Ply 6 Rolls,1,piece,560,560,,https://www.supermart.ng/products/banrut-rolls-prince-luxury-toilet-tissue-2-ply-6-rolls,ok
Mon Aug 17 2026 00:00:00 GMT+0100 (West Africa Time),2026-08-17T06:27:53+01:00,NG,LA,city_online,food,supermart,A,toilet_roll,Banrut Rolls Soft & Tender Toilet Tissue 2 Ply 1 Roll,1,piece,140,140,,https://www.supermart.ng/products/banrut-rolls-soft-tender-toilet-tissue-2-ply-1-roll,ok
Mon Aug 17 2026 00:00:00 GMT+0100 (West Africa Time),2026-08-17T06:27:53+01:00,NG,LA,city_online,food,supermart,A,toilet_roll,Banrut Rolls Vicki Soft & Tender Toilet Tissue 2 Ply 2 Rolls,1,piece,145,145,,https://www.supermart.ng/products/banrut-rolls-vicki-soft-tender-toilet-tissue-2-ply-2-rolls,ok
Mon Aug 17 2026 00:00:00 GMT+0100 (West Africa Time),2026-08-17T06:27:53+01:00,NG,LA,city_online,food,supermart,A,noodles,Bare Naked Noodles Original 380 g,380g,kg,15625,,,https://www.supermart.ng/products/bare-naked-noodles-original-380-g,ok_no_unit
Mon Aug 17 2026 00:00:00 GMT+0100 (West Africa Time),2026-08-17T06:27:53+01:00,NG,LA,city_online,food,supermart,A,spaghetti,Barilla Protein Plus Spaghetti 411 g,0.411,kg,365,888.08,,https://www.supermart.ng/products/barilla-protein-plus-spaghetti-411-g,ok
Mon Aug 17 2026 00:00:00 GMT+0100 (West Africa Time),2026-08-17T06:27:53+01:00,NG,LA,city_online,food,supermart,A,spaghetti,Barilla Spaghetti 500 g,0.5,kg,1245,2490,,https://www.supermart.ng/products/barilla-spaghetti-500-g,ok
Mon Aug 17 2026 00:00:00 GMT+0100 (West Africa Time),2026-08-17T06:27:53+01:00,NG,LA,city_online,food,supermart,A,spaghetti,Barilla Spaghetti n.5 500 g,0.5,kg,3995,7990,,https://www.supermart.ng/products/barilla-spaghetti-n5-500-g,ok
Mon Aug 17 2026 00:00:00 GMT+0100 (West Africa Time),2026-08-17T06:27:53+01:00,NG,LA,city_online,food,supermart,A,spaghetti,Barilla Thin Spaghetti 454 g,0.454,kg,780,1718.06,,https://www.supermart.ng/products/barilla-thin-spaghetti-454-g,ok
Mon Aug 17 2026 00:00:00 GMT+0100 (West Africa Time),2026-08-17T06:27:53+01:00,NG,LA,city_online,food,supermart,A,rice,Bassetts Liquorice All Sorts 190 g,0.19,kg,850,4473.68,,https://www.supermart.ng/products/bassetts-liquorice-all-sorts-190-g,ok
Mon Aug 17 2026 00:00:00 GMT+0100 (West Africa Time),2026-08-17T06:27:53+01:00,NG,LA,city_online,food,supermart,A,noodles,Batchelors Big Super Noodles BBQ Beef Flavoured 100 g,100g,kg,8540,,,https://www.supermart.ng/products/batchelors-big-super-noodles-bbq-beef-flavoured-100-g,ok_no_unit
Mon Aug 17 2026 00:00:00 GMT+0100 (West Africa Time),2026-08-17T06:27:53+01:00,NG,LA,city_online,food,supermart,A,noodles,Batchelors Big Super Noodles Chicken Flavoured 100 g,100g,kg,8540,,,https://www.supermart.ng/products/batchelors-big-super-noodles-chicken-flavoured-100-g,ok_no_unit
Mon Aug 17 2026 00:00:00 GMT+0100 (West Africa Time),2026-08-17T06:27:53+01:00,NG,LA,city_online,food,supermart,A,chicken_frozen,Batchelors Cream Of Chicken Condensed Soup 295 g,0.295,kg,575,1949.15,,https://www.supermart.ng/products/batchelors-cream-of-chicken-condensed-soup-295-g,ok
Mon Aug 17 2026 00:00:00 GMT+0100 (West Africa Time),2026-08-17T06:27:53+01:00,NG,LA,city_online,food,supermart,A,chicken_frozen,Batchelors Cup A Soup 2x Chicken 2x Tomato 82 g,0.082,kg,930,11341.46,,https://www.supermart.ng/products/batchelors-cup-a-soup-2x-chicken-2x-tomato-82-g,ok
Mon Aug 17 2026 00:00:00 GMT+0100 (West Africa Time),2026-08-17T06:27:53+01:00,NG,LA,city_online,food,supermart,A,chicken_frozen,Batchelors Cup A Soup Chicken & Leek 104 g,0.104,kg,4500,43269.23,,https://www.supermart.ng/products/batchelors-cup-a-soup-chicken-leek-104-g,ok
Mon Aug 17 2026 00:00:00 GMT+0100 (West Africa Time),2026-08-17T06:27:53+01:00,NG,LA,city_online,food,supermart,A,chicken_frozen,Batchelors Cup A Soup Chicken & Leek 86 g,0.086,kg,1440,16744.19,,https://www.supermart.ng/products/batchelors-cup-a-soup-chicken-leek-86-g,ok
Mon Aug 17 2026 00:00:00 GMT+0100 (West Africa Time),2026-08-17T06:27:53+01:00,NG,LA,city_online,food,supermart,A,chicken_frozen,Batchelors Cup A Soup Chicken & Vegetable 104 g,0.104,kg,4500,43269.23,,https://www.supermart.ng/products/batchelors-cup-a-soup-chicken-vegetable-104-g,ok
Mon Aug 17 2026 00:00:00 GMT+0100 (West Africa Time),2026-08-17T06:27:53+01:00,NG,LA,city_online,food,supermart,A,chicken_frozen,Batchelors Cup A Soup Chicken & Vegetable Croutons 4 Pack 110 g,0.44,kg,9970,22659.09,,https://www.supermart.ng/products/batchelors-cup-a-soup-chicken-vegetable-croutons-4-pack-110-g,ok
Mon Aug 17 2026 00:00:00 GMT+0100 (West Africa Time),2026-08-17T06:27:53+01:00,NG,LA,city_online,food,supermart,A,chicken_frozen,Batchelors Cup A Soup Chicken 4 Pack 81 g,0.324,kg,9470,29228.4,,https://www.supermart.ng/products/batchelors-cup-a-soup-chicken-4-pack-81-g,ok
Mon Aug 17 2026 00:00:00 GMT+0100 (West Africa Time),2026-08-17T06:27:53+01:00,NG,LA,city_online,food,supermart,A,chicken_frozen,Batchelors Cup A Soup Chicken 81 g,0.081,kg,4500,55555.56,,https://www.supermart.ng/products/batchelors-cup-a-soup-chicken-81-g,ok
Mon Aug 17 2026 00:00:00 GMT+0100 (West Africa Time),2026-08-17T06:27:53+01:00,NG,LA,city_online,food,supermart,A,chicken_frozen,Batchelors Cup A Soup Chicken 82 g,0.082,kg,365,4451.22,,https://www.supermart.ng/products/batchelors-cup-a-soup-chicken-82-g,ok
Mon Aug 17 2026 00:00:00 GMT+0100 (West Africa Time),2026-08-17T06:27:53+01:00,NG,LA,city_online,food,supermart,A,noodles,Batchelors Cup A Soup Chicken Noodle 4 Pack 94 g,94g x4,kg,9695,,,https://www.supermart.ng/products/batchelors-cup-a-soup-chicken-noodle-4-pack-94-g,ok_no_unit
Mon Aug 17 2026 00:00:00 GMT+0100 (West Africa Time),2026-08-17T06:27:53+01:00,NG,LA,city_online,food,supermart,A,noodles,Batchelors Cup A Soup Chicken Noodle 98 g,98g,kg,1440,,,https://www.supermart.ng/products/batchelors-cup-a-soup-chicken-noodle-98-g,ok_no_unit
Mon Aug 17 2026 00:00:00 GMT+0100 (West Africa Time),2026-08-17T06:27:53+01:00,NG,LA,city_online,food,supermart,A,chicken_frozen,Batchelors Cup A Soup Sweet Chilli Chicken 4 Pack 92 g,0.368,kg,9660,26250,,https://www.supermart.ng/products/batchelors-cup-a-soup-sweet-chilli-chicken-4-pack-92-g,ok
Mon Aug 17 2026 00:00:00 GMT+0100 (West Africa Time),2026-08-17T06:27:53+01:00,NG,LA,city_online,food,supermart,A,onions,Batchelors Pasta 'N' Sauce Caramelised Onion & Smoky Bacon 99 g,0.099,kg,9920,100202.02,,https://www.supermart.ng/products/batchelors-pasta-n-sauce-caramelised-onion-smoky-bacon-99-g,ok
Mon Aug 17 2026 00:00:00 GMT+0100 (West Africa Time),2026-08-17T06:27:53+01:00,NG,LA,city_online,food,supermart,A,chicken_frozen,Batchelors Pasta 'N' Sauce Chicken & Mushroom 65 g,0.065,kg,7935,122076.92,,https://www.supermart.ng/products/batchelors-pasta-n-sauce-chicken-mushroom-65-g,ok
Mon Aug 17 2026 00:00:00 GMT+0100 (West Africa Time),2026-08-17T06:27:53+01:00,NG,LA,city_online,food,supermart,A,chicken_frozen,Batchelors Pasta 'N' Sauce Chicken & Mushroom Quick Cook 99 g,0.099,kg,8525,86111.11,,https://www.supermart.ng/products/batchelors-pasta-n-sauce-chicken-mushroom-quick-cook-99-g,ok
Mon Aug 17 2026 00:00:00 GMT+0100 (West Africa Time),2026-08-17T06:27:53+01:00,NG,LA,city_online,food,supermart,A,onions,Batchelors Pasta 'N' Sauce Tomato Onion & Herb 99 g,0.099,kg,8525,86111.11,,https://www.supermart.ng/products/batchelors-pasta-n-sauce-tomato-onion-herb-99-g,ok
Mon Aug 17 2026 00:00:00 GMT+0100 (West Africa Time),2026-08-17T06:27:53+01:00,NG,LA,city_online,food,supermart,A,chicken_frozen,Batchelors Pasta N Sauce Chicken & Mushroom 122 g,0.122,kg,1150,9426.23,,https://www.supermart.ng/products/batchelors-pasta-n-sauce-chicken-mushroom-122-g,ok
Mon Aug 17 2026 00:00:00 GMT+0100 (West Africa Time),2026-08-17T06:27:53+01:00,NG,LA,city_online,food,supermart,A,chicken_frozen,Batchelors Pasta N Sauce Chicken & Mushroom 99 g,0.099,kg,3010,30404.04,,https://www.supermart.ng/products/batchelors-pasta-n-sauce-chicken-mushroom-99-g,ok
Mon Aug 17 2026 00:00:00 GMT+0100 (West Africa Time),2026-08-17T06:27:53+01:00,NG,LA,city_online,food,supermart,A,beans_brown,Batchelors Red Kidney Beans In Water 400 g,0.4,kg,450,1125,,https://www.supermart.ng/products/batchelors-red-kidney-beans-in-water-400-g,ok
Mon Aug 17 2026 00:00:00 GMT+0100 (West Africa Time),2026-08-17T06:27:53+01:00,NG,LA,city_online,food,supermart,A,noodles,Batchelors Super Noodle Pots Chicken 75 g,75g,kg,8110,,,https://www.supermart.ng/products/batchelors-super-noodle-pots-chicken-75-g,ok_no_unit
Mon Aug 17 2026 00:00:00 GMT+0100 (West Africa Time),2026-08-17T06:27:53+01:00,NG,LA,city_online,food,supermart,A,noodles,Batchelors Super Noodles Air Dried Low Fat Chicken Instant Noodles 80 g,80g,kg,8195,,,https://www.supermart.ng/products/batchelors-super-noodles-air-dried-low-fat-chicken-instant-noodles-80-g,ok_no_unit
Mon Aug 17 2026 00:00:00 GMT+0100 (West Africa Time),2026-08-17T06:27:53+01:00,NG,LA,city_online,food,supermart,A,noodles,Batchelors Super Noodles Air Dried Low Fat Curry Instant Noodles 81 g,81g,kg,8210,,,https://www.supermart.ng/products/batchelors-super-noodles-air-dried-low-fat-curry-instant-noodles-81-g,ok_no_unit
Mon Aug 17 2026 00:00:00 GMT+0100 (West Africa Time),2026-08-17T06:27:53+01:00,NG,LA,city_online,food,supermart,A,noodles,Batchelors Super Noodles Bacon 90 g,90g,kg,8370,,,https://www.supermart.ng/products/batchelors-super-noodles-bacon-90-g,ok_no_unit
Mon Aug 17 2026 00:00:00 GMT+0100 (West Africa Time),2026-08-17T06:27:53+01:00,NG,LA,city_online,food,supermart,A,noodles,Batchelors Super Noodles BBQ Beef 90 g,90g,kg,8370,,,https://www.supermart.ng/products/batchelors-super-noodles-bbq-beef-90-g,ok_no_unit
Mon Aug 17 2026 00:00:00 GMT+0100 (West Africa Time),2026-08-17T06:27:53+01:00,NG,LA,city_online,food,supermart,A,noodles,Batchelors Super Noodles Chicken 4 Pack 360 g,360g x4,kg,20165,,,https://www.supermart.ng/products/batchelors-super-noodles-chicken-4-pack-360-g,ok_no_unit
Mon Aug 17 2026 00:00:00 GMT+0100 (West Africa Time),2026-08-17T06:27:53+01:00,NG,LA,city_online,food,supermart,A,noodles,Batchelors Super Noodles Chicken 90 g,90g,kg,8370,,,https://www.supermart.ng/products/batchelors-super-noodles-chicken-90-g,ok_no_unit
Mon Aug 17 2026 00:00:00 GMT+0100 (West Africa Time),2026-08-17T06:27:53+01:00,NG,LA,city_online,food,supermart,A,noodles,Batchelors Super Noodles Mild Curry 90 g,90g,kg,8370,,,https://www.supermart.ng/products/batchelors-super-noodles-mild-curry-90-g,ok_no_unit
Mon Aug 17 2026 00:00:00 GMT+0100 (West Africa Time),2026-08-17T06:27:53+01:00,NG,LA,city_online,food,supermart,A,rice,Batchelors Super Rice Beef 90 g,0.09,kg,7810,86777.78,,https://www.supermart.ng/products/batchelors-super-rice-beef-90-g,ok
Mon Aug 17 2026 00:00:00 GMT+0100 (West Africa Time),2026-08-17T06:27:53+01:00,NG,LA,city_online,food,supermart,A,rice,Batchelors Super Rice Golden Quick Cook 90 g,0.09,kg,7810,86777.78,,https://www.supermart.ng/products/batchelors-super-rice-golden-quick-cook-90-g,ok
Mon Aug 17 2026 00:00:00 GMT+0100 (West Africa Time),2026-08-17T06:27:53+01:00,NG,LA,city_online,food,supermart,A,chicken_frozen,Baxters Favourites Chicken Broth Soup 400 g,0.4,kg,15970,39925,,https://www.supermart.ng/products/baxters-favourites-chicken-broth-soup-400-g,ok
Mon Aug 17 2026 00:00:00 GMT+0100 (West Africa Time),2026-08-17T06:27:53+01:00,NG,LA,city_online,food,supermart,A,onions,Baxters Favourites French Onion Soup 400 g,0.4,kg,15970,39925,,https://www.supermart.ng/products/baxters-favourites-french-onion-soup-400-g,ok
Mon Aug 17 2026 00:00:00 GMT+0100 (West Africa Time),2026-08-17T06:27:53+01:00,NG,LA,city_online,food,supermart,A,beans_brown,Bayara Black Eye Beans 1 kg,1,kg,3320,3320,,https://www.supermart.ng/products/bayara-black-eye-beans-1-kg,ok
Mon Aug 17 2026 00:00:00 GMT+0100 (West Africa Time),2026-08-17T06:27:53+01:00,NG,LA,city_online,food,supermart,A,beans_brown,Bayara Black Eye Beans 400 g,0.4,kg,870,2175,,https://www.supermart.ng/products/bayara-black-eye-beans-400-g,ok
Mon Aug 17 2026 00:00:00 GMT+0100 (West Africa Time),2026-08-17T06:27:53+01:00,NG,LA,city_online,food,supermart,A,beans_brown,Bayara Lima Beans 1 kg,1,kg,6710,6710,,https://www.supermart.ng/products/bayara-lima-beans-1-kg,ok
Mon Aug 17 2026 00:00:00 GMT+0100 (West Africa Time),2026-08-17T06:27:53+01:00,NG,LA,city_online,food,supermart,A,beans_brown,Bayara Red Kidney Beans 1 kg,1,kg,4050,4050,,https://www.supermart.ng/products/bayara-red-kidney-beans-1-kg,ok
Mon Aug 17 2026 00:00:00 GMT+0100 (West Africa Time),2026-08-17T06:27:53+01:00,NG,LA,city_online,food,supermart,A,beans_brown,Bayara Red Kidney Beans 400 g,0.4,kg,2040,5100,,https://www.supermart.ng/products/bayara-red-kidney-beans-400-g,ok
Mon Aug 17 2026 00:00:00 GMT+0100 (West Africa Time),2026-08-17T06:27:53+01:00,NG,LA,city_online,food,supermart,A,rice,Bayara Rice Flakes 1 kg,1,kg,1815,1815,,https://www.supermart.ng/products/bayara-rice-flakes-1-kg,ok
Mon Aug 17 2026 00:00:00 GMT+0100 (West Africa Time),2026-08-17T06:27:53+01:00,NG,LA,city_online,food,supermart,A,rice,Bayara Rice Powder 400 g,0.4,kg,540,1350,,https://www.supermart.ng/products/bayara-rice-powder-400-g,ok
Mon Aug 17 2026 00:00:00 GMT+0100 (West Africa Time),2026-08-17T06:27:53+01:00,NG,LA,city_online,food,supermart,A,beans_brown,Bayara Victor Beans 1 kg,1,kg,2765,2765,,https://www.supermart.ng/products/bayara-victor-beans-1-kg,ok
Mon Aug 17 2026 00:00:00 GMT+0100 (West Africa Time),2026-08-17T06:27:53+01:00,NG,LA,city_online,food,supermart,A,beans_brown,Bayara White Beans 400 g,0.4,kg,1220,3050,,https://www.supermart.ng/products/bayara-white-beans-400-g,ok
Mon Aug 17 2026 00:00:00 GMT+0100 (West Africa Time),2026-08-17T06:27:53+01:00,NG,LA,city_online,food,supermart,A,fish_frozen,Beach Cliff Sardines In Louisiana Hot Sauce 106 g,0.106,kg,4400,41509.43,,https://www.supermart.ng/products/beach-cliff-sardines-in-louisiana-hot-sauce-106-g,ok
Mon Aug 17 2026 00:00:00 GMT+0100 (West Africa Time),2026-08-17T06:27:53+01:00,NG,LA,city_online,food,supermart,A,fish_frozen,Beach Cliff Sardines In Mustard Sauce 106 g,0.106,kg,4400,41509.43,,https://www.supermart.ng/products/beach-cliff-sardines-in-mustard-sauce-106-g,ok
Mon Aug 17 2026 00:00:00 GMT+0100 (West Africa Time),2026-08-17T06:27:53+01:00,NG,LA,city_online,food,supermart,A,fish_frozen,Beach Cliff Sardines In Soybean Oil 106 g,0.106,kg,4400,41509.43,,https://www.supermart.ng/products/beach-cliff-sardines-in-soybean-oil-106-g,ok
Mon Aug 17 2026 00:00:00 GMT+0100 (West Africa Time),2026-08-17T06:27:53+01:00,NG,LA,city_online,food,supermart,A,fish_frozen,Beach Cliff Sardines In Water 106 g,0.106,kg,4400,41509.43,,https://www.supermart.ng/products/beach-cliff-sardines-in-water-106-g,ok
Mon Aug 17 2026 00:00:00 GMT+0100 (West Africa Time),2026-08-17T06:27:53+01:00,NG,LA,city_online,food,supermart,A,beans_brown,Beans - Olotu (Paint Bucket),,,6800,,,https://www.supermart.ng/products/beans-olotu-4-l,ok_no_unit
Mon Aug 17 2026 00:00:00 GMT+0100 (West Africa Time),2026-08-17T06:27:53+01:00,NG,LA,city_online,food,supermart,A,beans_brown,Beans - Oloyin (Paint Bucket),,,9250,,,https://www.supermart.ng/products/beans-oloyin-4-l,ok_no_unit
Mon Aug 17 2026 00:00:00 GMT+0100 (West Africa Time),2026-08-17T06:27:53+01:00,NG,LA,city_online,food,supermart,A,beans_brown,Beans - White (Paint Bucket),,,8700,,,https://www.supermart.ng/products/beans-white-4-l,ok_no_unit
Mon Aug 17 2026 00:00:00 GMT+0100 (West Africa Time),2026-08-17T06:27:53+01:00,NG,LA,city_online,food,supermart,A,beans_brown,Beans Olotu ~2L,2l,l,3600,,,https://www.supermart.ng/products/beans-olotu-50-kg,ok_no_unit
Mon Aug 17 2026 00:00:00 GMT+0100 (West Africa Time),2026-08-17T06:27:53+01:00,NG,LA,city_online,food,supermart,A,beans_brown,Beans Oloyin ~50 kg,50,kg,365,7.3,,https://www.supermart.ng/products/beans-oloyin-50-kg,ok
Mon Aug 17 2026 00:00:00 GMT+0100 (West Africa Time),2026-08-17T06:27:53+01:00,NG,LA,city_online,food,supermart,A,sugar,Beauty Formulas Kids Anti Cavity Fluoride Rinse Sugar & Alcohol Free 500 ml,500ml,l,5010,,,https://www.supermart.ng/products/beauty-formulas-kids-anti-cavity-fluoride-rinse-sugar-alcohol-free-500-ml,ok_no_unit
Mon Aug 17 2026 00:00:00 GMT+0100 (West Africa Time),2026-08-17T06:27:53+01:00,NG,LA,city_online,food,supermart,A,diapers,Bebem Baby Diaper Size 2 Mini 3-6 kg x100,6kg x100,kg,10130,,,https://www.supermart.ng/products/bebem-baby-diaper-size-2-mini-3-6-kg-x100,ok_no_unit
Mon Aug 17 2026 00:00:00 GMT+0100 (West Africa Time),2026-08-17T06:27:53+01:00,NG,LA,city_online,food,supermart,A,diapers,Bebem Baby Diaper Size 2 Mini 3-6 kg x15,6kg x15,kg,1255,,,https://www.supermart.ng/products/bebem-baby-diaper-size-2-mini-3-6-kg-x15,ok_no_unit
Mon Aug 17 2026 00:00:00 GMT+0100 (West Africa Time),2026-08-17T06:27:53+01:00,NG,LA,city_online,food,supermart,A,diapers,Bebem Baby Diaper Size 2 Mini 3-6 kg x50,6kg x50,kg,4780,,,https://www.supermart.ng/products/bebem-baby-diaper-size-2-mini-3-6-kg-x50,ok_no_unit
Mon Aug 17 2026 00:00:00 GMT+0100 (West Africa Time),2026-08-17T06:27:53+01:00,NG,LA,city_online,food,supermart,A,diapers,Bebem Baby Diaper Size 3 Midi 4-9 kg x14,9kg x14,kg,1550,,,https://www.supermart.ng/products/bebem-baby-diaper-size-3-midi-4-9-kg-x14,ok_no_unit
Mon Aug 17 2026 00:00:00 GMT+0100 (West Africa Time),2026-08-17T06:27:53+01:00,NG,LA,city_online,food,supermart,A,diapers,Bebem Baby Diaper Size 3 Midi 4-9 kg x45,9kg x45,kg,5110,,,https://www.supermart.ng/products/bebem-baby-diaper-size-3-midi-4-9-kg-x45,ok_no_unit
Mon Aug 17 2026 00:00:00 GMT+0100 (West Africa Time),2026-08-17T06:27:53+01:00,NG,LA,city_online,food,supermart,A,diapers,Bebem Baby Diaper Size 3 Midi 4-9 kg x90,9kg x90,kg,10130,,,https://www.supermart.ng/products/bebem-baby-diaper-size-3-midi-4-9-kg-x90,ok_no_unit
Mon Aug 17 2026 00:00:00 GMT+0100 (West Africa Time),2026-08-17T06:27:53+01:00,NG,LA,city_online,food,supermart,A,diapers,Bebem Baby Diaper Size 4 Maxi 7-18 kg x13,18kg x13,kg,1655,,,https://www.supermart.ng/products/bebem-baby-diaper-size-4-maxi-7-18-kg-x13,ok_no_unit
Mon Aug 17 2026 00:00:00 GMT+0100 (West Africa Time),2026-08-17T06:27:53+01:00,NG,LA,city_online,food,supermart,A,diapers,Bebem Baby Diaper Size 4 Maxi 7-18 kg x40,18kg x40,kg,5110,,,https://www.supermart.ng/products/bebem-baby-diaper-size-4-maxi-7-18-kg-x40,ok_no_unit
Mon Aug 17 2026 00:00:00 GMT+0100 (West Africa Time),2026-08-17T06:27:53+01:00,NG,LA,city_online,food,supermart,A,diapers,Bebem Baby Diaper Size 4 Maxi 7-18 kg x80,18kg x80,kg,7600,,,https://www.supermart.ng/products/bebem-baby-diaper-size-4-maxi-7-18-kg-x80,ok_no_unit
Mon Aug 17 2026 00:00:00 GMT+0100 (West Africa Time),2026-08-17T06:27:53+01:00,NG,LA,city_online,food,supermart,A,diapers,Bebem Diapers Size 5 11-25 kg x50,25kg x50,kg,2445,,,https://www.supermart.ng/products/bebem-diapers-size-5-11-25-kg-x50,ok_no_unit
Mon Aug 17 2026 00:00:00 GMT+0100 (West Africa Time),2026-08-17T06:27:53+01:00,NG,LA,city_online,food,supermart,A,diapers,Bebem Natural Essences Baby Diaper Size 1 Newborn 0-3 kg x11,3kg x11,kg,1185,,,https://www.supermart.ng/products/bebem-natural-essences-baby-diaper-size-1-newborn-0-3-kg-x11,ok_no_unit
Mon Aug 17 2026 00:00:00 GMT+0100 (West Africa Time),2026-08-17T06:27:53+01:00,NG,LA,city_online,food,supermart,A,diapers,Bebem Natural Essences Baby Diaper Size 1 Newborn 0-3 kg x60,3kg x60,kg,5740,,,https://www.supermart.ng/products/bebem-natural-essences-baby-diaper-size-1-newborn-0-3-kg-x60,ok_no_unit
Mon Aug 17 2026 00:00:00 GMT+0100 (West Africa Time),2026-08-17T06:27:53+01:00,NG,LA,city_online,food,supermart,A,diapers,Bebem Natural Essences Baby Diaper Size 2 Mini 3-6 kg x100,6kg x100,kg,11150,,,https://www.supermart.ng/products/bebem-natural-essences-baby-diaper-size-2-mini-3-6-kg-x100,ok_no_unit
Mon Aug 17 2026 00:00:00 GMT+0100 (West Africa Time),2026-08-17T06:27:53+01:00,NG,LA,city_online,food,supermart,A,diapers,Bebem Natural Essences Baby Diaper Size 2 Mini 3-6 kg x50,6kg x50,kg,5740,,,https://www.supermart.ng/products/bebem-natural-essences-baby-diaper-size-2-mini-3-6-kg-x50,ok_no_unit
Mon Aug 17 2026 00:00:00 GMT+0100 (West Africa Time),2026-08-17T06:27:53+01:00,NG,LA,city_online,food,supermart,A,diapers,Bebem Natural Essences Baby Diaper Size 3 Midi 4-9 kg x45,9kg x45,kg,5665,,,https://www.supermart.ng/products/bebem-natural-essences-baby-diaper-size-3-midi-4-9-kg-x45,ok_no_unit
Mon Aug 17 2026 00:00:00 GMT+0100 (West Africa Time),2026-08-17T06:27:53+01:00,NG,LA,city_online,food,supermart,A,diapers,Bebem Natural Essences Baby Diaper Size 3 Midi 4-9 kg x9,9kg x9,kg,1165,,,https://www.supermart.ng/products/bebem-natural-essences-baby-diaper-size-3-midi-4-9-kg-x9,ok_no_unit
Mon Aug 17 2026 00:00:00 GMT+0100 (West Africa Time),2026-08-17T06:27:53+01:00,NG,LA,city_online,food,supermart,A,diapers,Bebem Natural Essences Baby Diaper Size 3 Midi 4-9 kg x90,9kg x90,kg,11000,,,https://www.supermart.ng/products/bebem-natural-essences-baby-diaper-size-3-midi-4-9-kg-x90,ok_no_unit
Mon Aug 17 2026 00:00:00 GMT+0100 (West Africa Time),2026-08-17T06:27:53+01:00,NG,LA,city_online,food,supermart,A,diapers,Bebem Natural Essences Baby Diaper Size 4 Maxi 7-18 kg x40,18kg x40,kg,5740,,,https://www.supermart.ng/products/bebem-natural-essences-baby-diaper-size-4-maxi-7-18-kg-x40,ok_no_unit
Mon Aug 17 2026 00:00:00 GMT+0100 (West Africa Time),2026-08-17T06:27:53+01:00,NG,LA,city_online,food,supermart,A,diapers,Bebem Natural Essences Baby Diaper Size 4 Maxi 7-18 kg x8,18kg x8,kg,1185,,,https://www.supermart.ng/products/bebem-natural-essences-baby-diaper-size-4-maxi-7-18-kg-x8,ok_no_unit
Mon Aug 17 2026 00:00:00 GMT+0100 (West Africa Time),2026-08-17T06:27:53+01:00,NG,LA,city_online,food,supermart,A,diapers,Bebem Natural Essences Baby Diaper Size 4 Maxi 7-18 kg x80,18kg x80,kg,11150,,,https://www.supermart.ng/products/bebem-natural-essences-baby-diaper-size-4-maxi-7-18-kg-x80,ok_no_unit
Mon Aug 17 2026 00:00:00 GMT+0100 (West Africa Time),2026-08-17T06:27:53+01:00,NG,LA,city_online,food,supermart,A,diapers,Bebem Natural Essences Baby Diaper Size 5 Junior 11-25 kg x35,25kg x35,kg,5740,,,https://www.supermart.ng/products/bebem-natural-essences-baby-diaper-size-5-junior-11-25-kg-x35,ok_no_unit
Mon Aug 17 2026 00:00:00 GMT+0100 (West Africa Time),2026-08-17T06:27:53+01:00,NG,LA,city_online,food,supermart,A,diapers,Bebem Natural Essences Baby Diaper Size 5 Junior 11-25 kg x7,25kg x7,kg,1185,,,https://www.supermart.ng/products/bebem-natural-essences-baby-diaper-size-5-junior-11-25-kg-x7,ok_no_unit
Mon Aug 17 2026 00:00:00 GMT+0100 (West Africa Time),2026-08-17T06:27:53+01:00,NG,LA,city_online,food,supermart,A,diapers,Bebem Natural Essences Baby Diaper Size 5 Junior 11-25 kg x70,25kg x70,kg,11150,,,https://www.supermart.ng/products/bebem-natural-essences-baby-diaper-size-5-junior-11-25-kg-x70,ok_no_unit
Mon Aug 17 2026 00:00:00 GMT+0100 (West Africa Time),2026-08-17T06:27:53+01:00,NG,LA,city_online,food,supermart,A,spaghetti,Bebeto Sour Rainbow Spaghetti 80 g,0.08,kg,420,5250,,https://www.supermart.ng/products/bebeto-sour-rainbow-spaghetti-80-g,ok
Mon Aug 17 2026 00:00:00 GMT+0100 (West Africa Time),2026-08-17T06:27:53+01:00,NG,LA,city_online,food,supermart,A,spaghetti,Bebeto Spaghetti Apple 80 g,0.08,kg,1090,13625,,https://www.supermart.ng/products/bebeto-spaghetti-apple-80-g,ok
Mon Aug 17 2026 00:00:00 GMT+0100 (West Africa Time),2026-08-17T06:27:53+01:00,NG,LA,city_online,food,supermart,A,spaghetti,Bebeto Spaghetti Cola 80 g,0.08,kg,1150,14375,,https://www.supermart.ng/products/bebeto-spaghetti-cola-80-g,ok
Mon Aug 17 2026 00:00:00 GMT+0100 (West Africa Time),2026-08-17T06:27:53+01:00,NG,LA,city_online,food,supermart,A,rice,Beech Nut Classics Chicken Rice Dinner 6 Months+ 113 g,0.113,kg,365,3230.09,,https://www.supermart.ng/products/beech-nut-classics-chicken-rice-dinner-6-months-113-g,ok
Mon Aug 17 2026 00:00:00 GMT+0100 (West Africa Time),2026-08-17T06:27:53+01:00,NG,LA,city_online,food,supermart,A,rice,Ben's Original Basmati Microwave Rice 220 g,0.22,kg,10060,45727.27,,https://www.supermart.ng/products/bens-original-basmati-microwave-rice-220-g,ok
Mon Aug 17 2026 00:00:00 GMT+0100 (West Africa Time),2026-08-17T06:27:53+01:00,NG,LA,city_online,food,supermart,A,rice,Ben's Original Boil In Bag Long Grain Rice 500 g,0.5,kg,20915,41830,,https://www.supermart.ng/products/bens-original-boil-in-bag-long-grain-rice-500-g,ok
Mon Aug 17 2026 00:00:00 GMT+0100 (West Africa Time),2026-08-17T06:27:53+01:00,NG,LA,city_online,food,supermart,A,rice,Ben's Original Cajun Spiced Microwave Rice 220 g,0.22,kg,11180,50818.18,,https://www.supermart.ng/products/bens-original-cajun-spiced-microwave-rice-220-g,ok
Mon Aug 17 2026 00:00:00 GMT+0100 (West Africa Time),2026-08-17T06:27:53+01:00,NG,LA,city_online,food,supermart,A,rice,Ben's Original Chinese Style Microwave Rice 220 g,0.22,kg,11180,50818.18,,https://www.supermart.ng/products/bens-original-chinese-style-microwave-rice-220-g,ok
Mon Aug 17 2026 00:00:00 GMT+0100 (West Africa Time),2026-08-17T06:27:53+01:00,NG,LA,city_online,food,supermart,A,rice,Ben's Original Classic Wholegrain Rice 220 g,0.22,kg,10060,45727.27,,https://www.supermart.ng/products/bens-original-classic-wholegrain-rice-220-g,ok
Mon Aug 17 2026 00:00:00 GMT+0100 (West Africa Time),2026-08-17T06:27:53+01:00,NG,LA,city_online,food,supermart,A,rice,Ben's Original Egg Fried Microwave Rice 220 g,0.22,kg,11180,50818.18,,https://www.supermart.ng/products/bens-original-egg-fried-microwave-rice-220-g,ok
Mon Aug 17 2026 00:00:00 GMT+0100 (West Africa Time),2026-08-17T06:27:53+01:00,NG,LA,city_online,food,supermart,A,chicken_frozen,Ben's Original Favourites Chicken & Mushroom Risotto 250 g,0.25,kg,14770,59080,,https://www.supermart.ng/products/bens-original-favourites-chicken-mushroom-risotto-250-g,ok
Mon Aug 17 2026 00:00:00 GMT+0100 (West Africa Time),2026-08-17T06:27:53+01:00,NG,LA,city_online,food,supermart,A,rice,Ben's Original Favourites Paella Chorizo & Vegetable Microwave Rice Meal 250 g,0.25,kg,14770,59080,,https://www.supermart.ng/products/bens-original-favourites-paella-chorizo-vegetable-microwave-rice-meal-250-g,ok
Mon Aug 17 2026 00:00:00 GMT+0100 (West Africa Time),2026-08-17T06:27:53+01:00,NG,LA,city_online,food,supermart,A,rice,Ben's Original Favourites Risotto Tomato & Italian Style Herbs Microwave Rice Meal 250 g,0.25,kg,14770,59080,,https://www.supermart.ng/products/bens-original-favourites-risotto-tomato-italian-style-herbs-microwave-rice-meal-250-g,ok
Mon Aug 17 2026 00:00:00 GMT+0100 (West Africa Time),2026-08-17T06:27:53+01:00,NG,LA,city_online,food,supermart,A,rice,Ben's Original Golden Vegetable Microwave Rice 220 g,0.22,kg,11180,50818.18,,https://www.supermart.ng/products/bens-original-golden-vegetable-microwave-rice-220-g,ok
Mon Aug 17 2026 00:00:00 GMT+0100 (West Africa Time),2026-08-17T06:27:53+01:00,NG,LA,city_online,food,supermart,A,rice,Ben's Original Katsu Curry Microwave Rice 220 g,0.22,kg,11180,50818.18,,https://www.supermart.ng/products/bens-original-katsu-curry-microwave-rice-220-g,ok
Mon Aug 17 2026 00:00:00 GMT+0100 (West Africa Time),2026-08-17T06:27:53+01:00,NG,LA,city_online,food,supermart,A,chicken_frozen,Ben's Original Lemon Chicken Sauce 450 g,0.45,kg,18510,41133.33,,https://www.supermart.ng/products/bens-original-lemon-chicken-sauce-450-g,ok
Mon Aug 17 2026 00:00:00 GMT+0100 (West Africa Time),2026-08-17T06:27:53+01:00,NG,LA,city_online,food,supermart,A,rice,Ben's Original Long Grain Microwave Rice 220 g,0.22,kg,10060,45727.27,,https://www.supermart.ng/products/bens-original-long-grain-microwave-rice-220-g,ok
Mon Aug 17 2026 00:00:00 GMT+0100 (West Africa Time),2026-08-17T06:27:53+01:00,NG,LA,city_online,food,supermart,A,rice,Ben's Original Long Grain Rice 1 kg,1,kg,35440,35440,,https://www.supermart.ng/products/bens-original-long-grain-rice-1-kg,ok
Mon Aug 17 2026 00:00:00 GMT+0100 (West Africa Time),2026-08-17T06:27:53+01:00,NG,LA,city_online,food,supermart,A,rice,Ben's Original Lunch Bowl Italian Style Grains & Rice 220 g,0.22,kg,15645,71113.64,,https://www.supermart.ng/products/bens-original-lunch-bowl-italian-style-grains-rice-220-g,ok
Mon Aug 17 2026 00:00:00 GMT+0100 (West Africa Time),2026-08-17T06:27:53+01:00,NG,LA,city_online,food,supermart,A,rice,Ben's Original Lunch Bowl Mexican Style Grains & Rice 220 g,0.22,kg,14250,64772.73,,https://www.supermart.ng/products/bens-original-lunch-bowl-mexican-style-grains-rice-220-g,ok
Mon Aug 17 2026 00:00:00 GMT+0100 (West Africa Time),2026-08-17T06:27:53+01:00,NG,LA,city_online,food,supermart,A,rice,Ben's Original Lunch Bowl Spicy Thai Style Coconut Grains & Rice 220 g,0.22,kg,15645,71113.64,,https://www.supermart.ng/products/bens-original-lunch-bowl-spicy-thai-style-coconut-grains-rice-220-g,ok
Mon Aug 17 2026 00:00:00 GMT+0100 (West Africa Time),2026-08-17T06:27:53+01:00,NG,LA,city_online,food,supermart,A,rice,Ben's Original Mexican Style Microwave Rice 220 g,0.22,kg,11180,50818.18,,https://www.supermart.ng/products/bens-original-mexican-style-microwave-rice-220-g,ok
Mon Aug 17 2026 00:00:00 GMT+0100 (West Africa Time),2026-08-17T06:27:53+01:00,NG,LA,city_online,food,supermart,A,rice,Ben's Original Mixed Pepper Microwave Rice 220 g,0.22,kg,11180,50818.18,,https://www.supermart.ng/products/bens-original-mixed-pepper-microwave-rice-220-g,ok
Mon Aug 17 2026 00:00:00 GMT+0100 (West Africa Time),2026-08-17T06:27:53+01:00,NG,LA,city_online,food,supermart,A,rice,Ben's Original Mushroom Microwave Rice 220 g,0.22,kg,11180,50818.18,,https://www.supermart.ng/products/bens-original-mushroom-microwave-rice-220-g,ok
Mon Aug 17 2026 00:00:00 GMT+0100 (West Africa Time),2026-08-17T06:27:53+01:00,NG,LA,city_online,food,supermart,A,rice,Ben's Original Pilau Microwave Rice 220 g,0.22,kg,11180,50818.18,,https://www.supermart.ng/products/bens-original-pilau-microwave-rice-220-g,ok
Mon Aug 17 2026 00:00:00 GMT+0100 (West Africa Time),2026-08-17T06:27:53+01:00,NG,LA,city_online,food,supermart,A,rice,Ben's Original Roasted Garlic Microwave Rice 220 g,0.22,kg,11180,50818.18,,https://www.supermart.ng/products/bens-original-roasted-garlic-microwave-rice-220-g,ok
Mon Aug 17 2026 00:00:00 GMT+0100 (West Africa Time),2026-08-17T06:27:53+01:00,NG,LA,city_online,food,supermart,A,rice,Ben's Original Savoury Chicken Microwave Rice 220 g,0.22,kg,11180,50818.18,,https://www.supermart.ng/products/bens-original-savoury-chicken-microwave-rice-220-g,ok
Mon Aug 17 2026 00:00:00 GMT+0100 (West Africa Time),2026-08-17T06:27:53+01:00,NG,LA,city_online,food,supermart,A,rice,Ben's Original Smokey BBQ Microwave Rice 220 g,0.22,kg,11180,50818.18,,https://www.supermart.ng/products/bens-original-smokey-bbq-microwave-rice-220-g,ok
Mon Aug 17 2026 00:00:00 GMT+0100 (West Africa Time),2026-08-17T06:27:53+01:00,NG,LA,city_online,food,supermart,A,rice,Ben's Original Special Fried Microwave Rice 220 g,0.22,kg,11180,50818.18,,https://www.supermart.ng/products/bens-original-special-fried-microwave-rice-220-g,ok
Mon Aug 17 2026 00:00:00 GMT+0100 (West Africa Time),2026-08-17T06:27:53+01:00,NG,LA,city_online,food,supermart,A,noodles,Ben's Original Street Food Chow Mein Style Noodles 250 g,250g,kg,16165,,,https://www.supermart.ng/products/bens-original-street-food-chow-mein-style-noodles-250-g,ok_no_unit
Mon Aug 17 2026 00:00:00 GMT+0100 (West Africa Time),2026-08-17T06:27:53+01:00,NG,LA,city_online,food,supermart,A,noodles,Ben's Original Street Food Indonesian Spicy Noodles 250 g,250g,kg,16165,,,https://www.supermart.ng/products/bens-original-street-food-indonesian-spicy-noodles-250-g,ok_no_unit
Mon Aug 17 2026 00:00:00 GMT+0100 (West Africa Time),2026-08-17T06:27:53+01:00,NG,LA,city_online,food,supermart,A,noodles,Ben's Original Street Food Japanese Teriyaki Style Noodles 250 g,250g,kg,16165,,,https://www.supermart.ng/products/bens-original-street-food-japanese-teriyaki-style-noodles-250-g,ok_no_unit
Mon Aug 17 2026 00:00:00 GMT+0100 (West Africa Time),2026-08-17T06:27:53+01:00,NG,LA,city_online,food,supermart,A,noodles,Ben's Original Street Food Korean BBQ Noodles 250 g,250g,kg,16165,,,https://www.supermart.ng/products/bens-original-street-food-korean-bbq-noodles-250-g,ok_no_unit
Mon Aug 17 2026 00:00:00 GMT+0100 (West Africa Time),2026-08-17T06:27:53+01:00,NG,LA,city_online,food,supermart,A,noodles,Ben's Original Street Food Singapore Style Noodles 250 g,250g,kg,16165,,,https://www.supermart.ng/products/bens-original-street-food-singapore-style-noodles-250-g,ok_no_unit
Mon Aug 17 2026 00:00:00 GMT+0100 (West Africa Time),2026-08-17T06:27:53+01:00,NG,LA,city_online,food,supermart,A,noodles,Ben's Original Street Food Thai Stir Fry Noodles 250 g,250g,kg,16165,,,https://www.supermart.ng/products/bens-original-street-food-thai-stir-fry-noodles-250-g,ok_no_unit
Mon Aug 17 2026 00:00:00 GMT+0100 (West Africa Time),2026-08-17T06:27:53+01:00,NG,LA,city_online,food,supermart,A,sugar,Ben's Original Sweet & Sour No Added Sugar Sauce 440 g,0.44,kg,18340,41681.82,,https://www.supermart.ng/products/bens-original-sweet-sour-no-added-sugar-sauce-440-g,ok
Mon Aug 17 2026 00:00:00 GMT+0100 (West Africa Time),2026-08-17T06:27:53+01:00,NG,LA,city_online,food,supermart,A,rice,Ben's Original Thai Sweet Chilli Microwave Rice 220 g,0.22,kg,11180,50818.18,,https://www.supermart.ng/products/bens-original-thai-sweet-chilli-microwave-rice-220-g,ok
Mon Aug 17 2026 00:00:00 GMT+0100 (West Africa Time),2026-08-17T06:27:53+01:00,NG,LA,city_online,food,supermart,A,rice,Ben's Original Tomato Basil Microwave Rice 220 g,0.22,kg,11180,50818.18,,https://www.supermart.ng/products/bens-original-tomato-basil-microwave-rice-220-g,ok
Mon Aug 17 2026 00:00:00 GMT+0100 (West Africa Time),2026-08-17T06:27:53+01:00,NG,LA,city_online,food,supermart,A,rice,Ben's Original Wholegrain Spicy Mexican Rice 220 g,0.22,kg,11180,50818.18,,https://www.supermart.ng/products/bens-original-wholegrain-spicy-mexican-rice-220-g,ok
Mon Aug 17 2026 00:00:00 GMT+0100 (West Africa Time),2026-08-17T06:27:53+01:00,NG,LA,city_online,food,supermart,A,rice,Benlian Chips Corn & Brown Rice Jalapeno & Cheese 60 g,0.06,kg,2535,42250,,https://www.supermart.ng/products/benlian-chips-corn-brown-rice-jalapeno-cheese-60-g,ok
Mon Aug 17 2026 00:00:00 GMT+0100 (West Africa Time),2026-08-17T06:27:53+01:00,NG,LA,city_online,food,supermart,A,rice,Benlian Chips Corn & Brown Rice Pizza 60 g,0.06,kg,2535,42250,,https://www.supermart.ng/products/benlian-chips-corn-brown-rice-pizza-60-g,ok
Mon Aug 17 2026 00:00:00 GMT+0100 (West Africa Time),2026-08-17T06:27:53+01:00,NG,LA,city_online,food,supermart,A,rice,Benlian Chips Corn & Brown Rice Salted 60 g,0.06,kg,2535,42250,,https://www.supermart.ng/products/benlian-chips-corn-brown-rice-salted-60-g,ok
Mon Aug 17 2026 00:00:00 GMT+0100 (West Africa Time),2026-08-17T06:27:53+01:00,NG,LA,city_online,food,supermart,A,rice,Benlian Rocky Rice Choco 70% Bar 18 g,0.018,kg,615,34166.67,,https://www.supermart.ng/products/benlian-rocky-rice-choco-70-bar-18-g,ok
Mon Aug 17 2026 00:00:00 GMT+0100 (West Africa Time),2026-08-17T06:27:53+01:00,NG,LA,city_online,food,supermart,A,rice,Benlian Rocky Rice Choco Milk Bar 18 g,0.018,kg,615,34166.67,,https://www.supermart.ng/products/benlian-rocky-rice-choco-milk-bar-18-g,ok
Mon Aug 17 2026 00:00:00 GMT+0100 (West Africa Time),2026-08-17T06:27:53+01:00,NG,LA,city_online,food,supermart,A,rice,Benlian Rocky Rice Choco Strawberry Bar 18 g,0.018,kg,615,34166.67,,https://www.supermart.ng/products/benlian-rocky-rice-choco-strawberry-bar-18-g,ok
Mon Aug 17 2026 00:00:00 GMT+0100 (West Africa Time),2026-08-17T06:27:53+01:00,NG,LA,city_online,food,supermart,A,rice,Benlian Rocky Rice Coconut Bar 18 g,0.018,kg,615,34166.67,,https://www.supermart.ng/products/benlian-rocky-rice-coconut-bar-18-g,ok
Mon Aug 17 2026 00:00:00 GMT+0100 (West Africa Time),2026-08-17T06:27:53+01:00,NG,LA,city_online,food,supermart,A,chicken_frozen,Benny Chicken Powder Spices 17 g x42,0.714,kg,365,511.2,,https://www.supermart.ng/products/benny-chicken-powder-spices-17-g-x42,ok
Mon Aug 17 2026 00:00:00 GMT+0100 (West Africa Time),2026-08-17T06:27:53+01:00,NG,LA,city_online,food,supermart,A,rice,Best-In Long Grain Rice 500 g,0.5,kg,760,1520,,https://www.supermart.ng/products/best-in-long-grain-rice-500-g,ok
Mon Aug 17 2026 00:00:00 GMT+0100 (West Africa Time),2026-08-17T06:27:53+01:00,NG,LA,city_online,food,supermart,A,onions,Best-In Onion & Garlic Pasta Sauce 420 g,0.42,kg,1020,2428.57,,https://www.supermart.ng/products/best-in-onion-garlic-pasta-sauce-420-g,ok
Mon Aug 17 2026 00:00:00 GMT+0100 (West Africa Time),2026-08-17T06:27:53+01:00,NG,LA,city_online,food,supermart,A,tomato_fresh,Best-In Plum Tomatoes In Tomato Juice 400 g,0.4,kg,350,875,,https://www.supermart.ng/products/best-in-plum-tomatoes-in-tomato-juice-400-g,ok
Mon Aug 17 2026 00:00:00 GMT+0100 (West Africa Time),2026-08-17T06:27:53+01:00,NG,LA,city_online,food,supermart,A,beans_brown,Best-In Red Kidney Beans 410 g,0.41,kg,390,951.22,,https://www.supermart.ng/products/best-in-red-kidney-beans-410-g,ok
Mon Aug 17 2026 00:00:00 GMT+0100 (West Africa Time),2026-08-17T06:27:53+01:00,NG,LA,city_online,food,supermart,A,salt,Best-One Cooking Salt 1.5 kg,1.5,kg,585,390,,https://www.supermart.ng/products/best-one-cooking-salt-15-kg,ok
Mon Aug 17 2026 00:00:00 GMT+0100 (West Africa Time),2026-08-17T06:27:53+01:00,NG,LA,city_online,food,supermart,A,chicken_frozen,Best-One Meaty Chunks In Jelly Chicken 400 g x4,1.6,kg,2880,1800,,https://www.supermart.ng/products/best-one-meaty-chunks-in-jelly-chicken-400-g-x4,ok
Mon Aug 17 2026 00:00:00 GMT+0100 (West Africa Time),2026-08-17T06:27:53+01:00,NG,LA,city_online,food,supermart,A,onions,Best-One Pasta Sauce With Onion & Garlic 420 g,0.42,kg,2260,5380.95,,https://www.supermart.ng/products/best-one-pasta-sauce-with-onion-garlic-420-g,ok
Mon Aug 17 2026 00:00:00 GMT+0100 (West Africa Time),2026-08-17T06:27:53+01:00,NG,LA,city_online,food,supermart,A,tomato_fresh,Best-One Peeled Plum Tomatoes In Tomato Juice 400 g,0.4,kg,370,925,,https://www.supermart.ng/products/best-one-peeled-plum-tomatoes-in-tomato-juice-400-g,ok
Mon Aug 17 2026 00:00:00 GMT+0100 (West Africa Time),2026-08-17T06:27:53+01:00,NG,LA,city_online,food,supermart,A,beans_brown,Best-One Red Kidney Beans In Salted Water 400 g,0.4,kg,560,1400,,https://www.supermart.ng/products/best-one-red-kidney-beans-in-salted-water-400-g,ok
Mon Aug 17 2026 00:00:00 GMT+0100 (West Africa Time),2026-08-17T06:27:53+01:00,NG,LA,city_online,food,supermart,A,salt,Best-One Table Salt 300 g,0.3,kg,575,1916.67,,https://www.supermart.ng/products/best-one-table-salt-300-g,ok
Mon Aug 17 2026 00:00:00 GMT+0100 (West Africa Time),2026-08-17T06:27:53+01:00,NG,LA,city_online,food,supermart,A,salt,Best-One Table Salt 750 g,0.75,kg,5700,7600,,https://www.supermart.ng/products/best-one-table-salt-750-g,ok
Mon Aug 17 2026 00:00:00 GMT+0100 (West Africa Time),2026-08-17T06:27:53+01:00,NG,LA,city_online,food,supermart,A,rice,Best-One Vermicelli Rice Stick 400 g,0.4,kg,985,2462.5,,https://www.supermart.ng/products/best-one-vermicelli-rice-stick-400-g,ok
Mon Aug 17 2026 00:00:00 GMT+0100 (West Africa Time),2026-08-17T06:27:53+01:00,NG,LA,city_online,food,supermart,A,sugar,Betty Crocker Sugar Cookie Cookie Mix 177 g,31.329,kg,890,28.41,,https://www.supermart.ng/products/betty-crocker-sugar-cookie-cookie-mix-177-g,ok
Mon Aug 17 2026 00:00:00 GMT+0100 (West Africa Time),2026-08-17T06:27:53+01:00,NG,LA,city_online,food,supermart,A,tomato_fresh,Bevelini Sundried Tomatoes Balsamic Vinegar 310 g,0.31,kg,16090,51903.23,,https://www.supermart.ng/products/bevelini-sundried-tomatoes-balsamic-vinegar-310-g,ok
Mon Aug 17 2026 00:00:00 GMT+0100 (West Africa Time),2026-08-17T06:27:53+01:00,NG,LA,city_online,food,supermart,A,rice,Big Bull Parboiled Rice 10 kg,10,kg,16375,1637.5,,https://www.supermart.ng/products/big-bull-nigerian-parboiled-rice-10-kg,ok
Mon Aug 17 2026 00:00:00 GMT+0100 (West Africa Time),2026-08-17T06:27:53+01:00,NG,LA,city_online,food,supermart,A,rice,Big Bull Parboiled Rice 2.25 kg,2.25,kg,3900,1733.33,,https://www.supermart.ng/products/big-bull-parboiled-rice-225-kg,ok
Mon Aug 17 2026 00:00:00 GMT+0100 (West Africa Time),2026-08-17T06:27:53+01:00,NG,LA,city_online,food,supermart,A,rice,Big Bull Parboiled Rice 25 kg,25,kg,40320,1612.8,,https://www.supermart.ng/products/big-bull-nigerian-parboiled-rice-25-kg,ok
Mon Aug 17 2026 00:00:00 GMT+0100 (West Africa Time),2026-08-17T06:27:53+01:00,NG,LA,city_online,food,supermart,A,rice,Big Bull Parboiled Rice 5 kg,5,kg,8450,1690,,https://www.supermart.ng/products/big-bull-nigerian-parboiled-rice-5-kg,ok
Mon Aug 17 2026 00:00:00 GMT+0100 (West Africa Time),2026-08-17T06:27:53+01:00,NG,LA,city_online,food,supermart,A,rice,Big Bull Parboiled Rice 50 kg,50,kg,75915,1518.3,,https://www.supermart.ng/products/big-bull-nigerian-parboiled-rice-50-kg,ok
Mon Aug 17 2026 00:00:00 GMT+0100 (West Africa Time),2026-08-17T06:27:53+01:00,NG,LA,city_online,food,supermart,A,rice,Big Bull Parboiled Rice 750 g,0.75,kg,1755,2340,,https://www.supermart.ng/products/big-bull-parboiled-rice-750-g,ok
Mon Aug 17 2026 00:00:00 GMT+0100 (West Africa Time),2026-08-17T06:27:53+01:00,NG,LA,city_online,food,supermart,A,sugar,Billington's Demerara Sugar 500 g,0.5,kg,18400,36800,,https://www.supermart.ng/products/billingtons-demerara-sugar-500-g,ok
Mon Aug 17 2026 00:00:00 GMT+0100 (West Africa Time),2026-08-17T06:27:53+01:00,NG,LA,city_online,food,supermart,A,sugar,Billington's Golden Granulated Sugar 1 kg,1,kg,28735,28735,,https://www.supermart.ng/products/billingtons-golden-granulated-sugar-1-kg,ok
Mon Aug 17 2026 00:00:00 GMT+0100 (West Africa Time),2026-08-17T06:27:53+01:00,NG,LA,city_online,food,supermart,A,sugar,Billington's Light Brown Sugar 500 g,0.5,kg,18400,36800,,https://www.supermart.ng/products/billingtons-light-brown-sugar-500-g,ok
Mon Aug 17 2026 00:00:00 GMT+0100 (West Africa Time),2026-08-17T06:27:53+01:00,NG,LA,city_online,food,supermart,A,rice,Bin Bin Original Rice Crackers 150 g,0.15,kg,11920,79466.67,,https://www.supermart.ng/products/bin-bin-original-rice-crackers-150-g,ok
Mon Aug 17 2026 00:00:00 GMT+0100 (West Africa Time),2026-08-17T06:27:53+01:00,NG,LA,city_online,food,supermart,A,sugar,Bio & Me Low Sugar Naturally Gut-Loving Granola 360 g,0.36,kg,19465,54069.44,,https://www.supermart.ng/products/bio-me-low-sugar-naturally-gut-loving-granola-360-g,ok
Mon Aug 17 2026 00:00:00 GMT+0100 (West Africa Time),2026-08-17T06:27:53+01:00,NG,LA,city_online,food,supermart,A,sugar,Bio & Me No Added Sugar Porridge+ Pot Apple & Cinnamon 65 g,0.065,kg,8215,126384.62,,https://www.supermart.ng/products/bio-me-no-added-sugar-porridge-pot-apple-cinnamon-65-g,ok
Mon Aug 17 2026 00:00:00 GMT+0100 (West Africa Time),2026-08-17T06:27:53+01:00,NG,LA,city_online,food,supermart,A,sugar,Bio & Me No Added Sugar Porridge+ Pot Golden Syrup 65 g,0.065,kg,8215,126384.62,,https://www.supermart.ng/products/bio-me-no-added-sugar-porridge-pot-golden-syrup-65-g,ok
Mon Aug 17 2026 00:00:00 GMT+0100 (West Africa Time),2026-08-17T06:27:53+01:00,NG,LA,city_online,food,supermart,A,oats,Bio & Me Oats & Plenty Super Seedy & Nutty 400 g,0.4,kg,18625,46562.5,,https://www.supermart.ng/products/bio-me-oats-plenty-super-seedy-nutty-400-g,ok
Mon Aug 17 2026 00:00:00 GMT+0100 (West Africa Time),2026-08-17T06:27:53+01:00,NG,LA,city_online,food,supermart,A,beans_brown,Biona Organic Black Beans 400 g,0.4,kg,15270,38175,,https://www.supermart.ng/products/biona-organic-black-beans-400-g,ok
Mon Aug 17 2026 00:00:00 GMT+0100 (West Africa Time),2026-08-17T06:27:53+01:00,NG,LA,city_online,food,supermart,A,beans_brown,Biona Organic Butter Beans 400 g,0.4,kg,15270,38175,,https://www.supermart.ng/products/biona-organic-butter-beans-400-g,ok
Mon Aug 17 2026 00:00:00 GMT+0100 (West Africa Time),2026-08-17T06:27:53+01:00,NG,LA,city_online,food,supermart,A,beans_brown,Biona Organic Cannellini Beans 400 g,0.4,kg,15270,38175,,https://www.supermart.ng/products/biona-organic-cannellini-beans-400-g,ok
Mon Aug 17 2026 00:00:00 GMT+0100 (West Africa Time),2026-08-17T06:27:53+01:00,NG,LA,city_online,food,supermart,A,sugar,Birch Benders Pancake & Waffle Mix Keto Sugar & Grain Free 283 g,0.283,kg,5850,20671.38,,https://www.supermart.ng/products/birch-benders-pancake-waffle-mix-keto-sugar-grain-free-283-g,ok
Mon Aug 17 2026 00:00:00 GMT+0100 (West Africa Time),2026-08-17T06:27:53+01:00,NG,LA,city_online,food,supermart,A,chicken_frozen,Birds Eye Chicken Breast Chicken Chargrills x6,,,365,,,https://www.supermart.ng/products/birds-eye-chicken-breast-chicken-chargrills-x6,ok_no_unit
Mon Aug 17 2026 00:00:00 GMT+0100 (West Africa Time),2026-08-17T06:27:53+01:00,NG,LA,city_online,food,supermart,A,chicken_frozen,Birds Eye Chicken Breast Crispy Chicken x2,,,365,,,https://www.supermart.ng/products/birds-eye-chicken-breast-crispy-chicken-x2,ok_no_unit
Mon Aug 17 2026 00:00:00 GMT+0100 (West Africa Time),2026-08-17T06:27:53+01:00,NG,LA,city_online,food,supermart,A,chicken_frozen,Birds Eye Chicken Dippers 220 g x12,2.64,kg,11375,4308.71,,https://www.supermart.ng/products/birds-eye-chicken-dippers-220-g-x12,ok
Mon Aug 17 2026 00:00:00 GMT+0100 (West Africa Time),2026-08-17T06:27:53+01:00,NG,LA,city_online,food,supermart,A,chicken_frozen,Birds Eye Garlic & Herb Chicken Kievs 204 g x2,0.408,kg,13250,32475.49,,https://www.supermart.ng/products/birds-eye-garlic-herb-chicken-kievs-204-g-x2,ok
Mon Aug 17 2026 00:00:00 GMT+0100 (West Africa Time),2026-08-17T06:27:53+01:00,NG,LA,city_online,food,supermart,A,eggs,Birds Eye Veggie Fingers 284 g x10,284g x10,kg,6295,,,https://www.supermart.ng/products/birds-eye-veggie-fingers-284-g-x10,ok_no_unit
Mon Aug 17 2026 00:00:00 GMT+0100 (West Africa Time),2026-08-17T06:27:53+01:00,NG,LA,city_online,food,supermart,A,rice,Biscolata Stix Coated Milk Chocolate With Crispy Rice 40 g,0.04,kg,320,8000,,https://www.supermart.ng/products/biscolata-stix-coated-milk-chocolate-with-crispy-rice-40-g,ok
Mon Aug 17 2026 00:00:00 GMT+0100 (West Africa Time),2026-08-17T06:27:53+01:00,NG,LA,city_online,food,supermart,A,salt,Bisto 25% Less Salt Cheese Sauce Mix 185 g,34.225,kg,15040,439.44,,https://www.supermart.ng/products/bisto-25-less-salt-cheese-sauce-mix-185-g,ok
Mon Aug 17 2026 00:00:00 GMT+0100 (West Africa Time),2026-08-17T06:27:53+01:00,NG,LA,city_online,food,supermart,A,chicken_frozen,Bisto Best Chicken Gravy Granules 230 g,0.23,kg,18615,80934.78,,https://www.supermart.ng/products/bisto-best-chicken-gravy-granules-230-g,ok
Mon Aug 17 2026 00:00:00 GMT+0100 (West Africa Time),2026-08-17T06:27:53+01:00,NG,LA,city_online,food,supermart,A,onions,Bisto Best Onion Gravy Granules 230 g,0.23,kg,18615,80934.78,,https://www.supermart.ng/products/bisto-best-onion-gravy-granules-230-g,ok
Mon Aug 17 2026 00:00:00 GMT+0100 (West Africa Time),2026-08-17T06:27:53+01:00,NG,LA,city_online,food,supermart,A,chicken_frozen,Bisto Instant Granules Chicken & Gravies 170 g,0.17,kg,14570,85705.88,,https://www.supermart.ng/products/bisto-instant-granules-chicken-gravies-170-g,ok
Mon Aug 17 2026 00:00:00 GMT+0100 (West Africa Time),2026-08-17T06:27:53+01:00,NG,LA,city_online,food,supermart,A,onions,Bisto Instant Granules Onion Gravy 170 g,0.17,kg,6170,36294.12,,https://www.supermart.ng/products/bisto-instant-granules-onion-gravy-170-g,ok
Mon Aug 17 2026 00:00:00 GMT+0100 (West Africa Time),2026-08-17T06:27:53+01:00,NG,LA,city_online,food,supermart,A,onions,Bisto Onion Gravy Granules 190 g,0.19,kg,14990,78894.74,,https://www.supermart.ng/products/bisto-onion-gravy-granules-190-g,ok
Mon Aug 17 2026 00:00:00 GMT+0100 (West Africa Time),2026-08-17T06:27:53+01:00,NG,LA,city_online,food,supermart,A,chicken_frozen,Bisto Reduced Salt Chicken Gravy Granules 190 g,0.19,kg,14990,78894.74,,https://www.supermart.ng/products/bisto-reduced-salt-chicken-gravy-granules-190-g,ok
Mon Aug 17 2026 00:00:00 GMT+0100 (West Africa Time),2026-08-17T06:27:53+01:00,NG,LA,city_online,food,supermart,A,salt,Bisto Reduced Salt Gravy Granules 190 g,0.19,kg,14990,78894.74,,https://www.supermart.ng/products/bisto-reduced-salt-gravy-granules-190-g,ok
Mon Aug 17 2026 00:00:00 GMT+0100 (West Africa Time),2026-08-17T06:27:53+01:00,NG,LA,city_online,food,supermart,A,beans_brown,Black Eyed Beans (Paint Bucket),,,7800,,,https://www.supermart.ng/products/black-eyed-beans-4-l,ok_no_unit
Mon Aug 17 2026 00:00:00 GMT+0100 (West Africa Time),2026-08-17T06:27:53+01:00,NG,LA,city_online,food,supermart,A,beans_brown,Blissful Foods Hand-Picked Honey Beans 1 kg,1,kg,365,365,,https://www.supermart.ng/products/blissful-foods-hand-picked-honey-beans-1-kg,ok
Mon Aug 17 2026 00:00:00 GMT+0100 (West Africa Time),2026-08-17T06:27:53+01:00,NG,LA,city_online,food,supermart,A,milk_powder,Blue Boat Champion Full Cream Milk Powder Sachet 400 g,0.4,kg,820,2050,,https://www.supermart.ng/products/blue-boat-champion-full-cream-milk-powder-sachet-400-g,ok
Mon Aug 17 2026 00:00:00 GMT+0100 (West Africa Time),2026-08-17T06:27:53+01:00,NG,LA,city_online,food,supermart,A,cereal,Blue Boat Corn Flakes 350 g,0.35,kg,410,1171.43,,https://www.supermart.ng/products/blue-boat-corn-flakes-350-g,ok
Mon Aug 17 2026 00:00:00 GMT+0100 (West Africa Time),2026-08-17T06:27:53+01:00,NG,LA,city_online,food,supermart,A,milk_powder,Blue Boat Full Cream Milk Powder Sachet 400 g x12,4.8,kg,850,177.08,,https://www.supermart.ng/products/blue-boat-full-cream-milk-powder-sachet-400-g-x12,ok
Mon Aug 17 2026 00:00:00 GMT+0100 (West Africa Time),2026-08-17T06:27:53+01:00,NG,LA,city_online,food,supermart,A,milk_powder,Blue Boat Full Cream Milk Powder Sachet 500 g,0.5,kg,970,1940,,https://www.supermart.ng/products/blue-boat-full-cream-milk-powder-sachet-500-g,ok
Mon Aug 17 2026 00:00:00 GMT+0100 (West Africa Time),2026-08-17T06:27:53+01:00,NG,LA,city_online,food,supermart,A,milk_powder,Blue Boat Full Cream Milk Powder Sachet 500 g x6,3,kg,5820,1940,,https://www.supermart.ng/products/blue-boat-full-cream-milk-powder-sachet-500-g-x6,ok
Mon Aug 17 2026 00:00:00 GMT+0100 (West Africa Time),2026-08-17T06:27:53+01:00,NG,LA,city_online,food,supermart,A,sugar,Blue Bunny Cherry Vanilla No Sugar 500 ml,500ml,l,6505,,,https://www.supermart.ng/products/blue-bunny-cherry-vanilla-no-sugar-500-ml,ok_no_unit
Mon Aug 17 2026 00:00:00 GMT+0100 (West Africa Time),2026-08-17T06:27:53+01:00,NG,LA,city_online,food,supermart,A,sugar,Blue Bunny Double Strawberry No Sugar 1.65 L,1.65l,l,6505,,,https://www.supermart.ng/products/blue-bunny-double-strawberry-no-sugar-165-l,ok_no_unit
Mon Aug 17 2026 00:00:00 GMT+0100 (West Africa Time),2026-08-17T06:27:53+01:00,NG,LA,city_online,food,supermart,A,sugar,Blue Bunny Sweet Freedom Butter Pecan No Sugar Added 1.45 L,1.45l,l,27820,,,https://www.supermart.ng/products/blue-bunny-sweet-freedom-butter-pecan-no-sugar-added-145-l,ok_no_unit
Mon Aug 17 2026 00:00:00 GMT+0100 (West Africa Time),2026-08-17T06:27:53+01:00,NG,LA,city_online,food,supermart,A,sugar,Blue Bunny Sweet Freedom Vanilla Fat Free No Sugar Added 1.4 L,1.4l,l,6830,,,https://www.supermart.ng/products/blue-bunny-sweet-freedom-vanilla-fat-free-no-sugar-added-14-l,ok_no_unit
Mon Aug 17 2026 00:00:00 GMT+0100 (West Africa Time),2026-08-17T06:27:53+01:00,NG,LA,city_online,food,supermart,A,sugar,Blue Bunny Sweet Freedom Vanilla No Sugar Added 1.4 L,1.4l,l,33400,,,https://www.supermart.ng/products/blue-bunny-sweet-freedom-vanilla-no-sugar-added-14-l,ok_no_unit
Mon Aug 17 2026 00:00:00 GMT+0100 (West Africa Time),2026-08-17T06:27:53+01:00,NG,LA,city_online,food,supermart,A,pepper,Blue Diamond Almond Habanero BBQ 170 g,0.17,kg,365,2147.06,,https://www.supermart.ng/products/blue-diamond-almond-habanero-bbq-170-g,ok
Mon Aug 17 2026 00:00:00 GMT+0100 (West Africa Time),2026-08-17T06:27:53+01:00,NG,LA,city_online,food,supermart,A,rice,Blue Diamond Almond Nut Thins Almond & Rice Cracker Snacks 120 g,0.12,kg,365,3041.67,,https://www.supermart.ng/products/blue-diamonds-almond-nut-thins-almond-rice-cracker-snacks-120-g,ok
Mon Aug 17 2026 00:00:00 GMT+0100 (West Africa Time),2026-08-17T06:27:53+01:00,NG,LA,city_online,food,supermart,A,rice,Blue Diamond Almond Nut Thins Almond & Rice Cracker Snacks Hint Of Sea Salt 120 g,0.12,kg,365,3041.67,,https://www.supermart.ng/products/blue-diamonds-almond-nut-thins-almond-rice-cracker-snacks-hint-of-sea-salt-120-g,ok
Mon Aug 17 2026 00:00:00 GMT+0100 (West Africa Time),2026-08-17T06:27:53+01:00,NG,LA,city_online,food,supermart,A,rice,Blue Diamond Almond Nut Thins Almond & Rice Cracker Snacks Smokehouse 120 g,0.12,kg,365,3041.67,,https://www.supermart.ng/products/blue-diamonds-almond-nut-thins-almond-rice-cracker-snacks-smokehouse-120-g,ok
Mon Aug 17 2026 00:00:00 GMT+0100 (West Africa Time),2026-08-17T06:27:53+01:00,NG,LA,city_online,food,supermart,A,chicken_frozen,Blue Dragon Bang Bang Chicken Meal Kit 172 g,0.172,kg,15375,89389.53,,https://www.supermart.ng/products/blue-dragon-bang-bang-chicken-meal-kit-172-g,ok
Mon Aug 17 2026 00:00:00 GMT+0100 (West Africa Time),2026-08-17T06:27:53+01:00,NG,LA,city_online,food,supermart,A,rice,Blue Dragon Japanese Sushi Rice 500 g,0.5,kg,1850,3700,,https://www.supermart.ng/products/blue-dragon-japanese-sushi-rice-500-g,ok
Mon Aug 17 2026 00:00:00 GMT+0100 (West Africa Time),2026-08-17T06:27:53+01:00,NG,LA,city_online,food,supermart,A,noodles,Blue Dragon Medium Egg Noodles 250 g,250g,kg,11975,,,https://www.supermart.ng/products/blue-dragon-medium-egg-noodles-250-g,ok_no_unit
Mon Aug 17 2026 00:00:00 GMT+0100 (West Africa Time),2026-08-17T06:27:53+01:00,NG,LA,city_online,food,supermart,A,noodles,Blue Dragon Oriental Chicken Noodle Wok 65 g,65g,kg,6000,,,https://www.supermart.ng/products/blue-dragon-oriental-chicken-noodle-wok-65-g,ok_no_unit
Mon Aug 17 2026 00:00:00 GMT+0100 (West Africa Time),2026-08-17T06:27:53+01:00,NG,LA,city_online,food,supermart,A,noodles,Blue Dragon Pad Thai Noodles Kit 265 g,265g,kg,16985,,,https://www.supermart.ng/products/blue-dragon-pad-thai-noodles-kit-265-g,ok_no_unit
Mon Aug 17 2026 00:00:00 GMT+0100 (West Africa Time),2026-08-17T06:27:53+01:00,NG,LA,city_online,food,supermart,A,sugar,Blue Dragon Reduced Sugar Thai Sweet Chilli Dipping Sauce 295 g,0.295,kg,16105,54593.22,,https://www.supermart.ng/products/blue-dragon-reduced-sugar-thai-sweet-chilli-dipping-sauce-295-g,ok
Mon Aug 17 2026 00:00:00 GMT+0100 (West Africa Time),2026-08-17T06:27:53+01:00,NG,LA,city_online,food,supermart,A,rice,Blue Dragon Sushi Rice 500 g,0.5,kg,18960,37920,,https://www.supermart.ng/products/blue-dragon-sushi-rice-500-g,ok
Mon Aug 17 2026 00:00:00 GMT+0100 (West Africa Time),2026-08-17T06:27:53+01:00,NG,LA,city_online,food,supermart,A,veg_oil,Blue Pearl Flake Tuna in Vegetable Oil 170 g,170g,kg,320,,,https://www.supermart.ng/products/blue-pearl-flake-tuna-in-vegetable-oil-170-g,ok_no_unit
Mon Aug 17 2026 00:00:00 GMT+0100 (West Africa Time),2026-08-17T06:27:53+01:00,NG,LA,city_online,food,supermart,A,fish_frozen,Blue Pearl Mackerel In Tomato Sauce 425 g,0.425,kg,935,2200,,https://www.supermart.ng/products/blue-pearl-mackerel-in-tomato-sauce-425-g,ok
Mon Aug 17 2026 00:00:00 GMT+0100 (West Africa Time),2026-08-17T06:27:53+01:00,NG,LA,city_online,food,supermart,A,soft_drink,Body Fantasies Body Spray Apple 236 ml,0.236,l,1000,4237.29,,https://www.supermart.ng/products/body-fantasies-body-spray-apple-236-ml,ok
Mon Aug 17 2026 00:00:00 GMT+0100 (West Africa Time),2026-08-17T06:27:53+01:00,NG,LA,city_online,food,supermart,A,soft_drink,Body Fantasies Body Spray Clean Lavender Vanilla Fantasy 236 ml,0.236,l,365,1546.61,,https://www.supermart.ng/products/body-fantasies-body-spray-clean-lavender-vanilla-fantasy-236-ml,ok
Mon Aug 17 2026 00:00:00 GMT+0100 (West Africa Time),2026-08-17T06:27:53+01:00,NG,LA,city_online,food,supermart,A,soft_drink,Body Fantasies Body Spray Clean Ocean Air Fantasy 236 ml,0.236,l,365,1546.61,,https://www.supermart.ng/products/body-fantasies-body-spray-clean-ocean-air-fantasy-236-ml,ok
Mon Aug 17 2026 00:00:00 GMT+0100 (West Africa Time),2026-08-17T06:27:53+01:00,NG,LA,city_online,food,supermart,A,soft_drink,Body Fantasies Body Spray Coconut Breeze 236 ml,0.236,l,1200,5084.75,,https://www.supermart.ng/products/body-fantasies-body-spray-coconut-breeze-236-ml,ok
Mon Aug 17 2026 00:00:00 GMT+0100 (West Africa Time),2026-08-17T06:27:53+01:00,NG,LA,city_online,food,supermart,A,soft_drink,Body Fantasies Body Spray Cotton Candy 236 ml,0.236,l,3700,15677.97,,https://www.supermart.ng/products/body-fantasies-body-spray-cotton-candy-236-ml,ok
Mon Aug 17 2026 00:00:00 GMT+0100 (West Africa Time),2026-08-17T06:27:53+01:00,NG,LA,city_online,food,supermart,A,soft_drink,Body Fantasies Body Spray Cucumber Melon Fantasy 236 ml,0.236,l,2200,9322.03,,https://www.supermart.ng/products/body-fantasies-body-spray-cucumber-melon-fantasy-236-ml,ok
Mon Aug 17 2026 00:00:00 GMT+0100 (West Africa Time),2026-08-17T06:27:53+01:00,NG,LA,city_online,food,supermart,A,soft_drink,Body Fantasies Body Spray Exotic Musk Fantasy 236 ml,0.236,l,2500,10593.22,,https://www.supermart.ng/products/body-fantasies-body-spray-exotic-musk-fantasy-236-ml,ok
Mon Aug 17 2026 00:00:00 GMT+0100 (West Africa Time),2026-08-17T06:27:53+01:00,NG,LA,city_online,food,supermart,A,soft_drink,Body Fantasies Body Spray Freesia Fantasy 236 ml,0.236,l,2200,9322.03,,https://www.supermart.ng/products/body-fantasies-body-spray-freesia-fantasy-236-ml,ok
Mon Aug 17 2026 00:00:00 GMT+0100 (West Africa Time),2026-08-17T06:27:53+01:00,NG,LA,city_online,food,supermart,A,soft_drink,Body Fantasies Body Spray Fresh White Musk 236 ml,0.236,l,1630,6906.78,,https://www.supermart.ng/products/body-fantasies-body-spray-fresh-white-musk-236-ml,ok
Mon Aug 17 2026 00:00:00 GMT+0100 (West Africa Time),2026-08-17T06:27:53+01:00,NG,LA,city_online,food,supermart,A,soft_drink,Body Fantasies Body Spray Japanese Cherry Blossom 236 ml,0.236,l,2600,11016.95,,https://www.supermart.ng/products/body-fantasies-body-spray-japanese-cherry-blossom-236-ml,ok
Mon Aug 17 2026 00:00:00 GMT+0100 (West Africa Time),2026-08-17T06:27:53+01:00,NG,LA,city_online,food,supermart,A,soft_drink,Body Fantasies Body Spray Kis In The Rain 236 ml,0.236,l,2500,10593.22,,https://www.supermart.ng/products/body-fantasies-body-spray-kis-in-the-rain-236-ml,ok
Mon Aug 17 2026 00:00:00 GMT+0100 (West Africa Time),2026-08-17T06:27:53+01:00,NG,LA,city_online,food,supermart,A,soft_drink,Body Fantasies Body Spray Paradise 236 ml,0.236,l,1700,7203.39,,https://www.supermart.ng/products/body-fantasies-body-spray-paradise-236-ml,ok
Mon Aug 17 2026 00:00:00 GMT+0100 (West Africa Time),2026-08-17T06:27:53+01:00,NG,LA,city_online,food,supermart,A,soft_drink,Body Fantasies Body Spray Pear Fantasy 236 ml,0.236,l,365,1546.61,,https://www.supermart.ng/products/body-fantasies-body-spray-pear-fantasy-236-ml,ok
Mon Aug 17 2026 00:00:00 GMT+0100 (West Africa Time),2026-08-17T06:27:53+01:00,NG,LA,city_online,food,supermart,A,soft_drink,Body Fantasies Body Spray Pink Sweet Pea 236 ml,0.236,l,2150,9110.17,,https://www.supermart.ng/products/body-fantasies-body-spray-pink-sweet-pea-236-ml,ok
Mon Aug 17 2026 00:00:00 GMT+0100 (West Africa Time),2026-08-17T06:27:53+01:00,NG,LA,city_online,food,supermart,A,soft_drink,Body Fantasies Body Spray Pink Vanilla Kiss 236 ml,0.236,l,1700,7203.39,,https://www.supermart.ng/products/body-fantasies-body-spray-pink-vanilla-kiss-236-ml,ok
Mon Aug 17 2026 00:00:00 GMT+0100 (West Africa Time),2026-08-17T06:27:53+01:00,NG,LA,city_online,food,supermart,A,soft_drink,Body Fantasies Body Spray Pink Vanilla Kiss 94 ml,0.094,l,950,10106.38,,https://www.supermart.ng/products/body-fantasies-body-spray-pink-vanilla-kiss-94-ml,ok
Mon Aug 17 2026 00:00:00 GMT+0100 (West Africa Time),2026-08-17T06:27:53+01:00,NG,LA,city_online,food,supermart,A,soft_drink,Body Fantasies Body Spray Plumeria Fantasy 236 ml,0.236,l,3600,15254.24,,https://www.supermart.ng/products/body-fantasies-body-spray-plumeria-fantasy-236-ml,ok
Mon Aug 17 2026 00:00:00 GMT+0100 (West Africa Time),2026-08-17T06:27:53+01:00,NG,LA,city_online,food,supermart,A,soft_drink,Body Fantasies Body Spray Raspberry 94 ml,0.094,l,950,10106.38,,https://www.supermart.ng/products/body-fantasies-body-spray-raspberry-94-ml,ok
Mon Aug 17 2026 00:00:00 GMT+0100 (West Africa Time),2026-08-17T06:27:53+01:00,NG,LA,city_online,food,supermart,A,soft_drink,Body Fantasies Body Spray Raspberry Fantasy 236 ml,0.236,l,3600,15254.24,,https://www.supermart.ng/products/body-fantasies-body-spray-raspberry-fantasy-236-ml,ok
Mon Aug 17 2026 00:00:00 GMT+0100 (West Africa Time),2026-08-17T06:27:53+01:00,NG,LA,city_online,food,supermart,A,soft_drink,Body Fantasies Body Spray Sahara 236 ml,0.236,l,365,1546.61,,https://www.supermart.ng/products/body-fantasies-body-spray-sahara-236-ml,ok
Mon Aug 17 2026 00:00:00 GMT+0100 (West Africa Time),2026-08-17T06:27:53+01:00,NG,LA,city_online,food,supermart,A,soft_drink,Body Fantasies Body Spray Sexiest Musk 94 ml,0.094,l,600,6382.98,,https://www.supermart.ng/products/body-fantasies-body-spray-sexiest-musk-94-ml,ok
Mon Aug 17 2026 00:00:00 GMT+0100 (West Africa Time),2026-08-17T06:27:53+01:00,NG,LA,city_online,food,supermart,A,soft_drink,Body Fantasies Body Spray Signature Vanilla 236 ml,0.236,l,1200,5084.75,,https://www.supermart.ng/products/body-fantasies-body-spray-signature-vanilla-236-ml,ok
Mon Aug 17 2026 00:00:00 GMT+0100 (West Africa Time),2026-08-17T06:27:53+01:00,NG,LA,city_online,food,supermart,A,soft_drink,Body Fantasies Body Spray Strawberry 94 ml,0.094,l,600,6382.98,,https://www.supermart.ng/products/body-fantasies-body-spray-strawberry-94-ml,ok
Mon Aug 17 2026 00:00:00 GMT+0100 (West Africa Time),2026-08-17T06:27:53+01:00,NG,LA,city_online,food,supermart,A,soft_drink,Body Fantasies Body Spray Twilight Mist 236 ml,0.236,l,2100,8898.31,,https://www.supermart.ng/products/body-fantasies-body-spray-twilight-mist-236-ml,ok
Mon Aug 17 2026 00:00:00 GMT+0100 (West Africa Time),2026-08-17T06:27:53+01:00,NG,LA,city_online,food,supermart,A,soft_drink,Body Fantasies Body Spray Vanilla 236 ml,0.236,l,365,1546.61,,https://www.supermart.ng/products/body-fantasies-body-spray-vanilla-236-ml,ok
Mon Aug 17 2026 00:00:00 GMT+0100 (West Africa Time),2026-08-17T06:27:53+01:00,NG,LA,city_online,food,supermart,A,soft_drink,Body Fantasies Fragrance Mist Raspberry 236 ml,0.236,l,1790,7584.75,,https://www.supermart.ng/products/body-fantasies-fragrance-mist-raspberry-236-ml,ok
Mon Aug 17 2026 00:00:00 GMT+0100 (West Africa Time),2026-08-17T06:27:53+01:00,NG,LA,city_online,food,supermart,A,soft_drink,Body Fantasies Fragrance Mist Signature Fresh Cotton 236 ml,0.236,l,1790,7584.75,,https://www.supermart.ng/products/body-fantasies-fragrance-mist-signature-fresh-cotton-236-ml,ok
Mon Aug 17 2026 00:00:00 GMT+0100 (West Africa Time),2026-08-17T06:27:53+01:00,NG,LA,city_online,food,supermart,A,soft_drink,Body Fantasies Fragrance Mist Signature Kissing In The Rain 236 ml,0.236,l,1790,7584.75,,https://www.supermart.ng/products/body-fantasies-fragrance-mist-signature-kissing-in-the-rain-236-ml,ok
Mon Aug 17 2026 00:00:00 GMT+0100 (West Africa Time),2026-08-17T06:27:53+01:00,NG,LA,city_online,food,supermart,A,beans_brown,Bold Bean Co Queen Butter Beans 570 g,0.57,kg,22405,39307.02,,https://www.supermart.ng/products/bold-bean-co-queen-butter-beans-570-g,ok
Mon Aug 17 2026 00:00:00 GMT+0100 (West Africa Time),2026-08-17T06:27:53+01:00,NG,LA,city_online,food,supermart,A,beans_brown,Bold Bean Co Queen Cannellini Beans 570 g,0.57,kg,22405,39307.02,,https://www.supermart.ng/products/bold-bean-co-queen-cannellini-beans-570-g,ok
Mon Aug 17 2026 00:00:00 GMT+0100 (West Africa Time),2026-08-17T06:27:53+01:00,NG,LA,city_online,food,supermart,A,detergent,Bold Gel Laundry Detergent Lavender & Camomile 26 Washes 858 ml,858ml,l,36470,,,https://www.supermart.ng/products/bold-gel-laundry-detergent-lavender-camomile-26-washes-858-ml,ok_no_unit
Mon Aug 17 2026 00:00:00 GMT+0100 (West Africa Time),2026-08-17T06:27:53+01:00,NG,LA,city_online,food,supermart,A,detergent,Bold Gel Laundry Detergent Lavender & Camomile 40 Washes 1.32 L,1.32l,l,48660,,,https://www.supermart.ng/products/bold-gel-laundry-detergent-lavender-camomile-40-washes-1-32-l,ok_no_unit
Mon Aug 17 2026 00:00:00 GMT+0100 (West Africa Time),2026-08-17T06:27:53+01:00,NG,LA,city_online,food,supermart,A,detergent,Bold Laundry Detergent Liquid Pods Lavender & Camomile 70 Washes 1372 g,1.372,kg,72605,52919.1,,https://www.supermart.ng/products/bold-laundry-detergent-liquid-pods-lavender-camomile-70-washes-1372-g,ok
Mon Aug 17 2026 00:00:00 GMT+0100 (West Africa Time),2026-08-17T06:27:53+01:00,NG,LA,city_online,food,supermart,A,spaghetti,Bonita Spaghetti 500 g x4,2,kg,1550,775,,https://www.supermart.ng/products/bonita-spaghetti-500-g-x4,ok
Mon Aug 17 2026 00:00:00 GMT+0100 (West Africa Time),2026-08-17T06:27:53+01:00,NG,LA,city_online,food,supermart,A,detergent,Bonus White Detergent 200 g,0.2,kg,100,500,,https://www.supermart.ng/products/bonus-white-detergent-200-g,ok
Mon Aug 17 2026 00:00:00 GMT+0100 (West Africa Time),2026-08-17T06:27:53+01:00,NG,LA,city_online,food,supermart,A,detergent,Bonus White Detergent 900 g,0.9,kg,535,594.44,,https://www.supermart.ng/products/bonus-white-detergent-900-g,ok
Mon Aug 17 2026 00:00:00 GMT+0100 (West Africa Time),2026-08-17T06:27:53+01:00,NG,LA,city_online,food,supermart,A,detergent,Boom Multi-Purpose Powder Detergent 400 g/450 g,0.4,kg,460,1150,,https://www.supermart.ng/products/boom-multi-purpose-powder-detergent-400-g450-g,ok
Mon Aug 17 2026 00:00:00 GMT+0100 (West Africa Time),2026-08-17T06:27:53+01:00,NG,LA,city_online,food,supermart,A,detergent,Boom Multi-Purpose Powder Detergent 900 g/1 kg,0.9,kg,1005,1116.67,,https://www.supermart.ng/products/boom-multi-purpose-powder-detergent-900-g1-kg,ok
Mon Aug 17 2026 00:00:00 GMT+0100 (West Africa Time),2026-08-17T06:27:53+01:00,NG,LA,city_online,food,supermart,A,chicken_frozen,Booster Puppy Food Pate With Chicken & Lamb 400 g,0.4,kg,3740,9350,,https://www.supermart.ng/products/booster-puppy-food-pate-with-chicken-lamb-400-g,ok
Mon Aug 17 2026 00:00:00 GMT+0100 (West Africa Time),2026-08-17T06:27:53+01:00,NG,LA,city_online,food,supermart,A,toilet_roll,Boulos Rose Belle Toilet Tissue 2 Ply 12 Rolls,1,piece,6990,6990,,https://www.supermart.ng/products/boulos-rose-belle-toilet-tissue-2-ply-12-rolls,ok
Mon Aug 17 2026 00:00:00 GMT+0100 (West Africa Time),2026-08-17T06:27:53+01:00,NG,LA,city_online,food,supermart,A,toilet_roll,Boulos Rose Belle Toilet Tissue 2 Ply 4 Rolls,1,piece,465,465,,https://www.supermart.ng/products/boulos-rose-belle-toilet-tissue-2-ply-4-rolls,ok
Mon Aug 17 2026 00:00:00 GMT+0100 (West Africa Time),2026-08-17T06:27:53+01:00,NG,LA,city_online,food,supermart,A,toilet_roll,Boulos Rose Belle Toilet Tissue 2 Ply 4 Rolls x12,12,piece,465,38.75,,https://www.supermart.ng/products/boulos-rose-belle-toilet-tissue-2-ply-4-rolls-x12,ok
Mon Aug 17 2026 00:00:00 GMT+0100 (West Africa Time),2026-08-17T06:27:53+01:00,NG,LA,city_online,food,supermart,A,toilet_roll,Boulos Rose Belle Toilet Tissue 2 Ply 48 Rolls,1,piece,27960,27960,,https://www.supermart.ng/products/boulos-rose-belle-toilet-tissue-2-ply-48-rolls,ok
Mon Aug 17 2026 00:00:00 GMT+0100 (West Africa Time),2026-08-17T06:27:53+01:00,NG,LA,city_online,food,supermart,A,toilet_roll,Boulos Rose Carla Toilet Tissue 2 Ply 1 Roll,1,piece,280,280,,https://www.supermart.ng/products/boulos-rose-carla-toilet-tissue-2-ply-1-roll,ok
Mon Aug 17 2026 00:00:00 GMT+0100 (West Africa Time),2026-08-17T06:27:53+01:00,NG,LA,city_online,food,supermart,A,toilet_roll,Boulos Rose Carla Toilet Tissue 2 Ply 12 Rolls,1,piece,13440,13440,,https://www.supermart.ng/products/boulos-rose-carla-toilet-tissue-2-ply-12-rolls,ok
Mon Aug 17 2026 00:00:00 GMT+0100 (West Africa Time),2026-08-17T06:27:53+01:00,NG,LA,city_online,food,supermart,A,toilet_roll,Boulos Rose Carla Toilet Tissue 2 Ply 4 Rolls,1,piece,815,815,,https://www.supermart.ng/products/boulos-rose-carla-toilet-tissue-2-ply-4-rolls,ok
Mon Aug 17 2026 00:00:00 GMT+0100 (West Africa Time),2026-08-17T06:27:53+01:00,NG,LA,city_online,food,supermart,A,toilet_roll,Boulos Rose Carla Toilet Tissue 2 Ply 48 Rolls,1,piece,53760,53760,,https://www.supermart.ng/products/boulos-rose-carla-toilet-tissue-2-ply-48-rolls,ok
Mon Aug 17 2026 00:00:00 GMT+0100 (West Africa Time),2026-08-17T06:27:53+01:00,NG,LA,city_online,food,supermart,A,toilet_roll,Boulos Rose Carla Toilet Tissue 2 Ply 6 Rolls,1,piece,1290,1290,,https://www.supermart.ng/products/boulos-rose-carla-toilet-tissue-2-ply-6-rolls,ok
Mon Aug 17 2026 00:00:00 GMT+0100 (West Africa Time),2026-08-17T06:27:53+01:00,NG,LA,city_online,food,supermart,A,toilet_roll,Boulos Rose Plus Toilet Tissue 2 Ply 1 Roll,1,piece,300,300,,https://www.supermart.ng/products/boulos-rose-plus-toilet-tissue-2-ply-1-roll,ok
Mon Aug 17 2026 00:00:00 GMT+0100 (West Africa Time),2026-08-17T06:27:53+01:00,NG,LA,city_online,food,supermart,A,toilet_roll,Boulos Rose Plus Toilet Tissue 2 Ply 12 Rolls,1,piece,3620,3620,,https://www.supermart.ng/products/boulos-rose-plus-toilet-tissue-2-ply-12-rolls,ok
Mon Aug 17 2026 00:00:00 GMT+0100 (West Africa Time),2026-08-17T06:27:53+01:00,NG,LA,city_online,food,supermart,A,toilet_roll,Boulos Rose Plus Toilet Tissue 2 Ply 48 Rolls,1,piece,14450,14450,,https://www.supermart.ng/products/boulos-rose-plus-toilet-tissue-2-ply-48-rolls,ok
Mon Aug 17 2026 00:00:00 GMT+0100 (West Africa Time),2026-08-17T06:27:53+01:00,NG,LA,city_online,food,supermart,A,toilet_roll,Boulos Rose Plus Toilet Tissue 2 Ply 6 Rolls,1,piece,420,420,,https://www.supermart.ng/products/boulos-rose-plus-toilet-tissue-2-ply-6-rolls,ok
Mon Aug 17 2026 00:00:00 GMT+0100 (West Africa Time),2026-08-17T06:27:53+01:00,NG,LA,city_online,food,supermart,A,diapers,Boulos Rose Tenders Baby Diapers Maxi 8-19 kg x25,19kg x25,kg,1230,,,https://www.supermart.ng/products/boulos-rose-tenders-baby-diapers-maxi-8-19-kg-x25,ok_no_unit
Mon Aug 17 2026 00:00:00 GMT+0100 (West Africa Time),2026-08-17T06:27:53+01:00,NG,LA,city_online,food,supermart,A,beverage_choc,Bournvita Biscuit 24 g,0.024,kg,80,3333.33,,https://www.supermart.ng/products/bournvita-biscuit-24-g,ok
Mon Aug 17 2026 00:00:00 GMT+0100 (West Africa Time),2026-08-17T06:27:53+01:00,NG,LA,city_online,food,supermart,A,beverage_choc,Bournvita Biscuit 40 g,0.04,kg,135,3375,,https://www.supermart.ng/products/bournvita-biscuit-40-g,ok
Mon Aug 17 2026 00:00:00 GMT+0100 (West Africa Time),2026-08-17T06:27:53+01:00,NG,LA,city_online,food,supermart,A,beverage_choc,Bournvita Jar 450 g,0.45,kg,5700,12666.67,,https://www.supermart.ng/products/bournvita-jar-450-g,ok
Mon Aug 17 2026 00:00:00 GMT+0100 (West Africa Time),2026-08-17T06:27:53+01:00,NG,LA,city_online,food,supermart,A,beverage_choc,Bournvita Jar 900 g,0.9,kg,10140,11266.67,,https://www.supermart.ng/products/bournvita-jar-900-g,ok
Mon Aug 17 2026 00:00:00 GMT+0100 (West Africa Time),2026-08-17T06:27:53+01:00,NG,LA,city_online,food,supermart,A,beverage_choc,Bournvita Sachet 20 g,0.02,kg,225,11250,,https://www.supermart.ng/products/bournvita-sachet-20-g,ok
Mon Aug 17 2026 00:00:00 GMT+0100 (West Africa Time),2026-08-17T06:27:53+01:00,NG,LA,city_online,food,supermart,A,beverage_choc,Bournvita Sachet 20 g x10,0.2,kg,2250,11250,,https://www.supermart.ng/products/bournvita-sachet-20-g-x10,ok
Mon Aug 17 2026 00:00:00 GMT+0100 (West Africa Time),2026-08-17T06:27:53+01:00,NG,LA,city_online,food,supermart,A,beverage_choc,Bournvita Sachet 200 g,0.2,kg,475,2375,,https://www.supermart.ng/products/bournvita-sachet-200-g,ok
Mon Aug 17 2026 00:00:00 GMT+0100 (West Africa Time),2026-08-17T06:27:53+01:00,NG,LA,city_online,food,supermart,A,beverage_choc,Bournvita Sachet 380 g,0.38,kg,4440,11684.21,,https://www.supermart.ng/products/bournvita-sachet-380-g,ok
Mon Aug 17 2026 00:00:00 GMT+0100 (West Africa Time),2026-08-17T06:27:53+01:00,NG,LA,city_online,food,supermart,A,spaghetti,Brabantia Spaghetti Scoop Black,,,20710,,,https://www.supermart.ng/products/brabantia-spaghetti-scoop-black,ok_no_unit
Mon Aug 17 2026 00:00:00 GMT+0100 (West Africa Time),2026-08-17T06:27:53+01:00,NG,LA,city_online,food,supermart,A,detergent,Bravo Ultra White Detergent 350 g,0.35,kg,660,1885.71,,https://www.supermart.ng/products/bravo-ultra-white-detergent-350-g,ok
Mon Aug 17 2026 00:00:00 GMT+0100 (West Africa Time),2026-08-17T06:27:53+01:00,NG,LA,city_online,food,supermart,A,detergent,Bravo Ultra White High Foam Detergent Powder 200 g,0.2,kg,460,2300,,https://www.supermart.ng/products/bravo-ultra-white-high-foam-detergent-powder-200-g,ok
Mon Aug 17 2026 00:00:00 GMT+0100 (West Africa Time),2026-08-17T06:27:53+01:00,NG,LA,city_online,food,supermart,A,detergent,Bravo Ultra White High Foam Detergent Powder 500 g,0.5,kg,865,1730,,https://www.supermart.ng/products/bravo-ultra-white-high-foam-detergent-powder-500-g,ok
Mon Aug 17 2026 00:00:00 GMT+0100 (West Africa Time),2026-08-17T06:27:53+01:00,NG,LA,city_online,food,supermart,A,bread,Bread & Cheese Portuguese Red Wine 75 cl,75cl,l,365,,,https://www.supermart.ng/products/bread-cheese-portuguese-red-wine-75-cl,ok_no_unit
Mon Aug 17 2026 00:00:00 GMT+0100 (West Africa Time),2026-08-17T06:27:53+01:00,NG,LA,city_online,food,supermart,A,bread,Bread Roll x12,12,piece,1600,133.33,,https://www.supermart.ng/products/bread-roll-x12,ok
Mon Aug 17 2026 00:00:00 GMT+0100 (West Africa Time),2026-08-17T06:27:53+01:00,NG,LA,city_online,food,supermart,A,chicken_frozen,Breeders Choice Dog Chicken & Vegetable In Gravy 400 g,0.4,kg,1275,3187.5,,https://www.supermart.ng/products/breeders-choice-dog-chicken-vegetable-in-gravy-400-g,ok
Mon Aug 17 2026 00:00:00 GMT+0100 (West Africa Time),2026-08-17T06:27:53+01:00,NG,LA,city_online,food,supermart,A,chicken_frozen,Breeders Choice Dog Chicken & Vegetable Meat Loaf 400 g,0.4,kg,795,1987.5,,https://www.supermart.ng/products/breeders-choice-dog-chicken-vegetable-meat-loaf-400-g,ok
Mon Aug 17 2026 00:00:00 GMT+0100 (West Africa Time),2026-08-17T06:27:53+01:00,NG,LA,city_online,food,supermart,A,chicken_frozen,Breeders Choice Dog Chicken Chunks In Jelly 400 g,0.4,kg,1275,3187.5,,https://www.supermart.ng/products/breeders-choice-dog-chicken-chunks-in-jelly-400-g,ok
Mon Aug 17 2026 00:00:00 GMT+0100 (West Africa Time),2026-08-17T06:27:53+01:00,NG,LA,city_online,food,supermart,A,chicken_frozen,Breeders Choice Puppy Chicken & Vegetable In Gravy 400 g,0.4,kg,1275,3187.5,,https://www.supermart.ng/products/breeders-choice-puppy-chicken-vegetable-in-gravy-400-g,ok
Mon Aug 17 2026 00:00:00 GMT+0100 (West Africa Time),2026-08-17T06:27:53+01:00,NG,LA,city_online,food,supermart,A,rice,Breeders Choice Puppy Chicken With Rice & Vegetable Meat Loaf 400 g,0.4,kg,925,2312.5,,https://www.supermart.ng/products/breeders-choice-puppy-chicken-with-rice-vegetable-meat-loaf-400-g,ok
Mon Aug 17 2026 00:00:00 GMT+0100 (West Africa Time),2026-08-17T06:27:53+01:00,NG,LA,city_online,food,supermart,A,salt,Brets Chips Salt & Vinegar 125 g,0.125,kg,9400,75200,,https://www.supermart.ng/products/brets-chips-salt-vinegar-125-g,ok
Mon Aug 17 2026 00:00:00 GMT+0100 (West Africa Time),2026-08-17T06:27:53+01:00,NG,LA,city_online,food,supermart,A,tomato_paste,Brisk Farm Tomato Paste 220 g x6,1.32,kg,365,276.52,,https://www.supermart.ng/products/brisk-farm-tomato-paste-220-g-x6,ok
Mon Aug 17 2026 00:00:00 GMT+0100 (West Africa Time),2026-08-17T06:27:53+01:00,NG,LA,city_online,food,supermart,A,salt,Britannia 50 Sweet & 50 Salty Crackers 50 g,0.05,kg,95,1900,,https://www.supermart.ng/products/britannia-50-sweet-50-salty-crackers-50-g,ok
Mon Aug 17 2026 00:00:00 GMT+0100 (West Africa Time),2026-08-17T06:27:53+01:00,NG,LA,city_online,food,supermart,A,sugar,Britannia Digestive Biscuits Sugar-Free 200 g,0.2,kg,1320,6600,,https://www.supermart.ng/products/britannia-digestive-biscuits-sugar-free-200-g,ok
Mon Aug 17 2026 00:00:00 GMT+0100 (West Africa Time),2026-08-17T06:27:53+01:00,NG,LA,city_online,food,supermart,A,oats,Britannia Nutri Choice Almond & Milk Oats Cookies 76 g,0.076,kg,300,3947.37,,https://www.supermart.ng/products/britannia-nutri-choice-almond-milk-oats-cookies-76-g,ok
Mon Aug 17 2026 00:00:00 GMT+0100 (West Africa Time),2026-08-17T06:27:53+01:00,NG,LA,city_online,food,supermart,A,oats,Britannia Nutri Choice Choco & Almond Oats Cookies 76 g,0.076,kg,300,3947.37,,https://www.supermart.ng/products/britannia-nutri-choice-choco-almond-oats-cookies-76-g,ok
Mon Aug 17 2026 00:00:00 GMT+0100 (West Africa Time),2026-08-17T06:27:53+01:00,NG,LA,city_online,food,supermart,A,oats,Britannia Nutri Choice Heavens Almond Banana & Oats 100 g,0.1,kg,690,6900,,https://www.supermart.ng/products/britannia-nutri-choice-heavens-almond-banana-oats-100-g,ok
Mon Aug 17 2026 00:00:00 GMT+0100 (West Africa Time),2026-08-17T06:27:53+01:00,NG,LA,city_online,food,supermart,A,oats,Britannia Nutri Choice Heavens Cranberry & Oats 100 g,0.1,kg,440,4400,,https://www.supermart.ng/products/britannia-nutri-choice-heavens-cranberry-oats-100-g,ok
Mon Aug 17 2026 00:00:00 GMT+0100 (West Africa Time),2026-08-17T06:27:53+01:00,NG,LA,city_online,food,supermart,A,oats,Britannia Nutri Choice Orange Oats Cookies 76 g,0.076,kg,300,3947.37,,https://www.supermart.ng/products/britannia-nutri-choice-orange-oats-cookies-76-g,ok
Mon Aug 17 2026 00:00:00 GMT+0100 (West Africa Time),2026-08-17T06:27:53+01:00,NG,LA,city_online,food,supermart,A,bread,Britannia Shortbread Biscuits 150 g,150g,kg,1455,,,https://www.supermart.ng/products/britannia-shortbread-biscuits-150-g,ok_no_unit
Mon Aug 17 2026 00:00:00 GMT+0100 (West Africa Time),2026-08-17T06:27:53+01:00,NG,LA,city_online,food,supermart,A,soft_drink,Britney Spears Fantasy EDP 100 ml,0.1,l,28850,288500,,https://www.supermart.ng/products/britney-spears-fantasy-edp-100-ml,ok
Mon Aug 17 2026 00:00:00 GMT+0100 (West Africa Time),2026-08-17T06:27:53+01:00,NG,LA,city_online,food,supermart,A,eggs,Brody's Eggs x12,12,piece,910,75.83,,https://www.supermart.ng/products/brodys-eggs-x12,ok
Mon Aug 17 2026 00:00:00 GMT+0100 (West Africa Time),2026-08-17T06:27:53+01:00,NG,LA,city_online,food,supermart,A,eggs,Brody's Eggs x15,15,piece,1140,76,,https://www.supermart.ng/products/brodys-eggs-x15,ok
Mon Aug 17 2026 00:00:00 GMT+0100 (West Africa Time),2026-08-17T06:27:53+01:00,NG,LA,city_online,food,supermart,A,eggs,Brody's Eggs x30,30,piece,2275,75.83,,https://www.supermart.ng/products/brodys-eggs-x30,ok
Mon Aug 17 2026 00:00:00 GMT+0100 (West Africa Time),2026-08-17T06:27:53+01:00,NG,LA,city_online,food,supermart,A,eggs,Brody's Eggs x6,6,piece,455,75.83,,https://www.supermart.ng/products/brodys-eggs-x6,ok
Mon Aug 17 2026 00:00:00 GMT+0100 (West Africa Time),2026-08-17T06:27:53+01:00,NG,LA,city_online,food,supermart,A,bread,Brown Bread,1,piece,440,440,,https://www.supermart.ng/products/brown-bread,ok
Mon Aug 17 2026 00:00:00 GMT+0100 (West Africa Time),2026-08-17T06:27:53+01:00,NG,LA,city_online,food,supermart,A,detergent,Brytex 3 in 1 Detergent 1 kg,3,kg,565,188.33,,https://www.supermart.ng/products/brytex-3-in-1-detergent-1-kg,ok
Mon Aug 17 2026 00:00:00 GMT+0100 (West Africa Time),2026-08-17T06:27:53+01:00,NG,LA,city_online,food,supermart,A,detergent,Brytex 3 in 1 White Detergent 250 g,0.75,kg,110,146.67,,https://www.supermart.ng/products/brytex-3-in-1-white-detergent-250-g,ok
Mon Aug 17 2026 00:00:00 GMT+0100 (West Africa Time),2026-08-17T06:27:53+01:00,NG,LA,city_online,food,supermart,A,detergent,Brytex 3 in 1 White Detergent 500 g,1.5,kg,320,213.33,,https://www.supermart.ng/products/brytex-3-in-1-white-detergent-500-g,ok
Mon Aug 17 2026 00:00:00 GMT+0100 (West Africa Time),2026-08-17T06:27:53+01:00,NG,LA,city_online,food,supermart,A,spaghetti,Bua Pasta Slim Spaghetti 500 g,0.5,kg,1065,2130,,https://www.supermart.ng/products/bua-pasta-slim-spaghetti-500-g,ok
Mon Aug 17 2026 00:00:00 GMT+0100 (West Africa Time),2026-08-17T06:27:53+01:00,NG,LA,city_online,food,supermart,A,sugar,Bubbleology Brown Sugar Milk Bubble Tea 20 ml + 50 g,20ml,l,11305,,,https://www.supermart.ng/products/bubbleology-brown-sugar-milk-bubble-tea-20-ml-50-g,ok_no_unit
Mon Aug 17 2026 00:00:00 GMT+0100 (West Africa Time),2026-08-17T06:27:53+01:00,NG,LA,city_online,food,supermart,A,groundnut,Bubez Pap Yellow Corn With Groundnut 600 g - Frozen,0.6,kg,885,1475,,https://www.supermart.ng/products/bubez-pap-yellow-corn-with-groundnut-600-g-frozen,ok
Mon Aug 17 2026 00:00:00 GMT+0100 (West Africa Time),2026-08-17T06:27:53+01:00,NG,LA,city_online,food,supermart,A,diapers,Buddy Double Layer Diapers Size 3 8-14 kg x9,14kg x9,kg,530,,,https://www.supermart.ng/products/buddy-double-layer-diapers-size-3-8-14-kg-x9,ok_no_unit
Mon Aug 17 2026 00:00:00 GMT+0100 (West Africa Time),2026-08-17T06:27:53+01:00,NG,LA,city_online,food,supermart,A,bread,Bunarich Sliced Butter Bread 900 g,900g,kg,365,,,https://www.supermart.ng/products/bunarich-sliced-butter-bread-900-g,ok_no_unit
Mon Aug 17 2026 00:00:00 GMT+0100 (West Africa Time),2026-08-17T06:27:53+01:00,NG,LA,city_online,food,supermart,A,salt,Burts Potato Chips Sea Salt & Crushed Peppercorns 150 g,0.15,kg,1550,10333.33,,https://www.supermart.ng/products/burts-potato-chips-sea-salt-crushed-peppercorns-150-g,ok
Mon Aug 17 2026 00:00:00 GMT+0100 (West Africa Time),2026-08-17T06:27:53+01:00,NG,LA,city_online,food,supermart,A,salt,Burts Potato Chips Sea Salt & Malted Vinegar 150 g,0.15,kg,1550,10333.33,,https://www.supermart.ng/products/burts-potato-chips-sea-salt-malted-vinegar-150-g,ok
Mon Aug 17 2026 00:00:00 GMT+0100 (West Africa Time),2026-08-17T06:27:53+01:00,NG,LA,city_online,food,supermart,A,salt,Burts Potato Chips Sea Salt & Malted Vinegar 40 g,0.04,kg,645,16125,,https://www.supermart.ng/products/burts-potato-chips-sea-salt-malted-vinegar-40-g,ok
Mon Aug 17 2026 00:00:00 GMT+0100 (West Africa Time),2026-08-17T06:27:53+01:00,NG,LA,city_online,food,supermart,A,salt,Burts Potato Chips Sea Salt 40 g,0.04,kg,645,16125,,https://www.supermart.ng/products/burts-potato-chips-sea-salt-40-g,ok
Mon Aug 17 2026 00:00:00 GMT+0100 (West Africa Time),2026-08-17T06:27:53+01:00,NG,LA,city_online,food,supermart,A,sugar,Bush's Best Baked Beans With Brown Sugar & Hickory Sauce 454 g,0.454,kg,1295,2852.42,,https://www.supermart.ng/products/bushs-best-baked-beans-with-brown-sugar-hickory-sauce-454-g,ok
Mon Aug 17 2026 00:00:00 GMT+0100 (West Africa Time),2026-08-17T06:27:53+01:00,NG,LA,city_online,food,supermart,A,beans_brown,Bush's Best Dark Red Kidney Beans 454 g,0.454,kg,850,1872.25,,https://www.supermart.ng/products/bushs-best-dark-red-kidney-beans-454-g,ok
Mon Aug 17 2026 00:00:00 GMT+0100 (West Africa Time),2026-08-17T06:27:53+01:00,NG,LA,city_online,food,supermart,A,beans_brown,Bush's Best Large Butter Beans 454 g,0.454,kg,850,1872.25,,https://www.supermart.ng/products/bushs-best-large-butter-beans-454-g,ok
Mon Aug 17 2026 00:00:00 GMT+0100 (West Africa Time),2026-08-17T06:27:53+01:00,NG,LA,city_online,food,supermart,A,chicken_frozen,Butler's Grove Chicken Liver Pate With Armagnac 180 g,0.18,kg,3650,20277.78,,https://www.supermart.ng/products/butlers-grove-chicken-liver-pate-with-armagnac-180-g,ok
Mon Aug 17 2026 00:00:00 GMT+0100 (West Africa Time),2026-08-17T06:27:53+01:00,NG,LA,city_online,food,supermart,A,bread,Butter Bread,1,piece,2500,2500,,https://www.supermart.ng/products/butter-bread,ok
Mon Aug 17 2026 00:00:00 GMT+0100 (West Africa Time),2026-08-17T06:27:53+01:00,NG,LA,city_online,food,supermart,A,garri,Bvlgari Aqua Atlantique Pour Homme EDT 100 ml,100ml,l,32250,,,https://www.supermart.ng/products/bvlgari-aqua-atlantique-pour-homme-edt-100-ml,ok_no_unit
Mon Aug 17 2026 00:00:00 GMT+0100 (West Africa Time),2026-08-17T06:27:53+01:00,NG,LA,city_online,food,supermart,A,garri,Bvlgari Aqua EDT 100 ml,100ml,l,27750,,,https://www.supermart.ng/products/bvlgari-aqua-edt-100-ml,ok_no_unit
Mon Aug 17 2026 00:00:00 GMT+0100 (West Africa Time),2026-08-17T06:27:53+01:00,NG,LA,city_online,food,supermart,A,garri,Bvlgari BLV Pour Homme EDT 100 ml,100ml,l,27750,,,https://www.supermart.ng/products/bvlgari-blv-pour-homme-edt-100-ml,ok_no_unit
Mon Aug 17 2026 00:00:00 GMT+0100 (West Africa Time),2026-08-17T06:27:53+01:00,NG,LA,city_online,food,supermart,A,garri,Bvlgari Goldea EDP 90 ml,90ml,l,41050,,,https://www.supermart.ng/products/bvlgari-goldea-edp-90-ml,ok_no_unit
Mon Aug 17 2026 00:00:00 GMT+0100 (West Africa Time),2026-08-17T06:27:53+01:00,NG,LA,city_online,food,supermart,A,garri,Bvlgari Goldea The Roman Night EDP 75 ml,75ml,l,34300,,,https://www.supermart.ng/products/bvlgari-goldea-the-roman-night-edp-75-ml,ok_no_unit
Mon Aug 17 2026 00:00:00 GMT+0100 (West Africa Time),2026-08-17T06:27:53+01:00,NG,LA,city_online,food,supermart,A,garri,Bvlgari Man Black Orient EDP 100 ml,100ml,l,37000,,,https://www.supermart.ng/products/bvlgari-man-black-orient-edp-100-ml,ok_no_unit
Mon Aug 17 2026 00:00:00 GMT+0100 (West Africa Time),2026-08-17T06:27:53+01:00,NG,LA,city_online,food,supermart,A,garri,Bvlgari Man EDT 100 ml,100ml,l,31060,,,https://www.supermart.ng/products/bvlgari-man-edt-100-ml,ok_no_unit
Mon Aug 17 2026 00:00:00 GMT+0100 (West Africa Time),2026-08-17T06:27:53+01:00,NG,LA,city_online,food,supermart,A,garri,Bvlgari Man Extreme EDT 100 ml,100ml,l,37200,,,https://www.supermart.ng/products/bvlgari-man-extreme-edt-100-ml,ok_no_unit
Mon Aug 17 2026 00:00:00 GMT+0100 (West Africa Time),2026-08-17T06:27:53+01:00,NG,LA,city_online,food,supermart,A,garri,Bvlgari Man Extreme EDT 60 ml,60ml,l,23230,,,https://www.supermart.ng/products/bvlgari-man-extreme-edt-60-ml,ok_no_unit
Mon Aug 17 2026 00:00:00 GMT+0100 (West Africa Time),2026-08-17T06:27:53+01:00,NG,LA,city_online,food,supermart,A,garri,Bvlgari Man In Black EDP 100 ml,100ml,l,32680,,,https://www.supermart.ng/products/bvlgari-man-in-black-edp-100-ml,ok_no_unit
Mon Aug 17 2026 00:00:00 GMT+0100 (West Africa Time),2026-08-17T06:27:53+01:00,NG,LA,city_online,food,supermart,A,garri,Bvlgari Man In Black Essence EDP 100 ml,100ml,l,36750,,,https://www.supermart.ng/products/bvlgari-man-in-black-essence-edp-100-ml,ok_no_unit
Mon Aug 17 2026 00:00:00 GMT+0100 (West Africa Time),2026-08-17T06:27:53+01:00,NG,LA,city_online,food,supermart,A,garri,Bvlgari Man Wood Essence EDP 100 ml,100ml,l,36750,,,https://www.supermart.ng/products/bvlgari-man-wood-essence-edp-100-ml,ok_no_unit
Mon Aug 17 2026 00:00:00 GMT+0100 (West Africa Time),2026-08-17T06:27:53+01:00,NG,LA,city_online,food,supermart,A,garri,Bvlgari Man Wood Neroli EDP 100 ml,100ml,l,38250,,,https://www.supermart.ng/products/bvlgari-man-wood-neroli-edp-100-ml,ok_no_unit
Mon Aug 17 2026 00:00:00 GMT+0100 (West Africa Time),2026-08-17T06:27:53+01:00,NG,LA,city_online,food,supermart,A,garri,Bvlgari Rose Goldea EDP 90 ml,90ml,l,225660,,,https://www.supermart.ng/products/bvlgari-rose-goldea-edp-90-ml,ok_no_unit
Mon Aug 17 2026 00:00:00 GMT+0100 (West Africa Time),2026-08-17T06:27:53+01:00,NG,LA,city_online,food,supermart,A,garri,Bvlgari Splendida Iris D'Or EDP 100 ml,100ml,l,51150,,,https://www.supermart.ng/products/bvlgari-splendida-iris-dor-edp-100-ml,ok_no_unit
Mon Aug 17 2026 00:00:00 GMT+0100 (West Africa Time),2026-08-17T06:27:53+01:00,NG,LA,city_online,food,supermart,A,garri,Bvlgari Splendida Iris D'Or EDP 50 ml,50ml,l,29400,,,https://www.supermart.ng/products/bvlgari-splendida-iris-dor-edp-50-ml,ok_no_unit
Mon Aug 17 2026 00:00:00 GMT+0100 (West Africa Time),2026-08-17T06:27:53+01:00,NG,LA,city_online,food,supermart,A,garri,Bvlgari Splendida Jasmin Noir EDP 100 ml,100ml,l,237108,,,https://www.supermart.ng/products/bvlgari-splendida-jasmin-noir-edp-100-ml,ok_no_unit
Mon Aug 17 2026 00:00:00 GMT+0100 (West Africa Time),2026-08-17T06:27:53+01:00,NG,LA,city_online,food,supermart,A,garri,Bvlgari Splendida Jasmin Noir EDP 50 ml,50ml,l,29400,,,https://www.supermart.ng/products/bvlgari-splendida-jasmin-noir-edp-50-ml,ok_no_unit
Mon Aug 17 2026 00:00:00 GMT+0100 (West Africa Time),2026-08-17T06:27:53+01:00,NG,LA,city_online,food,supermart,A,garri,Bvlgari Splendida Magnolia Sensuel EDP 100 ml,100ml,l,42800,,,https://www.supermart.ng/products/bvlgari-splendida-magnolia-sensuel-edp-100-ml,ok_no_unit
Mon Aug 17 2026 00:00:00 GMT+0100 (West Africa Time),2026-08-17T06:27:53+01:00,NG,LA,city_online,food,supermart,A,garri,Bvlgari Splendida Rose Rose EDP 100 ml,100ml,l,51150,,,https://www.supermart.ng/products/bvlgari-splendida-rose-rose-edp-100-ml,ok_no_unit
Mon Aug 17 2026 00:00:00 GMT+0100 (West Africa Time),2026-08-17T06:27:53+01:00,NG,LA,city_online,food,supermart,A,chicken_frozen,Bykeskin Chicken Franks 340 g,0.34,kg,3315,9750,,https://www.supermart.ng/products/bykeskin-chicken-franks-340-g,ok
Mon Aug 17 2026 00:00:00 GMT+0100 (West Africa Time),2026-08-17T06:27:53+01:00,NG,LA,city_online,food,supermart,A,sugar,C & H Pure Cane Sugar Powdered 453 g,0.453,kg,715,1578.37,,https://www.supermart.ng/products/c-h-pure-cane-sugar-powdered-453-g,ok
Mon Aug 17 2026 00:00:00 GMT+0100 (West Africa Time),2026-08-17T06:27:53+01:00,NG,LA,city_online,food,supermart,A,beverage_choc,Cadbury Bournvita Sachet 380 g,0.38,kg,4105,10802.63,,https://www.supermart.ng/products/cadbury-bournvita-sachet-380-g,ok
Mon Aug 17 2026 00:00:00 GMT+0100 (West Africa Time),2026-08-17T06:27:53+01:00,NG,LA,city_online,food,supermart,A,eggs,Cadbury Creme Chocolate Egg 41 g,41g,kg,390,,,https://www.supermart.ng/products/cadbury-creme-chocolate-egg-41-g,ok_no_unit
Mon Aug 17 2026 00:00:00 GMT+0100 (West Africa Time),2026-08-17T06:27:53+01:00,NG,LA,city_online,food,supermart,A,eggs,Cadbury Oreo Chocolate Egg 40 g,40g,kg,480,,,https://www.supermart.ng/products/cadbury-oreo-chocolate-egg-40-g,ok_no_unit
Mon Aug 17 2026 00:00:00 GMT+0100 (West Africa Time),2026-08-17T06:27:53+01:00,NG,LA,city_online,food,supermart,A,sugar,CalCough Infant Syrup Glycerol Sugar-Free 3+ Months 125 ml,125ml,l,23055,,,https://www.supermart.ng/products/calcough-infant-syrup-glycerol-sugar-free-3-months-125-ml,ok_no_unit
Mon Aug 17 2026 00:00:00 GMT+0100 (West Africa Time),2026-08-17T06:27:53+01:00,NG,LA,city_online,food,supermart,A,oats,California Natural Foods Instant Green Valley Oatmeal 567 g,0.567,kg,1425,2513.23,,https://www.supermart.ng/products/california-natural-foods-instant-green-valley-oatmeal-567-g,ok
Mon Aug 17 2026 00:00:00 GMT+0100 (West Africa Time),2026-08-17T06:27:53+01:00,NG,LA,city_online,food,supermart,A,sugar,Calpol 2 Months + Infant Suspension Strawberry Sugar-Free 200 ml,200ml,l,21600,,,https://www.supermart.ng/products/calpol-2-months-infant-suspension-strawberry-sugar-free-200-ml,ok_no_unit
Mon Aug 17 2026 00:00:00 GMT+0100 (West Africa Time),2026-08-17T06:27:53+01:00,NG,LA,city_online,food,supermart,A,tomato_paste,Cameroon Pepper (Derica Cup),,,3750,,,https://www.supermart.ng/products/cameroon-pepper-850-g,ok_no_unit
Mon Aug 17 2026 00:00:00 GMT+0100 (West Africa Time),2026-08-17T06:27:53+01:00,NG,LA,city_online,food,supermart,A,onions,Campbell's Brown Gravy With Onions 298 g,0.298,kg,945,3171.14,,https://www.supermart.ng/products/campbells-brown-gravy-with-onions-298-g,ok
Mon Aug 17 2026 00:00:00 GMT+0100 (West Africa Time),2026-08-17T06:27:53+01:00,NG,LA,city_online,food,supermart,A,chicken_frozen,Campbell's Chicken Gravy 298 g,0.298,kg,945,3171.14,,https://www.supermart.ng/products/campbells-chicken-gravy-298-g,ok
Mon Aug 17 2026 00:00:00 GMT+0100 (West Africa Time),2026-08-17T06:27:53+01:00,NG,LA,city_online,food,supermart,A,chicken_frozen,Campbell's Condensed Soup Cream Of Chicken 295 g,0.295,kg,13035,44186.44,,https://www.supermart.ng/products/campbells-condensed-soup-cream-of-chicken-295-g,ok
Mon Aug 17 2026 00:00:00 GMT+0100 (West Africa Time),2026-08-17T06:27:53+01:00,NG,LA,city_online,food,supermart,A,beans_brown,Campbell's Pork & Beans 312 g,0.312,kg,320,1025.64,,https://www.supermart.ng/products/campbells-pork-beans-312-g,ok
Mon Aug 17 2026 00:00:00 GMT+0100 (West Africa Time),2026-08-17T06:27:53+01:00,NG,LA,city_online,food,supermart,A,beans_brown,Campbell's Pork & Beans 420 g,0.42,kg,575,1369.05,,https://www.supermart.ng/products/campbells-pork-beans-420-g,ok
Mon Aug 17 2026 00:00:00 GMT+0100 (West Africa Time),2026-08-17T06:27:53+01:00,NG,LA,city_online,food,supermart,A,spaghetti,Campbell's Spaghettios Meatballs 448 g,0.448,kg,965,2154.02,,https://www.supermart.ng/products/campbells-spaghettios-meatballs-448-g,ok
Mon Aug 17 2026 00:00:00 GMT+0100 (West Africa Time),2026-08-17T06:27:53+01:00,NG,LA,city_online,food,supermart,A,spaghetti,Campbell's Spaghettios Original 448 g,0.448,kg,730,1629.46,,https://www.supermart.ng/products/campbells-spaghettios-original-448-g,ok
Mon Aug 17 2026 00:00:00 GMT+0100 (West Africa Time),2026-08-17T06:27:53+01:00,NG,LA,city_online,food,supermart,A,spaghetti,Campbell's Spaghettios Plus Calcium 448 g,0.448,kg,730,1629.46,,https://www.supermart.ng/products/campbells-spaghettios-plus-calcium-448-g,ok
Mon Aug 17 2026 00:00:00 GMT+0100 (West Africa Time),2026-08-17T06:27:53+01:00,NG,LA,city_online,food,supermart,A,sugar,Canderel Sugarly Zero Calorie Sweetener 1 kg,1,kg,48705,48705,,https://www.supermart.ng/products/canderel-sugarly-zero-calorie-sweetener-1-kg,ok
Mon Aug 17 2026 00:00:00 GMT+0100 (West Africa Time),2026-08-17T06:27:53+01:00,NG,LA,city_online,food,supermart,A,bread,Candy Brioche Bread,1,piece,2300,2300,,https://www.supermart.ng/products/candy-brioche-bread,ok
Mon Aug 17 2026 00:00:00 GMT+0100 (West Africa Time),2026-08-17T06:27:53+01:00,NG,LA,city_online,food,supermart,A,bread,Candy Club Sandwich Bread,1,piece,365,365,,https://www.supermart.ng/products/candy-club-sandwich-bread,ok
Mon Aug 17 2026 00:00:00 GMT+0100 (West Africa Time),2026-08-17T06:27:53+01:00,NG,LA,city_online,food,supermart,A,bread,Candy Wheat Bread,1,piece,3500,3500,,https://www.supermart.ng/products/candy-wheat-bread,ok
Mon Aug 17 2026 00:00:00 GMT+0100 (West Africa Time),2026-08-17T06:27:53+01:00,NG,LA,city_online,food,supermart,A,bread,Candy White Bread,1,piece,2900,2900,,https://www.supermart.ng/products/candy-white-bread,ok
Mon Aug 17 2026 00:00:00 GMT+0100 (West Africa Time),2026-08-17T06:27:53+01:00,NG,LA,city_online,food,supermart,A,detergent,Canoe Complete Care Detergent 900 g,0.9,kg,810,900,,https://www.supermart.ng/products/canoe-complete-care-detergent-900-g,ok
Mon Aug 17 2026 00:00:00 GMT+0100 (West Africa Time),2026-08-17T06:27:53+01:00,NG,LA,city_online,food,supermart,A,detergent,Canoe Extra Care Detergent 180 g,0.18,kg,125,694.44,,https://www.supermart.ng/products/canoe-extra-care-detergent-180-g,ok
Mon Aug 17 2026 00:00:00 GMT+0100 (West Africa Time),2026-08-17T06:27:53+01:00,NG,LA,city_online,food,supermart,A,detergent,Canoe Extra Care Detergent Color Aloe Vera 1.8 kg,1.8,kg,1090,605.56,,https://www.supermart.ng/products/canoe-extra-care-detergent-color-aloe-vera-18-kg,ok
Mon Aug 17 2026 00:00:00 GMT+0100 (West Africa Time),2026-08-17T06:27:53+01:00,NG,LA,city_online,food,supermart,A,chicken_frozen,Cantina Mexicana Crispy Chicken Dinner 600 g,0.6,kg,5650,9416.67,,https://www.supermart.ng/products/cantina-mexicana-crispy-chicken-dinner-600-g,ok
Mon Aug 17 2026 00:00:00 GMT+0100 (West Africa Time),2026-08-17T06:27:53+01:00,NG,LA,city_online,food,supermart,A,beans_brown,Cantina Mexicana Red Whole Kidney Beans 400 g,0.4,kg,675,1687.5,,https://www.supermart.ng/products/cantina-mexicana-red-whole-kidney-beans-400-g,ok
Mon Aug 17 2026 00:00:00 GMT+0100 (West Africa Time),2026-08-17T06:27:53+01:00,NG,LA,city_online,food,supermart,A,rice,Caprice Parboiled Rice 10 kg,10,kg,16500,1650,,https://www.supermart.ng/products/caprice-rice-10-kg-imported,ok
Mon Aug 17 2026 00:00:00 GMT+0100 (West Africa Time),2026-08-17T06:27:53+01:00,NG,LA,city_online,food,supermart,A,rice,Caprice Parboiled Rice 25 kg,25,kg,38000,1520,,https://www.supermart.ng/products/caprice-rice-25-kg-imported,ok
Mon Aug 17 2026 00:00:00 GMT+0100 (West Africa Time),2026-08-17T06:27:53+01:00,NG,LA,city_online,food,supermart,A,rice,Caprice Parboiled Rice 5 kg,5,kg,9000,1800,,https://www.supermart.ng/products/caprice-rice-5-kg-imported,ok
Mon Aug 17 2026 00:00:00 GMT+0100 (West Africa Time),2026-08-17T06:27:53+01:00,NG,LA,city_online,food,supermart,A,rice,Caprice Parboiled Rice 50 kg,50,kg,75000,1500,,https://www.supermart.ng/products/caprice-rice-50-kg-imported,ok
Mon Aug 17 2026 00:00:00 GMT+0100 (West Africa Time),2026-08-17T06:27:53+01:00,NG,LA,city_online,food,supermart,A,chicken_frozen,Capsicana Mexican Chicken Mole Cooking Sauce Kit 273 g,0.273,kg,16845,61703.3,,https://www.supermart.ng/products/capsicana-mexican-chicken-mole-cooking-sauce-kit-273-g,ok
Mon Aug 17 2026 00:00:00 GMT+0100 (West Africa Time),2026-08-17T06:27:53+01:00,NG,LA,city_online,food,supermart,A,beans_brown,Capsicana The Ultimate Refried Pinto Beans 200 g,0.2,kg,13765,68825,,https://www.supermart.ng/products/capsicana-the-ultimate-refried-pinto-beans-200-g,ok
Mon Aug 17 2026 00:00:00 GMT+0100 (West Africa Time),2026-08-17T06:27:53+01:00,NG,LA,city_online,food,supermart,A,oats,Captain Instant Oatmeal 1.2 kg,1.2,kg,4650,3875,,https://www.supermart.ng/products/captain-instant-oatmeal-12-kg,ok
Mon Aug 17 2026 00:00:00 GMT+0100 (West Africa Time),2026-08-17T06:27:53+01:00,NG,LA,city_online,food,supermart,A,oats,Captain Oats Instant Oatmeal 1 kg,1,kg,3995,3995,,https://www.supermart.ng/products/captain-oats-instant-oatmeal-1-kg,ok
Mon Aug 17 2026 00:00:00 GMT+0100 (West Africa Time),2026-08-17T06:27:53+01:00,NG,LA,city_online,food,supermart,A,oats,Captain Oats Quick Cook Oatmeal 1 kg,1,kg,3995,3995,,https://www.supermart.ng/products/captain-oats-quick-cook-oatmeal-1-kg,ok
Mon Aug 17 2026 00:00:00 GMT+0100 (West Africa Time),2026-08-17T06:27:53+01:00,NG,LA,city_online,food,supermart,A,oats,Captain Quick Cook Oatmeal 1.2 kg,1.2,kg,4650,3875,,https://www.supermart.ng/products/captain-quick-cook-oatmeal-12-kg,ok
Mon Aug 17 2026 00:00:00 GMT+0100 (West Africa Time),2026-08-17T06:27:53+01:00,NG,LA,city_online,food,supermart,A,sugar,Carlcon-N Diabetic Wonder Crunch Multi-Grain Cookies Sugar-Free 200 g,0.2,kg,2755,13775,,https://www.supermart.ng/products/carlcon-n-diabetic-wonder-crunch-multi-grain-cookies-sugar-free-200-g,ok
Mon Aug 17 2026 00:00:00 GMT+0100 (West Africa Time),2026-08-17T06:27:53+01:00,NG,LA,city_online,food,supermart,A,milk_evap,Carnation Caramel Dessert Filling Tin 397 g,397g,kg,15640,,,https://www.supermart.ng/products/carnation-caramel-dessert-filling-tin-397-g,ok_no_unit
Mon Aug 17 2026 00:00:00 GMT+0100 (West Africa Time),2026-08-17T06:27:53+01:00,NG,LA,city_online,food,supermart,A,milk_evap,Carnation Caramel Drizzle 450 g,450g,kg,20190,,,https://www.supermart.ng/products/carnation-caramel-drizzle-450-g,ok_no_unit
Mon Aug 17 2026 00:00:00 GMT+0100 (West Africa Time),2026-08-17T06:27:53+01:00,NG,LA,city_online,food,supermart,A,milk_evap,Carnation Evaporated Milk Tin 170 g,170g,kg,8495,,,https://www.supermart.ng/products/carnation-evaporated-milk-tin-170-g,ok_no_unit
Mon Aug 17 2026 00:00:00 GMT+0100 (West Africa Time),2026-08-17T06:27:53+01:00,NG,LA,city_online,food,supermart,A,milk_evap,Carnation Evaporated Milk Tin 410 g,410g,kg,15165,,,https://www.supermart.ng/products/carnation-evaporated-milk-tin-410-g,ok_no_unit
Mon Aug 17 2026 00:00:00 GMT+0100 (West Africa Time),2026-08-17T06:27:53+01:00,NG,LA,city_online,food,supermart,A,milk_evap,Carnation Light Evaporated Milk Tin 410 g,410g,kg,15165,,,https://www.supermart.ng/products/carnation-light-evaporated-milk-tin-410-g,ok_no_unit
Mon Aug 17 2026 00:00:00 GMT+0100 (West Africa Time),2026-08-17T06:27:53+01:00,NG,LA,city_online,food,supermart,A,milk_evap,Carnation Original Drizzle Condensed Milk Dessert Sauce Bottle 450 g,450g,kg,20190,,,https://www.supermart.ng/products/carnation-original-drizzle-condensed-milk-dessert-sauce-bottle-450-g,ok_no_unit
Mon Aug 17 2026 00:00:00 GMT+0100 (West Africa Time),2026-08-17T06:27:53+01:00,NG,LA,city_online,food,supermart,A,milk_evap,Carnation Sweetened Condensed Milk 397 g,397g,kg,15220,,,https://www.supermart.ng/products/carnation-sweetened-condensed-milk-397-g,ok_no_unit
Mon Aug 17 2026 00:00:00 GMT+0100 (West Africa Time),2026-08-17T06:27:53+01:00,NG,LA,city_online,food,supermart,A,soap_bar,Caro White Lightening Beauty Bar Soap 180 g,180g,kg,1340,,,https://www.supermart.ng/products/caro-white-lightening-beauty-bar-soap-180-g,ok_no_unit
Mon Aug 17 2026 00:00:00 GMT+0100 (West Africa Time),2026-08-17T06:27:53+01:00,NG,LA,city_online,food,supermart,A,rice,Carolina Brown Rice Whole Grain 907 g,0.907,kg,1940,2138.92,,https://www.supermart.ng/products/carolina-brown-rice-whole-grain-907-g,ok
Mon Aug 17 2026 00:00:00 GMT+0100 (West Africa Time),2026-08-17T06:27:53+01:00,NG,LA,city_online,food,supermart,A,water,Carr's Table Water Crackers 125 g,125g,kg,2740,,,https://www.supermart.ng/products/carrs-table-water-crackers-125-g,ok_no_unit
Mon Aug 17 2026 00:00:00 GMT+0100 (West Africa Time),2026-08-17T06:27:53+01:00,NG,LA,city_online,food,supermart,A,water,Carr's Table Water Crackers Large 200 g,200g,kg,1225,,,https://www.supermart.ng/products/carrs-table-water-crackers-large-200-g,ok_no_unit
Mon Aug 17 2026 00:00:00 GMT+0100 (West Africa Time),2026-08-17T06:27:53+01:00,NG,LA,city_online,food,supermart,A,water,Carr's Table Water Sesame Seed Crackers 120 g,120g,kg,820,,,https://www.supermart.ng/products/carrs-table-water-sesame-seed-crackers-120-g,ok_no_unit
Mon Aug 17 2026 00:00:00 GMT+0100 (West Africa Time),2026-08-17T06:27:53+01:00,NG,LA,city_online,food,supermart,A,veg_oil,Casa De Campo Refined Sunflower Oil 3 L,3,l,6750,2250,,https://www.supermart.ng/products/casa-de-campo-refined-sunflower-oil-3-l,ok
Mon Aug 17 2026 00:00:00 GMT+0100 (West Africa Time),2026-08-17T06:27:53+01:00,NG,LA,city_online,food,supermart,A,veg_oil,Casa De Campo Refined Sunflower Oil 4 L,4,l,5850,1462.5,,https://www.supermart.ng/products/casa-de-campo-refined-sunflower-oil-4-l,ok
Mon Aug 17 2026 00:00:00 GMT+0100 (West Africa Time),2026-08-17T06:27:53+01:00,NG,LA,city_online,food,supermart,A,veg_oil,Casa De Campo Refined Sunflower Oil 5 L,5,l,11500,2300,,https://www.supermart.ng/products/casa-de-campo-refined-sunflower-oil-5-l,ok
Mon Aug 17 2026 00:00:00 GMT+0100 (West Africa Time),2026-08-17T06:27:53+01:00,NG,LA,city_online,food,supermart,A,garri,Cassa Garri White 1 kg,1,kg,395,395,,https://www.supermart.ng/products/cassa-garri-white-1-kg,ok
Mon Aug 17 2026 00:00:00 GMT+0100 (West Africa Time),2026-08-17T06:27:53+01:00,NG,LA,city_online,food,supermart,A,garri,Cassa Garri White 2 kg,2,kg,780,390,,https://www.supermart.ng/products/cassa-garri-white-2-kg,ok
Mon Aug 17 2026 00:00:00 GMT+0100 (West Africa Time),2026-08-17T06:27:53+01:00,NG,LA,city_online,food,supermart,A,chicken_frozen,Cassa Novas Cassava Chips BBQ Chicken 60 g,0.06,kg,335,5583.33,,https://www.supermart.ng/products/cassa-novas-cassava-chips-bbq-chicken-60-g,ok
Mon Aug 17 2026 00:00:00 GMT+0100 (West Africa Time),2026-08-17T06:27:53+01:00,NG,LA,city_online,food,supermart,A,noodles,Cassa Novas Cassava Chips Funky Fried Noodles 60 g,60g,kg,335,,,https://www.supermart.ng/products/cassa-novas-cassava-chips-funky-fried-noodles-60-g,ok_no_unit
Mon Aug 17 2026 00:00:00 GMT+0100 (West Africa Time),2026-08-17T06:27:53+01:00,NG,LA,city_online,food,supermart,A,salt,Cassa Novas Cassava Chips Salt & Pepper 60 g,0.06,kg,335,5583.33,,https://www.supermart.ng/products/cassa-novas-cassava-chips-salt-pepper-60-g,ok
Mon Aug 17 2026 00:00:00 GMT+0100 (West Africa Time),2026-08-17T06:27:53+01:00,NG,LA,city_online,food,supermart,A,salt,Castania Mixed Nuts No Salt Tin 450 g,0.45,kg,15330,34066.67,,https://www.supermart.ng/products/castania-mixed-nuts-no-salt-tin-450-g,ok
Mon Aug 17 2026 00:00:00 GMT+0100 (West Africa Time),2026-08-17T06:27:53+01:00,NG,LA,city_online,food,supermart,A,salt,Castania Salt & Vinegar Sunflower Seeds 150 g,0.15,kg,7900,52666.67,,https://www.supermart.ng/products/castania-salt-vinegar-sunflower-seeds-150-g,ok
Mon Aug 17 2026 00:00:00 GMT+0100 (West Africa Time),2026-08-17T06:27:53+01:00,NG,LA,city_online,food,supermart,A,stockfish,Catfish - Large x3 (Dried Fish),,,365,,,https://www.supermart.ng/products/catfish-large-x3-dried-fish,ok_no_unit
Mon Aug 17 2026 00:00:00 GMT+0100 (West Africa Time),2026-08-17T06:27:53+01:00,NG,LA,city_online,food,supermart,A,stockfish,Catfish - Medium x1 (Dried Fish),,,365,,,https://www.supermart.ng/products/catfish-medium-x1-dried-fish,ok_no_unit
Mon Aug 17 2026 00:00:00 GMT+0100 (West Africa Time),2026-08-17T06:27:53+01:00,NG,LA,city_online,food,supermart,A,sugar,CBL Munchee Herbal Kothalahimbutu Biscuits Sugar-Free 100 g,0.1,kg,840,8400,,https://www.supermart.ng/products/munchee-herbal-kothalahimbutu-biscuits-sugar-free-100-g,ok
Mon Aug 17 2026 00:00:00 GMT+0100 (West Africa Time),2026-08-17T06:27:53+01:00,NG,LA,city_online,food,supermart,A,rice,CBL Munchee Kome BBQ Flavour Rice Cracker Sugar Free 45 g,0.045,kg,1480,32888.89,,https://www.supermart.ng/products/cbl-munchee-kome-bbq-flavour-rice-cracker-sugar-free-45-g,ok
Mon Aug 17 2026 00:00:00 GMT+0100 (West Africa Time),2026-08-17T06:27:53+01:00,NG,LA,city_online,food,supermart,A,rice,CBL Munchee Kome Cumin Flavour Rice Cracker Sugar Free 45 g,0.045,kg,945,21000,,https://www.supermart.ng/products/cbl-munchee-kome-cumin-flavour-rice-cracker-sugar-free-45-g,ok
Mon Aug 17 2026 00:00:00 GMT+0100 (West Africa Time),2026-08-17T06:27:53+01:00,NG,LA,city_online,food,supermart,A,rice,CBL Munchee Kome Onion Flavour Rice Cracker 45 g,0.045,kg,1480,32888.89,,https://www.supermart.ng/products/cbl-munchee-kome-onion-flavour-rice-cracker-45-g,ok
Mon Aug 17 2026 00:00:00 GMT+0100 (West Africa Time),2026-08-17T06:27:53+01:00,NG,LA,city_online,food,supermart,A,rice,CBL Munchee Kome Rice Crackers Barbecue Sugar-Free 100 g,0.1,kg,2940,29400,,https://www.supermart.ng/products/munchee-kome-rice-crackers-barbecue-sugar-free-100-g,ok
Mon Aug 17 2026 00:00:00 GMT+0100 (West Africa Time),2026-08-17T06:27:53+01:00,NG,LA,city_online,food,supermart,A,rice,CBL Munchee Kome Rice Crackers Cheese & Chilli Sugar-Free 100 g,0.1,kg,2710,27100,,https://www.supermart.ng/products/munchee-kome-rice-crackers-cheese-chilli-sugar-free-100-g,ok
Mon Aug 17 2026 00:00:00 GMT+0100 (West Africa Time),2026-08-17T06:27:53+01:00,NG,LA,city_online,food,supermart,A,rice,CBL Munchee Kome Salt & Pepper Flavour Rice Cracker Sugar Free 45 g,0.045,kg,3500,77777.78,,https://www.supermart.ng/products/cbl-munchee-kome-salt-pepper-flavour-rice-cracker-sugar-free-45-g,ok
Mon Aug 17 2026 00:00:00 GMT+0100 (West Africa Time),2026-08-17T06:27:53+01:00,NG,LA,city_online,food,supermart,A,onions,CBL Munchee Onion Biscuits 170 g,0.17,kg,850,5000,,https://www.supermart.ng/products/munchee-onion-biscuits-170-g,ok
Mon Aug 17 2026 00:00:00 GMT+0100 (West Africa Time),2026-08-17T06:27:53+01:00,NG,LA,city_online,food,supermart,A,salt,CBL Munchee Sun Salt & Cracked Pepper Cracker Biscuit 95 g,0.095,kg,1120,11789.47,,https://www.supermart.ng/products/cbl-munchee-sun-salt-cracked-pepper-cracker-biscuit-95-g,ok
Mon Aug 17 2026 00:00:00 GMT+0100 (West Africa Time),2026-08-17T06:27:53+01:00,NG,LA,city_online,food,supermart,A,onions,CBL Munchee Tifin Onion Biscuits 125 g,0.125,kg,1310,10480,,https://www.supermart.ng/products/munchee-tifin-onion-biscuits-125-g,ok
Mon Aug 17 2026 00:00:00 GMT+0100 (West Africa Time),2026-08-17T06:27:53+01:00,NG,LA,city_online,food,supermart,A,fish_frozen,Celine Sardines In Vegetable Oil 125 g,0.125,kg,245,1960,,https://www.supermart.ng/products/celine-sardines-in-vegetable-oil-125-g,ok
Mon Aug 17 2026 00:00:00 GMT+0100 (West Africa Time),2026-08-17T06:27:53+01:00,NG,LA,city_online,food,supermart,A,veg_oil,Century Tuna Flakes In Vegetable Oil 180 g,180g,kg,365,,,https://www.supermart.ng/products/century-tuna-flakes-in-vegetable-oil-180-g,ok_no_unit
Mon Aug 17 2026 00:00:00 GMT+0100 (West Africa Time),2026-08-17T06:27:53+01:00,NG,LA,city_online,food,supermart,A,baby_formula,Cerelac 3 Cereals With Milk 8 Months+ 400 g x24,9.6,kg,27500,2864.58,,https://www.supermart.ng/products/cerelac-3-cereals-with-milk-8-months-400-g-x24,ok
Mon Aug 17 2026 00:00:00 GMT+0100 (West Africa Time),2026-08-17T06:27:53+01:00,NG,LA,city_online,food,supermart,A,baby_formula,Cerelac Banana & Wheat With Milk 7 Months+ 400 g,0.4,kg,365,912.5,,https://www.supermart.ng/products/cerelac-banana-wheat-with-milk-7-months-400-g,ok
Mon Aug 17 2026 00:00:00 GMT+0100 (West Africa Time),2026-08-17T06:27:53+01:00,NG,LA,city_online,food,supermart,A,baby_formula,Cerelac Banana & Wheat With Milk 7 Months+ 400 g x24,9.6,kg,365,38.02,,https://www.supermart.ng/products/cerelac-banana-wheat-with-milk-7-months-400-g-x24,ok
Mon Aug 17 2026 00:00:00 GMT+0100 (West Africa Time),2026-08-17T06:27:53+01:00,NG,LA,city_online,food,supermart,A,baby_formula,Cerelac Honey & Wheat Baby Food 12 Months+ 400 g,0.4,kg,21555,53887.5,,https://www.supermart.ng/products/cerelac-honey-wheat-baby-food-12-months-400-g,ok
Mon Aug 17 2026 00:00:00 GMT+0100 (West Africa Time),2026-08-17T06:27:53+01:00,NG,LA,city_online,food,supermart,A,baby_formula,Cerelac Honey & Wheat With Milk 12 Months+ 400 g x24,9.6,kg,365,38.02,,https://www.supermart.ng/products/cerelac-honey-wheat-with-milk-12-months-400-g-x24,ok
Mon Aug 17 2026 00:00:00 GMT+0100 (West Africa Time),2026-08-17T06:27:53+01:00,NG,LA,city_online,food,supermart,A,baby_formula,Cerelac Junior Maize & Wheat With Milk 50 g,0.05,kg,480,9600,,https://www.supermart.ng/products/cerelac-junior-maize-wheat-with-milk-50-g,ok
Mon Aug 17 2026 00:00:00 GMT+0100 (West Africa Time),2026-08-17T06:27:53+01:00,NG,LA,city_online,food,supermart,A,baby_formula,Cerelac Junior Maize & Wheat With Milk 50 g x10,0.5,kg,4830,9660,,https://www.supermart.ng/products/cerelac-junior-maize-wheat-with-milk-50-g-x10,ok
Mon Aug 17 2026 00:00:00 GMT+0100 (West Africa Time),2026-08-17T06:27:53+01:00,NG,LA,city_online,food,supermart,A,baby_formula,Cerelac Maize & Milk 6 Months+ 1 kg,1,kg,22875,22875,,https://www.supermart.ng/products/cerelac-maize-milk-6-months-1-kg,ok
Mon Aug 17 2026 00:00:00 GMT+0100 (West Africa Time),2026-08-17T06:27:53+01:00,NG,LA,city_online,food,supermart,A,baby_formula,Cerelac Maize & Milk 6 Months+ 1 kg x24,24,kg,27500,1145.83,,https://www.supermart.ng/products/cerelac-maize-milk-6-months-1-kg-x24,ok
Mon Aug 17 2026 00:00:00 GMT+0100 (West Africa Time),2026-08-17T06:27:53+01:00,NG,LA,city_online,food,supermart,A,baby_formula,Cerelac Maize & Milk 6 Months+ 400 g,0.4,kg,7115,17787.5,,https://www.supermart.ng/products/cerelac-maize-milk-6-months-400-g,ok
Mon Aug 17 2026 00:00:00 GMT+0100 (West Africa Time),2026-08-17T06:27:53+01:00,NG,LA,city_online,food,supermart,A,baby_formula,Cerelac Maize & Soya 6 Months+ 25 g,0.025,kg,60,2400,,https://www.supermart.ng/products/cerelac-maize-soya-6-months-25-g,ok
Mon Aug 17 2026 00:00:00 GMT+0100 (West Africa Time),2026-08-17T06:27:53+01:00,NG,LA,city_online,food,supermart,A,baby_formula,Cerelac Maize & Soya Infant Cereal 350 g,0.35,kg,1100,3142.86,,https://www.supermart.ng/products/cerelac-maize-soya-infant-cereal-350-g,ok
Mon Aug 17 2026 00:00:00 GMT+0100 (West Africa Time),2026-08-17T06:27:53+01:00,NG,LA,city_online,food,supermart,A,baby_formula,Cerelac Millet 6 Months+ 400 g,0.4,kg,930,2325,,https://www.supermart.ng/products/cerelac-millet-6-months-400-g,ok
Mon Aug 17 2026 00:00:00 GMT+0100 (West Africa Time),2026-08-17T06:27:53+01:00,NG,LA,city_online,food,supermart,A,baby_formula,Cerelac Millet 6 Months+ 400 g x24,9.6,kg,27500,2864.58,,https://www.supermart.ng/products/cerelac-millet-6-months-400-g-x24,ok
Mon Aug 17 2026 00:00:00 GMT+0100 (West Africa Time),2026-08-17T06:27:53+01:00,NG,LA,city_online,food,supermart,A,baby_formula,Cerelac Mixed Fruits & Wheat With Milk 8 Months+ 400 g,0.4,kg,365,912.5,,https://www.supermart.ng/products/cerelac-mixed-fruits-wheat-with-milk-8-months-400-g,ok
Mon Aug 17 2026 00:00:00 GMT+0100 (West Africa Time),2026-08-17T06:27:53+01:00,NG,LA,city_online,food,supermart,A,baby_formula,Cerelac Mixed Fruits & Wheat With Milk 8 Months+ 400 g x24,9.6,kg,27500,2864.58,,https://www.supermart.ng/products/cerelac-mixed-fruits-wheat-with-milk-8-months-400-g-x24,ok
Mon Aug 17 2026 00:00:00 GMT+0100 (West Africa Time),2026-08-17T06:27:53+01:00,NG,LA,city_online,food,supermart,A,rice,Cerelac Rice & Milk 6 Months+ 400 g,0.4,kg,905,2262.5,,https://www.supermart.ng/products/cerelac-rice-milk-6-months-400-g,ok
Mon Aug 17 2026 00:00:00 GMT+0100 (West Africa Time),2026-08-17T06:27:53+01:00,NG,LA,city_online,food,supermart,A,rice,Cerelac Rice & Milk 6 Months+ 400 g x24,9.6,kg,27500,2864.58,,https://www.supermart.ng/products/cerelac-rice-milk-6-months-400-g-x24,ok
Mon Aug 17 2026 00:00:00 GMT+0100 (West Africa Time),2026-08-17T06:27:53+01:00,NG,LA,city_online,food,supermart,A,baby_formula,Cerelac Wheat & Maize Infant Cereal 20 g,0.02,kg,190,9500,,https://www.supermart.ng/products/cerelac-wheat-maize-infant-cereal-20-g,ok
Mon Aug 17 2026 00:00:00 GMT+0100 (West Africa Time),2026-08-17T06:27:53+01:00,NG,LA,city_online,food,supermart,A,baby_formula,Cerelac Wheat & Milk 6 Months+ 1 kg,1,kg,14800,14800,,https://www.supermart.ng/products/cerelac-wheat-milk-6-months-1-kg,ok
Mon Aug 17 2026 00:00:00 GMT+0100 (West Africa Time),2026-08-17T06:27:53+01:00,NG,LA,city_online,food,supermart,A,baby_formula,Cerelac Wheat & Milk 6 Months+ 1 kg x24,24,kg,27500,1145.83,,https://www.supermart.ng/products/cerelac-wheat-milk-6-months-1-kg-x24,ok
Mon Aug 17 2026 00:00:00 GMT+0100 (West Africa Time),2026-08-17T06:27:53+01:00,NG,LA,city_online,food,supermart,A,baby_formula,Cerelac Wheat & Milk 6 Months+ 400 g,0.4,kg,7085,17712.5,,https://www.supermart.ng/products/cerelac-wheat-milk-6-months-400-g,ok
Mon Aug 17 2026 00:00:00 GMT+0100 (West Africa Time),2026-08-17T06:27:53+01:00,NG,LA,city_online,food,supermart,A,baby_formula,Cerelac Wheat & Milk 6 Months+ 400 g x4,1.6,kg,365,228.13,,https://www.supermart.ng/products/cerelac-wheat-milk-6-months-400-g-x4,ok
Mon Aug 17 2026 00:00:00 GMT+0100 (West Africa Time),2026-08-17T06:27:53+01:00,NG,LA,city_online,food,supermart,A,baby_formula,Cerelac Wheat & Milk 6 Months+ 50 g,0.05,kg,475,9500,,https://www.supermart.ng/products/cerelac-wheat-milk-6-months-50-g,ok
Mon Aug 17 2026 00:00:00 GMT+0100 (West Africa Time),2026-08-17T06:27:53+01:00,NG,LA,city_online,food,supermart,A,baby_formula,Cerelac Wheat & Milk 6 Months+ 50 g x10,0.5,kg,4780,9560,,https://www.supermart.ng/products/cerelac-wheat-milk-6-months-50-g-x10,ok
Mon Aug 17 2026 00:00:00 GMT+0100 (West Africa Time),2026-08-17T06:27:53+01:00,NG,LA,city_online,food,supermart,A,chicken_frozen,Cesar Classic Terrine With Chicken & Turkey 150 g,0.15,kg,3475,23166.67,,https://www.supermart.ng/products/cesar-classic-terrine-with-chicken-turkey-150-g,ok
Mon Aug 17 2026 00:00:00 GMT+0100 (West Africa Time),2026-08-17T06:27:53+01:00,NG,LA,city_online,food,supermart,A,soap_bar,Cetaphil Gentle Cleansing Bar Soap 127 g,127g,kg,365,,,https://www.supermart.ng/products/cetaphil-gentle-cleansing-bar-soap-127-g,ok_no_unit
Mon Aug 17 2026 00:00:00 GMT+0100 (West Africa Time),2026-08-17T06:27:53+01:00,NG,LA,city_online,food,supermart,A,noodles,Chain Kwo Quick Cook Egg Noodles 400 g x24,400g x24,kg,27960,,,https://www.supermart.ng/products/chain-kwo-quick-cook-egg-noodles-400-g-x24,ok_no_unit
Mon Aug 17 2026 00:00:00 GMT+0100 (West Africa Time),2026-08-17T06:27:53+01:00,NG,LA,city_online,food,supermart,A,rice,Chain Kwo Quick Cook Rice Stick 400 g,0.4,kg,365,912.5,,https://www.supermart.ng/products/chainkwo-quick-cook-rice-stick-400-g,ok
Mon Aug 17 2026 00:00:00 GMT+0100 (West Africa Time),2026-08-17T06:27:53+01:00,NG,LA,city_online,food,supermart,A,eggs,Character Surprise Egg 10 g,10g,kg,6145,,,https://www.supermart.ng/products/character-surprise-egg-10-g,ok_no_unit
Mon Aug 17 2026 00:00:00 GMT+0100 (West Africa Time),2026-08-17T06:27:53+01:00,NG,LA,city_online,food,supermart,A,oats,Checkers Organic Cereal Oats Jar 375 g,0.375,kg,795,2120,,https://www.supermart.ng/products/checkers-organic-cereal-oats-jar-375-g,ok
Mon Aug 17 2026 00:00:00 GMT+0100 (West Africa Time),2026-08-17T06:27:53+01:00,NG,LA,city_online,food,supermart,A,oats,Checkers Organic Cereal Oats Sachet 375 g,0.375,kg,545,1453.33,,https://www.supermart.ng/products/checkers-organic-cereal-oats-sachet-375-g,ok
Mon Aug 17 2026 00:00:00 GMT+0100 (West Africa Time),2026-08-17T06:27:53+01:00,NG,LA,city_online,food,supermart,A,oats,Cheer Up Oats 500 g,0.5,kg,965,1930,,https://www.supermart.ng/products/cheer-up-oats-500-g,ok
Mon Aug 17 2026 00:00:00 GMT+0100 (West Africa Time),2026-08-17T06:27:53+01:00,NG,LA,city_online,food,supermart,A,oats,Cheerios Honey Nut Whole Grain Oats 306 g,0.306,kg,365,1192.81,,https://www.supermart.ng/products/cheerios-honey-nut-whole-grain-oats-306-g,ok
Mon Aug 17 2026 00:00:00 GMT+0100 (West Africa Time),2026-08-17T06:27:53+01:00,NG,LA,city_online,food,supermart,A,oats,Cheerios Whole Grain Oats 340 g,0.34,kg,8040,23647.06,,https://www.supermart.ng/products/cheerios-whole-grain-oats-340-g,ok
Mon Aug 17 2026 00:00:00 GMT+0100 (West Africa Time),2026-08-17T06:27:53+01:00,NG,LA,city_online,food,supermart,A,bread,Cheese Bread,1,piece,750,750,,https://www.supermart.ng/products/cheese-bread,ok
Mon Aug 17 2026 00:00:00 GMT+0100 (West Africa Time),2026-08-17T06:27:53+01:00,NG,LA,city_online,food,supermart,A,onions,Cheez-It Cheese Sour Cream & Onion 150 g,0.15,kg,13040,86933.33,,https://www.supermart.ng/products/cheez-it-cheese-sour-cream-onion-150-g,ok
Mon Aug 17 2026 00:00:00 GMT+0100 (West Africa Time),2026-08-17T06:27:53+01:00,NG,LA,city_online,food,supermart,A,noodles,Cherie Instant Noodles Chicken 105 g,105g,kg,50,,,https://www.supermart.ng/products/cherie-instant-noodles-chicken-105-g,ok_no_unit
Mon Aug 17 2026 00:00:00 GMT+0100 (West Africa Time),2026-08-17T06:27:53+01:00,NG,LA,city_online,food,supermart,A,noodles,Cherie Instant Noodles Chicken 70 g,70g,kg,50,,,https://www.supermart.ng/products/cherie-instant-noodles-chicken-70-g,ok_no_unit
Mon Aug 17 2026 00:00:00 GMT+0100 (West Africa Time),2026-08-17T06:27:53+01:00,NG,LA,city_online,food,supermart,A,noodles,Cherie Instant Noodles Chicken Pepper Soup 120 g,120g,kg,225,,,https://www.supermart.ng/products/cherie-instant-noodles-chicken-pepper-soup-120-g,ok_no_unit
Mon Aug 17 2026 00:00:00 GMT+0100 (West Africa Time),2026-08-17T06:27:53+01:00,NG,LA,city_online,food,supermart,A,noodles,Cherie Instant Noodles Classic Chicken 100 g,100g,kg,75,,,https://www.supermart.ng/products/cherie-instant-noodles-classic-chicken-100-g,ok_no_unit
Mon Aug 17 2026 00:00:00 GMT+0100 (West Africa Time),2026-08-17T06:27:53+01:00,NG,LA,city_online,food,supermart,A,noodles,Cherie Instant Noodles Classic Chicken 120 g,120g,kg,85,,,https://www.supermart.ng/products/cherie-instant-noodles-classic-chicken-120-g,ok_no_unit
Mon Aug 17 2026 00:00:00 GMT+0100 (West Africa Time),2026-08-17T06:27:53+01:00,NG,LA,city_online,food,supermart,A,noodles,Cherie Instant Noodles Egglicious 120 g,120g,kg,95,,,https://www.supermart.ng/products/cherie-instant-noodles-egglicious-120-g,ok_no_unit
Mon Aug 17 2026 00:00:00 GMT+0100 (West Africa Time),2026-08-17T06:27:53+01:00,NG,LA,city_online,food,supermart,A,noodles,Cherie Instant Noodles Egglicious 70 g,70g,kg,60,,,https://www.supermart.ng/products/cherie-instant-noodles-egglicious-70-g,ok_no_unit
Mon Aug 17 2026 00:00:00 GMT+0100 (West Africa Time),2026-08-17T06:27:53+01:00,NG,LA,city_online,food,supermart,A,noodles,Cherie Instant Noodles Spicy Chicken 120 g,120g,kg,85,,,https://www.supermart.ng/products/cherie-instant-noodles-spicy-chicken-120-g,ok_no_unit
Mon Aug 17 2026 00:00:00 GMT+0100 (West Africa Time),2026-08-17T06:27:53+01:00,NG,LA,city_online,food,supermart,A,noodles,Cherie Instant Noodles Spicy Chicken 70 g,70g,kg,50,,,https://www.supermart.ng/products/cherie-instant-noodles-spicy-chicken-70-g,ok_no_unit
Mon Aug 17 2026 00:00:00 GMT+0100 (West Africa Time),2026-08-17T06:27:53+01:00,NG,LA,city_online,food,supermart,A,tomato_fresh,Cherry Tomatoes Pack ~240 g,0.24,kg,1985,8270.83,,https://www.supermart.ng/products/cherry-tomatoes-pack-240-g,ok
Mon Aug 17 2026 00:00:00 GMT+0100 (West Africa Time),2026-08-17T06:27:53+01:00,NG,LA,city_online,food,supermart,A,salt,Chex Mix Snack Sweet N Salty Honey Nut 248 g,0.248,kg,1975,7963.71,,https://www.supermart.ng/products/chex-mix-snack-sweet-n-salty-honey-nut-248-g,ok
Mon Aug 17 2026 00:00:00 GMT+0100 (West Africa Time),2026-08-17T06:27:53+01:00,NG,LA,city_online,food,supermart,A,rice,Chex Rice Gluten-Free Cereal 340 g,0.34,kg,365,1073.53,,https://www.supermart.ng/products/chex-rice-gluten-free-cereal-340-g,ok
Mon Aug 17 2026 00:00:00 GMT+0100 (West Africa Time),2026-08-17T06:27:53+01:00,NG,LA,city_online,food,supermart,A,rice,Chex Sweetened Rice Cereal With Natural Chocolate Flavour 362 g,0.362,kg,3420,9447.51,,https://www.supermart.ng/products/chex-sweetened-rice-cereal-with-natural-chocolate-flavour-362-g,ok
Mon Aug 17 2026 00:00:00 GMT+0100 (West Africa Time),2026-08-17T06:27:53+01:00,NG,LA,city_online,food,supermart,A,rice,Chex Sweetened Rice Cereal With Real Cinnamon 343 g,0.343,kg,2635,7682.22,,https://www.supermart.ng/products/chex-sweetened-rice-cereal-with-real-cinnamon-343-g,ok
Mon Aug 17 2026 00:00:00 GMT+0100 (West Africa Time),2026-08-17T06:27:53+01:00,NG,LA,city_online,food,supermart,A,rice,Chex Sweetened Rice Cereal With Vanilla & Natural Flavours 343 g,0.343,kg,3300,9620.99,,https://www.supermart.ng/products/chex-sweetened-rice-cereal-with-vanilla-natural-flavours-343-g,ok
Mon Aug 17 2026 00:00:00 GMT+0100 (West Africa Time),2026-08-17T06:27:53+01:00,NG,LA,city_online,food,supermart,A,chicken_frozen,Chi Chicken Breast ~1 kg - Frozen,1,kg,10730,10730,,https://www.supermart.ng/products/chi-chicken-breast-1-kg-frozen,ok
Mon Aug 17 2026 00:00:00 GMT+0100 (West Africa Time),2026-08-17T06:27:53+01:00,NG,LA,city_online,food,supermart,A,chicken_frozen,Chi Chicken Cut Ups Wings ~1.1 kg (N/A on Sundays),1.1,kg,2250,2045.45,,https://www.supermart.ng/products/chi-chicken-cut-ups-wings-11-kg-na-on-sundays,ok
Mon Aug 17 2026 00:00:00 GMT+0100 (West Africa Time),2026-08-17T06:27:53+01:00,NG,LA,city_online,food,supermart,A,chicken_frozen,Chi Chicken Drumstick ~1 kg - Frozen,1,kg,15450,15450,,https://www.supermart.ng/products/chi-chicken-drumstick-1-kg-frozen,ok
Mon Aug 17 2026 00:00:00 GMT+0100 (West Africa Time),2026-08-17T06:27:53+01:00,NG,LA,city_online,food,supermart,A,chicken_frozen,Chi Chicken Laps ~1 kg - Frozen,1,kg,6650,6650,,https://www.supermart.ng/products/chi-chicken-laps-1-kg-frozen,ok
Mon Aug 17 2026 00:00:00 GMT+0100 (West Africa Time),2026-08-17T06:27:53+01:00,NG,LA,city_online,food,supermart,A,chicken_frozen,Chi Chicken Laps ~950 g,0.95,kg,2190,2305.26,,https://www.supermart.ng/products/chi-chicken-laps-950-g,ok
Mon Aug 17 2026 00:00:00 GMT+0100 (West Africa Time),2026-08-17T06:27:53+01:00,NG,LA,city_online,food,supermart,A,chicken_frozen,Chi Chicken Thigh ~1 kg - Frozen,1,kg,9650,9650,,https://www.supermart.ng/products/chi-chicken-thigh-1-kg-frozen,ok
Mon Aug 17 2026 00:00:00 GMT+0100 (West Africa Time),2026-08-17T06:27:53+01:00,NG,LA,city_online,food,supermart,A,chicken_frozen,Chi Chicken Wings ~1 kg,1,kg,2350,2350,,https://www.supermart.ng/products/chi-chicken-wings-1-kg,ok
Mon Aug 17 2026 00:00:00 GMT+0100 (West Africa Time),2026-08-17T06:27:53+01:00,NG,LA,city_online,food,supermart,A,chicken_frozen,Chi Dressed Chicken ~1.2 kg,1.2,kg,2990,2491.67,,https://www.supermart.ng/products/chi-dressed-chicken-12-kg,ok
Mon Aug 17 2026 00:00:00 GMT+0100 (West Africa Time),2026-08-17T06:27:53+01:00,NG,LA,city_online,food,supermart,A,chicken_frozen,Chi Fresh Whole Chicken ~1 kg,1,kg,9250,9250,,https://www.supermart.ng/products/chi-fresh-whole-chicken-11-kg,ok
Mon Aug 17 2026 00:00:00 GMT+0100 (West Africa Time),2026-08-17T06:27:53+01:00,NG,LA,city_online,food,supermart,A,onions,Chi Onion Beef Burger 400 g,0.4,kg,5520,13800,,https://www.supermart.ng/products/chi-onion-beef-burger-400-g,ok
Mon Aug 17 2026 00:00:00 GMT+0100 (West Africa Time),2026-08-17T06:27:53+01:00,NG,LA,city_online,food,supermart,A,chicken_frozen,Chi Premium Chicken Sausage 370 g x8,2.96,kg,3605,1217.91,,https://www.supermart.ng/products/chi-premium-chicken-sausage-370-g-x8,ok
Mon Aug 17 2026 00:00:00 GMT+0100 (West Africa Time),2026-08-17T06:27:53+01:00,NG,LA,city_online,food,supermart,A,chicken_frozen,Chi Smoked Chicken ~1 kg,1,kg,11430,11430,,https://www.supermart.ng/products/chi-smoked-chicken-12-kg,ok
Mon Aug 17 2026 00:00:00 GMT+0100 (West Africa Time),2026-08-17T06:27:53+01:00,NG,LA,city_online,food,supermart,A,chicken_frozen,Chick Day Chicken Frankfurter Sausage 340 g,0.34,kg,3450,10147.06,,https://www.supermart.ng/products/chick-day-chicken-frankfurter-sausage-340-g,ok
Mon Aug 17 2026 00:00:00 GMT+0100 (West Africa Time),2026-08-17T06:27:53+01:00,NG,LA,city_online,food,supermart,A,chicken_frozen,Chicken - Agric Large - Cut Up,,,365,,,https://www.supermart.ng/products/chicken-agric-large-cut-up,ok_no_unit
Mon Aug 17 2026 00:00:00 GMT+0100 (West Africa Time),2026-08-17T06:27:53+01:00,NG,LA,city_online,food,supermart,A,chicken_frozen,Chicken - Agric Medium - Cut Up,,,365,,,https://www.supermart.ng/products/chicken-agric-medium-cut-up,ok_no_unit
Mon Aug 17 2026 00:00:00 GMT+0100 (West Africa Time),2026-08-17T06:27:53+01:00,NG,LA,city_online,food,supermart,A,chicken_frozen,Chicken - Broiler - Cut Up,,,3400,,,https://www.supermart.ng/products/chicken-broiler-cut-up,ok_no_unit
Mon Aug 17 2026 00:00:00 GMT+0100 (West Africa Time),2026-08-17T06:27:53+01:00,NG,LA,city_online,food,supermart,A,chicken_frozen,Chicken - Broiler Large - Cut Up,,,365,,,https://www.supermart.ng/products/chicken-broiler-large-cut-up,ok_no_unit
Mon Aug 17 2026 00:00:00 GMT+0100 (West Africa Time),2026-08-17T06:27:53+01:00,NG,LA,city_online,food,supermart,A,chicken_frozen,Chicken - Broiler Medium - Cut Up,,,365,,,https://www.supermart.ng/products/chicken-broiler-medium-cut-up,ok_no_unit
Mon Aug 17 2026 00:00:00 GMT+0100 (West Africa Time),2026-08-17T06:27:53+01:00,NG,LA,city_online,food,supermart,A,chicken_frozen,Chicken - Cockerel - Cut Up,,,3400,,,https://www.supermart.ng/products/chicken-cockerel-cut-up,ok_no_unit
Mon Aug 17 2026 00:00:00 GMT+0100 (West Africa Time),2026-08-17T06:27:53+01:00,NG,LA,city_online,food,supermart,A,chicken_frozen,Chicken Back ~650 g,0.65,kg,585,900,,https://www.supermart.ng/products/chicken-back-650-g,ok
Mon Aug 17 2026 00:00:00 GMT+0100 (West Africa Time),2026-08-17T06:27:53+01:00,NG,LA,city_online,food,supermart,A,chicken_frozen,Chicken Boneless Fillet ~380 g,0.38,kg,1245,3276.32,,https://www.supermart.ng/products/chicken-boneless-fillet-380-g,ok
Mon Aug 17 2026 00:00:00 GMT+0100 (West Africa Time),2026-08-17T06:27:53+01:00,NG,LA,city_online,food,supermart,A,chicken_frozen,Chicken Bones ~430 g,0.43,kg,365,848.84,,https://www.supermart.ng/products/chicken-bones-430-g,ok
Mon Aug 17 2026 00:00:00 GMT+0100 (West Africa Time),2026-08-17T06:27:53+01:00,NG,LA,city_online,food,supermart,A,chicken_frozen,Chicken Breast ~1 kg,1,kg,2650,2650,,https://www.supermart.ng/products/chicken-breast-1-kg,ok
Mon Aug 17 2026 00:00:00 GMT+0100 (West Africa Time),2026-08-17T06:27:53+01:00,NG,LA,city_online,food,supermart,A,chicken_frozen,Chicken Breast ~10 kg,10,kg,90900,9090,,https://www.supermart.ng/products/chicken-breast-10-kg-copy,ok
Mon Aug 17 2026 00:00:00 GMT+0100 (West Africa Time),2026-08-17T06:27:53+01:00,NG,LA,city_online,food,supermart,A,chicken_frozen,Chicken Breast ~610 g,0.61,kg,2865,4696.72,,https://www.supermart.ng/products/chicken-breast-610-g,ok
Mon Aug 17 2026 00:00:00 GMT+0100 (West Africa Time),2026-08-17T06:27:53+01:00,NG,LA,city_online,food,supermart,A,chicken_frozen,Chicken Burger,,,750,,,https://www.supermart.ng/products/chicken-burger,ok_no_unit
Mon Aug 17 2026 00:00:00 GMT+0100 (West Africa Time),2026-08-17T06:27:53+01:00,NG,LA,city_online,food,supermart,A,chicken_frozen,Chicken Burrito,,,1600,,,https://www.supermart.ng/products/chicken-burrito,ok_no_unit
Mon Aug 17 2026 00:00:00 GMT+0100 (West Africa Time),2026-08-17T06:27:53+01:00,NG,LA,city_online,food,supermart,A,chicken_frozen,Chicken Cesar Salad 320 g,0.32,kg,2600,8125,,https://www.supermart.ng/products/chicken-cesar-salad-320-g,ok
Mon Aug 17 2026 00:00:00 GMT+0100 (West Africa Time),2026-08-17T06:27:53+01:00,NG,LA,city_online,food,supermart,A,chicken_frozen,Chicken Curry Puff,,,1200,,,https://www.supermart.ng/products/chicken-curry-puff,ok_no_unit
Mon Aug 17 2026 00:00:00 GMT+0100 (West Africa Time),2026-08-17T06:27:53+01:00,NG,LA,city_online,food,supermart,A,chicken_frozen,Chicken Drummets ~540 g x4,2.16,kg,1085,502.31,,https://www.supermart.ng/products/chicken-drummets-540-g-x4,ok
Mon Aug 17 2026 00:00:00 GMT+0100 (West Africa Time),2026-08-17T06:27:53+01:00,NG,LA,city_online,food,supermart,A,chicken_frozen,Chicken Drumstick ~528 g,0.528,kg,2710,5132.58,,https://www.supermart.ng/products/chicken-drumstick-528-g,ok
Mon Aug 17 2026 00:00:00 GMT+0100 (West Africa Time),2026-08-17T06:27:53+01:00,NG,LA,city_online,food,supermart,A,chicken_frozen,Chicken Feet ~906 g,0.906,kg,930,1026.49,,https://www.supermart.ng/products/chicken-feet-906-g,ok
Mon Aug 17 2026 00:00:00 GMT+0100 (West Africa Time),2026-08-17T06:27:53+01:00,NG,LA,city_online,food,supermart,A,chicken_frozen,Chicken Flatties ~320 g,0.32,kg,735,2296.88,,https://www.supermart.ng/products/chicken-flatties-320-g,ok
Mon Aug 17 2026 00:00:00 GMT+0100 (West Africa Time),2026-08-17T06:27:53+01:00,NG,LA,city_online,food,supermart,A,chicken_frozen,Chicken Gizzard - Spiced ~400 g,0.4,kg,365,912.5,,https://www.supermart.ng/products/chicken-gizzard-spiced-400-g,ok
Mon Aug 17 2026 00:00:00 GMT+0100 (West Africa Time),2026-08-17T06:27:53+01:00,NG,LA,city_online,food,supermart,A,chicken_frozen,Chicken Gizzard ~1 kg,1,kg,2220,2220,,https://www.supermart.ng/products/chicken-gizzard-1-kg,ok
Mon Aug 17 2026 00:00:00 GMT+0100 (West Africa Time),2026-08-17T06:27:53+01:00,NG,LA,city_online,food,supermart,A,chicken_frozen,Chicken Gizzard ~1 kg - Frozen,1,kg,9350,9350,,https://www.supermart.ng/products/chicken-gizzard-1-kg-frozen,ok
Mon Aug 17 2026 00:00:00 GMT+0100 (West Africa Time),2026-08-17T06:27:53+01:00,NG,LA,city_online,food,supermart,A,chicken_frozen,Chicken Gizzard ~10 kg - Frozen,10,kg,365,36.5,,https://www.supermart.ng/products/chicken-gizzard-10-kg-frozen,ok
Mon Aug 17 2026 00:00:00 GMT+0100 (West Africa Time),2026-08-17T06:27:53+01:00,NG,LA,city_online,food,supermart,A,chicken_frozen,Chicken Gizzard ~2 kg - Frozen,2,kg,365,182.5,,https://www.supermart.ng/products/chicken-gizzard-2-kg-frozen,ok
Mon Aug 17 2026 00:00:00 GMT+0100 (West Africa Time),2026-08-17T06:27:53+01:00,NG,LA,city_online,food,supermart,A,chicken_frozen,Chicken Gizzard ~380 g,0.38,kg,365,960.53,,https://www.supermart.ng/products/chicken-gizzard-380-g,ok
Mon Aug 17 2026 00:00:00 GMT+0100 (West Africa Time),2026-08-17T06:27:53+01:00,NG,LA,city_online,food,supermart,A,chicken_frozen,Chicken Gizzard ~5 kg - Frozen,5,kg,365,73,,https://www.supermart.ng/products/chicken-gizzard-5-kg-frozen,ok
Mon Aug 17 2026 00:00:00 GMT+0100 (West Africa Time),2026-08-17T06:27:53+01:00,NG,LA,city_online,food,supermart,A,chicken_frozen,Chicken Katti Roll,,,1100,,,https://www.supermart.ng/products/chicken-katti-roll,ok_no_unit
Mon Aug 17 2026 00:00:00 GMT+0100 (West Africa Time),2026-08-17T06:27:53+01:00,NG,LA,city_online,food,supermart,A,chicken_frozen,Chicken Keema Boneless,,,2980,,,https://www.supermart.ng/products/chicken-keema-boneless,ok_no_unit
Mon Aug 17 2026 00:00:00 GMT+0100 (West Africa Time),2026-08-17T06:27:53+01:00,NG,LA,city_online,food,supermart,A,chicken_frozen,Chicken Laps - Hard ~1 kg - Frozen,1,kg,365,365,,https://www.supermart.ng/products/chicken-laps-hard-1-kg-frozen,ok
Mon Aug 17 2026 00:00:00 GMT+0100 (West Africa Time),2026-08-17T06:27:53+01:00,NG,LA,city_online,food,supermart,A,chicken_frozen,Chicken Laps - Hard ~10 kg - Frozen,10,kg,365,36.5,,https://www.supermart.ng/products/chicken-laps-hard-10-kg-frozen,ok
Mon Aug 17 2026 00:00:00 GMT+0100 (West Africa Time),2026-08-17T06:27:53+01:00,NG,LA,city_online,food,supermart,A,chicken_frozen,Chicken Laps - Hard ~2.5 kg - Frozen,2.5,kg,365,146,,https://www.supermart.ng/products/chicken-laps-hard-25-kg-frozen,ok
Mon Aug 17 2026 00:00:00 GMT+0100 (West Africa Time),2026-08-17T06:27:53+01:00,NG,LA,city_online,food,supermart,A,chicken_frozen,Chicken Laps - Hard ~5 kg - Frozen,5,kg,365,73,,https://www.supermart.ng/products/chicken-laps-hard-5-kg-frozen,ok
Mon Aug 17 2026 00:00:00 GMT+0100 (West Africa Time),2026-08-17T06:27:53+01:00,NG,LA,city_online,food,supermart,A,chicken_frozen,Chicken Laps - Soft ~1 kg - Frozen,1,kg,6500,6500,,https://www.supermart.ng/products/chicken-laps-soft-1-kg-frozen,ok
Mon Aug 17 2026 00:00:00 GMT+0100 (West Africa Time),2026-08-17T06:27:53+01:00,NG,LA,city_online,food,supermart,A,chicken_frozen,Chicken Laps - Soft ~10 kg - Frozen,10,kg,65000,6500,,https://www.supermart.ng/products/chicken-laps-soft-10-kg-frozen,ok
Mon Aug 17 2026 00:00:00 GMT+0100 (West Africa Time),2026-08-17T06:27:53+01:00,NG,LA,city_online,food,supermart,A,chicken_frozen,Chicken Laps - Soft ~2.5 kg - Frozen,2.5,kg,365,146,,https://www.supermart.ng/products/chicken-laps-soft-25-kg-frozen,ok
Mon Aug 17 2026 00:00:00 GMT+0100 (West Africa Time),2026-08-17T06:27:53+01:00,NG,LA,city_online,food,supermart,A,chicken_frozen,Chicken Laps - Soft ~5 kg - Frozen,5,kg,365,73,,https://www.supermart.ng/products/chicken-laps-soft-5-kg-frozen,ok
Mon Aug 17 2026 00:00:00 GMT+0100 (West Africa Time),2026-08-17T06:27:53+01:00,NG,LA,city_online,food,supermart,A,chicken_frozen,Chicken Legs Marinades,,,3030,,,https://www.supermart.ng/products/chicken-legs-marinades,ok_no_unit
Mon Aug 17 2026 00:00:00 GMT+0100 (West Africa Time),2026-08-17T06:27:53+01:00,NG,LA,city_online,food,supermart,A,chicken_frozen,Chicken Legs Without Skin ~372 g x4,1.488,kg,1140,766.13,,https://www.supermart.ng/products/chicken-legs-without-skin-372-g-x4,ok
Mon Aug 17 2026 00:00:00 GMT+0100 (West Africa Time),2026-08-17T06:27:53+01:00,NG,LA,city_online,food,supermart,A,chicken_frozen,Chicken Legs ~400 g,0.4,kg,365,912.5,,https://www.supermart.ng/products/chicken-legs-400-g,ok
Mon Aug 17 2026 00:00:00 GMT+0100 (West Africa Time),2026-08-17T06:27:53+01:00,NG,LA,city_online,food,supermart,A,chicken_frozen,Chicken Legs ~470 g,0.47,kg,1425,3031.91,,https://www.supermart.ng/products/chicken-legs-470-g,ok
Mon Aug 17 2026 00:00:00 GMT+0100 (West Africa Time),2026-08-17T06:27:53+01:00,NG,LA,city_online,food,supermart,A,chicken_frozen,Chicken Liver 1 kg,1,kg,950,950,,https://www.supermart.ng/products/chicken-liver-1-kg,ok
Mon Aug 17 2026 00:00:00 GMT+0100 (West Africa Time),2026-08-17T06:27:53+01:00,NG,LA,city_online,food,supermart,A,chicken_frozen,Chicken Liver ~330 g,0.33,kg,295,893.94,,https://www.supermart.ng/products/chicken-liver-330-g,ok
Mon Aug 17 2026 00:00:00 GMT+0100 (West Africa Time),2026-08-17T06:27:53+01:00,NG,LA,city_online,food,supermart,A,chicken_frozen,Chicken Lollipop ~1 kg - Frozen,1,kg,2450,2450,,https://www.supermart.ng/products/chicken-lollipop-1-kg-frozen,ok
Mon Aug 17 2026 00:00:00 GMT+0100 (West Africa Time),2026-08-17T06:27:53+01:00,NG,LA,city_online,food,supermart,A,chicken_frozen,Chicken Neck ~500 g,0.5,kg,455,910,,https://www.supermart.ng/products/chicken-neck-500-g,ok
Mon Aug 17 2026 00:00:00 GMT+0100 (West Africa Time),2026-08-17T06:27:53+01:00,NG,LA,city_online,food,supermart,A,chicken_frozen,Chicken Of The Sea Light Tuna Chunk In Oil 142 g,0.142,kg,1030,7253.52,,https://www.supermart.ng/products/chicken-of-the-sea-light-tuna-chunk-in-oil-142-g,ok
Mon Aug 17 2026 00:00:00 GMT+0100 (West Africa Time),2026-08-17T06:27:53+01:00,NG,LA,city_online,food,supermart,A,chicken_frozen,Chicken Of The Sea Light Tuna Chunk In Water 142 g,0.142,kg,4090,28802.82,,https://www.supermart.ng/products/chicken-of-the-sea-light-tuna-chunk-in-water-142-g,ok
Mon Aug 17 2026 00:00:00 GMT+0100 (West Africa Time),2026-08-17T06:27:53+01:00,NG,LA,city_online,food,supermart,A,chicken_frozen,Chicken Patties ~350 g,0.35,kg,1100,3142.86,,https://www.supermart.ng/products/chicken-patties-350-g,ok
Mon Aug 17 2026 00:00:00 GMT+0100 (West Africa Time),2026-08-17T06:27:53+01:00,NG,LA,city_online,food,supermart,A,chicken_frozen,Chicken Pie,,,1400,,,https://www.supermart.ng/products/chicken-pie,ok_no_unit
Mon Aug 17 2026 00:00:00 GMT+0100 (West Africa Time),2026-08-17T06:27:53+01:00,NG,LA,city_online,food,supermart,A,chicken_frozen,Chicken Pizza,,,1200,,,https://www.supermart.ng/products/chicken-pizza,ok_no_unit
Mon Aug 17 2026 00:00:00 GMT+0100 (West Africa Time),2026-08-17T06:27:53+01:00,NG,LA,city_online,food,supermart,A,chicken_frozen,Chicken Puff,,,1600,,,https://www.supermart.ng/products/chicken-puff,ok_no_unit
Mon Aug 17 2026 00:00:00 GMT+0100 (West Africa Time),2026-08-17T06:27:53+01:00,NG,LA,city_online,food,supermart,A,chicken_frozen,Chicken Samosa,,,1100,,,https://www.supermart.ng/products/chicken-samosa,ok_no_unit
Mon Aug 17 2026 00:00:00 GMT+0100 (West Africa Time),2026-08-17T06:27:53+01:00,NG,LA,city_online,food,supermart,A,chicken_frozen,Chicken Sandwich,,,500,,,https://www.supermart.ng/products/chicken-sandwich,ok_no_unit
Mon Aug 17 2026 00:00:00 GMT+0100 (West Africa Time),2026-08-17T06:27:53+01:00,NG,LA,city_online,food,supermart,A,chicken_frozen,Chicken Skin ~470 g,0.47,kg,365,776.6,,https://www.supermart.ng/products/chicken-skin-470-g,ok
Mon Aug 17 2026 00:00:00 GMT+0100 (West Africa Time),2026-08-17T06:27:53+01:00,NG,LA,city_online,food,supermart,A,chicken_frozen,Chicken Thigh ~1 kg - Frozen,1,kg,2250,2250,,https://www.supermart.ng/products/chicken-thigh-1-kg-frozen,ok
Mon Aug 17 2026 00:00:00 GMT+0100 (West Africa Time),2026-08-17T06:27:53+01:00,NG,LA,city_online,food,supermart,A,chicken_frozen,Chicken Thighs ~510 g,0.51,kg,2545,4990.2,,https://www.supermart.ng/products/chicken-thighs-510-g,ok
Mon Aug 17 2026 00:00:00 GMT+0100 (West Africa Time),2026-08-17T06:27:53+01:00,NG,LA,city_online,food,supermart,A,chicken_frozen,Chicken Tonight Chicken Chasseur & Red Wine Sauce 500 g,0.5,kg,930,1860,,https://www.supermart.ng/products/chicken-tonight-chicken-chasseur-red-wine-sauce-500-g,ok
Mon Aug 17 2026 00:00:00 GMT+0100 (West Africa Time),2026-08-17T06:27:53+01:00,NG,LA,city_online,food,supermart,A,chicken_frozen,Chicken Tonight Country French Sauce 500 g,0.5,kg,1545,3090,,https://www.supermart.ng/products/chicken-tonight-country-french-sauce-500-g,ok
Mon Aug 17 2026 00:00:00 GMT+0100 (West Africa Time),2026-08-17T06:27:53+01:00,NG,LA,city_online,food,supermart,A,chicken_frozen,Chicken Tonight Creamy Mushroom Sauce 500 g,0.5,kg,6615,13230,,https://www.supermart.ng/products/chicken-tonight-creamy-mushroom-sauce-500-g,ok
Mon Aug 17 2026 00:00:00 GMT+0100 (West Africa Time),2026-08-17T06:27:53+01:00,NG,LA,city_online,food,supermart,A,chicken_frozen,Chicken Tonight Honey & Mustard Sauce 400 g,0.4,kg,1950,4875,,https://www.supermart.ng/products/chicken-tonight-honey-mustard-sauce-400-g,ok
Mon Aug 17 2026 00:00:00 GMT+0100 (West Africa Time),2026-08-17T06:27:53+01:00,NG,LA,city_online,food,supermart,A,chicken_frozen,Chicken Tonight Honey & Mustard Sauce 500 g,0.5,kg,1545,3090,,https://www.supermart.ng/products/chicken-tonight-honey-mustard-sauce-500-g,ok
Mon Aug 17 2026 00:00:00 GMT+0100 (West Africa Time),2026-08-17T06:27:53+01:00,NG,LA,city_online,food,supermart,A,chicken_frozen,Chicken Tonight Spanish Chicken,,,365,,,https://www.supermart.ng/products/chicken-tonight-spanish-chicken,ok_no_unit
Mon Aug 17 2026 00:00:00 GMT+0100 (West Africa Time),2026-08-17T06:27:53+01:00,NG,LA,city_online,food,supermart,A,chicken_frozen,Chicken Tonight Spanish Chicken Sauce 500 g,0.5,kg,6565,13130,,https://www.supermart.ng/products/chicken-tonight-spanish-chicken-sauce-500-g,ok
Mon Aug 17 2026 00:00:00 GMT+0100 (West Africa Time),2026-08-17T06:27:53+01:00,NG,LA,city_online,food,supermart,A,chicken_frozen,Chicken Wings - Hard ~10 kg - Frozen,10,kg,365,36.5,,https://www.supermart.ng/products/chicken-wings-hard-10-kg-frozen,ok
Mon Aug 17 2026 00:00:00 GMT+0100 (West Africa Time),2026-08-17T06:27:53+01:00,NG,LA,city_online,food,supermart,A,chicken_frozen,Chicken Wings - Hard ~2.5 kg - Frozen,2.5,kg,365,146,,https://www.supermart.ng/products/chicken-wings-hard-25-kg-frozen,ok
Mon Aug 17 2026 00:00:00 GMT+0100 (West Africa Time),2026-08-17T06:27:53+01:00,NG,LA,city_online,food,supermart,A,chicken_frozen,Chicken Wings - Hard ~5 kg - Frozen,5,kg,365,73,,https://www.supermart.ng/products/chicken-wings-hard-5-kg-frozen,ok
Mon Aug 17 2026 00:00:00 GMT+0100 (West Africa Time),2026-08-17T06:27:53+01:00,NG,LA,city_online,food,supermart,A,chicken_frozen,Chicken Wings - Soft ~1 kg - Frozen,1,kg,2790,2790,,https://www.supermart.ng/products/chicken-wings-soft-1-kg-frozen,ok
Mon Aug 17 2026 00:00:00 GMT+0100 (West Africa Time),2026-08-17T06:27:53+01:00,NG,LA,city_online,food,supermart,A,chicken_frozen,Chicken Wings - Soft ~10 kg - Frozen,10,kg,365,36.5,,https://www.supermart.ng/products/chicken-wings-soft-10-kg-frozen,ok
Mon Aug 17 2026 00:00:00 GMT+0100 (West Africa Time),2026-08-17T06:27:53+01:00,NG,LA,city_online,food,supermart,A,chicken_frozen,Chicken Wings - Soft ~2.5 kg - Frozen,2.5,kg,365,146,,https://www.supermart.ng/products/chicken-wings-soft-25-kg-frozen,ok
Mon Aug 17 2026 00:00:00 GMT+0100 (West Africa Time),2026-08-17T06:27:53+01:00,NG,LA,city_online,food,supermart,A,chicken_frozen,Chicken Wings - Soft ~5 kg - Frozen,5,kg,365,73,,https://www.supermart.ng/products/chicken-wings-soft-5-kg-frozen,ok
Mon Aug 17 2026 00:00:00 GMT+0100 (West Africa Time),2026-08-17T06:27:53+01:00,NG,LA,city_online,food,supermart,A,chicken_frozen,Chicken Wings Marinades,,,2030,,,https://www.supermart.ng/products/chicken-wings-marinades,ok_no_unit
Mon Aug 17 2026 00:00:00 GMT+0100 (West Africa Time),2026-08-17T06:27:53+01:00,NG,LA,city_online,food,supermart,A,chicken_frozen,Chicken Wings ~1 kg - Frozen,1,kg,8250,8250,,https://www.supermart.ng/products/chicken-wings-1-kg-frozen,ok
Mon Aug 17 2026 00:00:00 GMT+0100 (West Africa Time),2026-08-17T06:27:53+01:00,NG,LA,city_online,food,supermart,A,chicken_frozen,Chicken Wings ~480 g,0.48,kg,975,2031.25,,https://www.supermart.ng/products/chicken-wings-480-g,ok
Mon Aug 17 2026 00:00:00 GMT+0100 (West Africa Time),2026-08-17T06:27:53+01:00,NG,LA,city_online,food,supermart,A,chicken_frozen,Chicki Chunk Chicken In Brine 160 g,0.16,kg,675,4218.75,,https://www.supermart.ng/products/chicki-chunk-chicken-in-brine-160-g,ok
Mon Aug 17 2026 00:00:00 GMT+0100 (West Africa Time),2026-08-17T06:27:53+01:00,NG,LA,city_online,food,supermart,A,chicken_frozen,Chicki Chunk Chicken In Italian Salad 160 g,0.16,kg,675,4218.75,,https://www.supermart.ng/products/chicki-chunk-chicken-in-italian-salad-160-g,ok
Mon Aug 17 2026 00:00:00 GMT+0100 (West Africa Time),2026-08-17T06:27:53+01:00,NG,LA,city_online,food,supermart,A,chicken_frozen,Chicki Chunk Chicken In Mayonnaise 160 g,0.16,kg,675,4218.75,,https://www.supermart.ng/products/chicki-chunk-chicken-in-mayonnaise-160-g,ok
Mon Aug 17 2026 00:00:00 GMT+0100 (West Africa Time),2026-08-17T06:27:53+01:00,NG,LA,city_online,food,supermart,A,chicken_frozen,Chicki Chunk Chicken In Tomato & Onion 160 g,0.16,kg,675,4218.75,,https://www.supermart.ng/products/chicki-chunk-chicken-in-tomato-onion-160-g,ok
Mon Aug 17 2026 00:00:00 GMT+0100 (West Africa Time),2026-08-17T06:27:53+01:00,NG,LA,city_online,food,supermart,A,chicken_frozen,Chicki Chunk Chicken Shawarma 160 g,0.16,kg,675,4218.75,,https://www.supermart.ng/products/chicki-chunk-chicken-shawarma-160-g,ok
Mon Aug 17 2026 00:00:00 GMT+0100 (West Africa Time),2026-08-17T06:27:53+01:00,NG,LA,city_online,food,supermart,A,chicken_frozen,Chicki Chunk Chicken Tikka 160 g,0.16,kg,675,4218.75,,https://www.supermart.ng/products/chicki-chunk-chicken-tikka-160-g,ok
Mon Aug 17 2026 00:00:00 GMT+0100 (West Africa Time),2026-08-17T06:27:53+01:00,NG,LA,city_online,food,supermart,A,chicken_frozen,Chicki Chunk Chicken With Hot Chili 160 g,0.16,kg,675,4218.75,,https://www.supermart.ng/products/chicki-chunk-chicken-with-hot-chili-160-g,ok
Mon Aug 17 2026 00:00:00 GMT+0100 (West Africa Time),2026-08-17T06:27:53+01:00,NG,LA,city_online,food,supermart,A,noodles,Chikki Chicken Flavour Instant Noodles 100 g x40,100g x40,kg,365,,,https://www.supermart.ng/products/chikki-chicken-flavour-instant-noodles-100-g-x40,ok_no_unit
Mon Aug 17 2026 00:00:00 GMT+0100 (West Africa Time),2026-08-17T06:27:53+01:00,NG,LA,city_online,food,supermart,A,noodles,Chikki Instant Noodles Chicken 100 g x2,100g x2,kg,190,,,https://www.supermart.ng/products/chikki-instant-noodles-chicken-100-g-x2,ok_no_unit
Mon Aug 17 2026 00:00:00 GMT+0100 (West Africa Time),2026-08-17T06:27:53+01:00,NG,LA,city_online,food,supermart,A,noodles,Chikki Instant Noodles Chicken 70 g x2,70g x2,kg,130,,,https://www.supermart.ng/products/chikki-instant-noodles-chicken-70-g-x2,ok_no_unit
Mon Aug 17 2026 00:00:00 GMT+0100 (West Africa Time),2026-08-17T06:27:53+01:00,NG,LA,city_online,food,supermart,A,spaghetti,Chin Chin (Macaroni),,,650,,,https://www.supermart.ng/products/chin-chin-macaroni,ok_no_unit
Mon Aug 17 2026 00:00:00 GMT+0100 (West Africa Time),2026-08-17T06:27:53+01:00,NG,LA,city_online,food,supermart,A,chicken_frozen,Ching's Secret Chicken 65 Masala 20 g,0.02,kg,4150,207500,,https://www.supermart.ng/products/chings-secret-chicken-65-masala-20-g,ok
Mon Aug 17 2026 00:00:00 GMT+0100 (West Africa Time),2026-08-17T06:27:53+01:00,NG,LA,city_online,food,supermart,A,chicken_frozen,Ching's Secret Chicken Chilli Masala 20 g,0.02,kg,360,18000,,https://www.supermart.ng/products/chings-secret-chicken-chilli-masala-20-g,ok
Mon Aug 17 2026 00:00:00 GMT+0100 (West Africa Time),2026-08-17T06:27:53+01:00,NG,LA,city_online,food,supermart,A,rice,Ching's Secret Schezwan Fried Rice 60 g,0.06,kg,380,6333.33,,https://www.supermart.ng/products/chings-secret-schezwan-fried-rice-60-g,ok
Mon Aug 17 2026 00:00:00 GMT+0100 (West Africa Time),2026-08-17T06:27:53+01:00,NG,LA,city_online,food,supermart,A,rice,Ching's Secret Schezwan Fried Rice Masala 20 g,0.02,kg,420,21000,,https://www.supermart.ng/products/chings-secret-schezwan-fried-rice-masala-20-g,ok
Mon Aug 17 2026 00:00:00 GMT+0100 (West Africa Time),2026-08-17T06:27:53+01:00,NG,LA,city_online,food,supermart,A,cereal,Chipees Corn Flakes 350 g,0.35,kg,365,1042.86,,https://www.supermart.ng/products/chipees-corn-flakes-350-g,ok
Mon Aug 17 2026 00:00:00 GMT+0100 (West Africa Time),2026-08-17T06:27:53+01:00,NG,LA,city_online,food,supermart,A,beverage_choc,Chocomilo Energy Cubes 275 g x100,27.5,kg,4435,161.27,,https://www.supermart.ng/products/chocomilo-energy-cubes-275-g-x100,ok
Mon Aug 17 2026 00:00:00 GMT+0100 (West Africa Time),2026-08-17T06:27:53+01:00,NG,LA,city_online,food,supermart,A,beans_brown,Chtoura Garden Beans In Brine 850 g,0.85,kg,4115,4841.18,,https://www.supermart.ng/products/chtoura-garden-beans-in-brine-850-g,ok
Mon Aug 17 2026 00:00:00 GMT+0100 (West Africa Time),2026-08-17T06:27:53+01:00,NG,LA,city_online,food,supermart,A,beans_brown,Chtoura Garden Foul Medammas Fava Beans & Chick Peas 400 g,0.4,kg,690,1725,,https://www.supermart.ng/products/chtoura-garden-foul-medammas-fava-beans-chick-peas-400-g,ok
Mon Aug 17 2026 00:00:00 GMT+0100 (West Africa Time),2026-08-17T06:27:53+01:00,NG,LA,city_online,food,supermart,A,beans_brown,Chtoura Garden Foul Medammas Fava Beans In Brine 400 g,0.4,kg,2650,6625,,https://www.supermart.ng/products/chtoura-garden-foul-medammas-fava-beans-in-brine-400-g,ok
Mon Aug 17 2026 00:00:00 GMT+0100 (West Africa Time),2026-08-17T06:27:53+01:00,NG,LA,city_online,food,supermart,A,salt,Cif Infinite Clean All In One Sensitive Lotus & Mineral Salts Reload 280 ml,280ml,l,16685,,,https://www.supermart.ng/products/cif-infinite-clean-all-in-one-sensitive-lotus-mineral-salts-reload-280-ml,ok_no_unit
Mon Aug 17 2026 00:00:00 GMT+0100 (West Africa Time),2026-08-17T06:27:53+01:00,NG,LA,city_online,food,supermart,A,salt,Cif Infinite Clean All In One Sensitive Lotus & Mineral Salts Spray 280 ml,280ml,l,19480,,,https://www.supermart.ng/products/cif-infinite-clean-all-in-one-sensitive-lotus-mineral-salts-spray-280-ml,ok_no_unit
Mon Aug 17 2026 00:00:00 GMT+0100 (West Africa Time),2026-08-17T06:27:53+01:00,NG,LA,city_online,food,supermart,A,tomato_fresh,Cirio Chopped Tomatoes 4 x 400 g,160,kg,44290,276.81,,https://www.supermart.ng/products/cirio-chopped-tomatoes-4-x-400-g,ok
Mon Aug 17 2026 00:00:00 GMT+0100 (West Africa Time),2026-08-17T06:27:53+01:00,NG,LA,city_online,food,supermart,A,tomato_fresh,Cirio Chopped Tomatoes 400 g,0.4,kg,365,912.5,,https://www.supermart.ng/products/cirio-chopped-tomatoes-400-g,ok
Mon Aug 17 2026 00:00:00 GMT+0100 (West Africa Time),2026-08-17T06:27:53+01:00,NG,LA,city_online,food,supermart,A,beans_brown,CJH Black Eye Beans 500 g,0.5,kg,930,1860,,https://www.supermart.ng/products/cjh-black-eye-beans-500-g,ok
Mon Aug 17 2026 00:00:00 GMT+0100 (West Africa Time),2026-08-17T06:27:53+01:00,NG,LA,city_online,food,supermart,A,bread,Classic Bread Mini,1,piece,240,240,,https://www.supermart.ng/products/classic-bread-mini,ok
Mon Aug 17 2026 00:00:00 GMT+0100 (West Africa Time),2026-08-17T06:27:53+01:00,NG,LA,city_online,food,supermart,A,soap_bar,Clean & Clear Blackhead Clearing Bar Soap 75 g,75g,kg,750,,,https://www.supermart.ng/products/clean-clear-blackhead-clearing-bar-soap-75-g,ok_no_unit
Mon Aug 17 2026 00:00:00 GMT+0100 (West Africa Time),2026-08-17T06:27:53+01:00,NG,LA,city_online,food,supermart,A,detergent,Clean Soft Automatic Liquid Laundry Detergent 1 L,1l,l,4935,,,https://www.supermart.ng/products/clean-soft-automatic-liquid-laundry-detergent-1-l,ok_no_unit
Mon Aug 17 2026 00:00:00 GMT+0100 (West Africa Time),2026-08-17T06:27:53+01:00,NG,LA,city_online,food,supermart,A,onions,Clepet Onion Cracker 100 g,0.1,kg,1215,12150,,https://www.supermart.ng/products/clepet-onion-cracker-100-g,ok
Mon Aug 17 2026 00:00:00 GMT+0100 (West Africa Time),2026-08-17T06:27:53+01:00,NG,LA,city_online,food,supermart,A,tea,Clipper Classic Everyday Tea Bags 80 Pack 232 g,232g x80,kg,19345,,,https://www.supermart.ng/products/clipper-classic-everyday-tea-bags-80-pack-232-g,ok_no_unit
Mon Aug 17 2026 00:00:00 GMT+0100 (West Africa Time),2026-08-17T06:27:53+01:00,NG,LA,city_online,food,supermart,A,tea,Clipper Organic Everyday 160 Tea Bags 464 g,464g,kg,27875,,,https://www.supermart.ng/products/clipper-organic-everyday-160-tea-bags-464-g,ok_no_unit
Mon Aug 17 2026 00:00:00 GMT+0100 (West Africa Time),2026-08-17T06:27:53+01:00,NG,LA,city_online,food,supermart,A,tea,Clipper Organic Everyday Tea Bags 80 Pack 232 g,232g x80,kg,19345,,,https://www.supermart.ng/products/clipper-organic-everyday-tea-bags-80-pack-232-g,ok_no_unit
Mon Aug 17 2026 00:00:00 GMT+0100 (West Africa Time),2026-08-17T06:27:53+01:00,NG,LA,city_online,food,supermart,A,tea,Clipper Organic Lemon Green 80 Tea Bags 160 g,160g,kg,17400,,,https://www.supermart.ng/products/clipper-organic-lemon-green-80-tea-bags-160-g,ok_no_unit
Mon Aug 17 2026 00:00:00 GMT+0100 (West Africa Time),2026-08-17T06:27:53+01:00,NG,LA,city_online,food,supermart,A,tea,Clipper Sleep Time Chamomile Lemon & Lavender Organic Tea Bags 30 g,30g,kg,13475,,,https://www.supermart.ng/products/clipper-sleep-time-chamomile-lemon-lavender-organic-tea-bags-30-g,ok_no_unit
Mon Aug 17 2026 00:00:00 GMT+0100 (West Africa Time),2026-08-17T06:27:53+01:00,NG,LA,city_online,food,supermart,A,soft_drink,Cloralen 3 in 1 Power Floral Fantasy 950 ml,0.95,l,640,673.68,,https://www.supermart.ng/products/cloralen-3-in-1-power-floral-fantasy-950-ml,ok
Mon Aug 17 2026 00:00:00 GMT+0100 (West Africa Time),2026-08-17T06:27:53+01:00,NG,LA,city_online,food,supermart,A,rice,Co Op Multi-Grain Rice Cakes With Spelt Oats & Quinoa 115 g,0.115,kg,365,3173.91,,https://www.supermart.ng/products/co-op-multi-grain-rice-cakes-with-spelt-oats-quinoa-115-g,ok
Mon Aug 17 2026 00:00:00 GMT+0100 (West Africa Time),2026-08-17T06:27:53+01:00,NG,LA,city_online,food,supermart,A,rice,Co Op Salt & Vinegar Rice & Corn Cakes 115 g,0.115,kg,365,3173.91,,https://www.supermart.ng/products/co-op-salt-vinegar-rice-corn-cakes-115-g,ok
Mon Aug 17 2026 00:00:00 GMT+0100 (West Africa Time),2026-08-17T06:27:53+01:00,NG,LA,city_online,food,supermart,A,sugar,Co-Op Glace Cherries In Sugar Syrup 200 g,0.2,kg,2000,10000,,https://www.supermart.ng/products/co-op-glace-cherries-in-sugar-syrup-200-g,ok
Mon Aug 17 2026 00:00:00 GMT+0100 (West Africa Time),2026-08-17T06:27:53+01:00,NG,LA,city_online,food,supermart,A,milk_evap,Coast Full Cream Evaporated Milk 170 g x6,170g x6,kg,1110,,,https://www.supermart.ng/products/coast-full-cream-evaporated-milk-170-g-x6,ok_no_unit
Mon Aug 17 2026 00:00:00 GMT+0100 (West Africa Time),2026-08-17T06:27:53+01:00,NG,LA,city_online,food,supermart,A,milk_powder,Coast Full Cream Milk Powder Sachet 400 g,0.4,kg,990,2475,,https://www.supermart.ng/products/coast-full-cream-milk-powder-sachet-400-g,ok
Mon Aug 17 2026 00:00:00 GMT+0100 (West Africa Time),2026-08-17T06:27:53+01:00,NG,LA,city_online,food,supermart,A,sugar,Cobizco Italian Roast Choco Granule Cappuccino No Added Sugar 250 g,0.25,kg,8615,34460,,https://www.supermart.ng/products/cobizco-italian-roast-choco-granule-cappuccino-no-added-sugar-250-g,ok
Mon Aug 17 2026 00:00:00 GMT+0100 (West Africa Time),2026-08-17T06:27:53+01:00,NG,LA,city_online,food,supermart,A,soft_drink,Coca Cola Coke 1 L,1,l,770,770,,https://www.supermart.ng/products/coca-cola-coke-1-l,ok
Mon Aug 17 2026 00:00:00 GMT+0100 (West Africa Time),2026-08-17T06:27:53+01:00,NG,LA,city_online,food,supermart,A,soft_drink,Coca Cola Coke 1 L x12,12,l,2890,240.83,,https://www.supermart.ng/products/coca-cola-coke-1-l-x12,ok
Mon Aug 17 2026 00:00:00 GMT+0100 (West Africa Time),2026-08-17T06:27:53+01:00,NG,LA,city_online,food,supermart,A,soft_drink,Coca Cola Coke 150 cl,1.5,l,285,190,,https://www.supermart.ng/products/coca-cola-coke-150-cl,ok
Mon Aug 17 2026 00:00:00 GMT+0100 (West Africa Time),2026-08-17T06:27:53+01:00,NG,LA,city_online,food,supermart,A,soft_drink,Coca Cola Coke Can 33 cl,0.33,l,550,1666.67,,https://www.supermart.ng/products/coca-cola-coke-can-33-cl,ok
Mon Aug 17 2026 00:00:00 GMT+0100 (West Africa Time),2026-08-17T06:27:53+01:00,NG,LA,city_online,food,supermart,A,soft_drink,Coca Cola Coke Can 33 cl x24,7.92,l,12980,1638.89,,https://www.supermart.ng/products/coca-cola-coke-can-33-cl-x24,ok
Mon Aug 17 2026 00:00:00 GMT+0100 (West Africa Time),2026-08-17T06:27:53+01:00,NG,LA,city_online,food,supermart,A,soft_drink,Coca Cola Coke Can 33 cl x6,1.98,l,3240,1636.36,,https://www.supermart.ng/products/coca-cola-coke-can-33-cl-x6,ok
Mon Aug 17 2026 00:00:00 GMT+0100 (West Africa Time),2026-08-17T06:27:53+01:00,NG,LA,city_online,food,supermart,A,soft_drink,Coca Cola Coke Pet Bottle 35 cl,0.35,l,335,957.14,,https://www.supermart.ng/products/coca-cola-coke-pet-bottle-35-cl,ok
Mon Aug 17 2026 00:00:00 GMT+0100 (West Africa Time),2026-08-17T06:27:53+01:00,NG,LA,city_online,food,supermart,A,soft_drink,Coca Cola Coke Pet Bottle 35 cl x12,4.2,l,365,86.9,,https://www.supermart.ng/products/coca-cola-coke-pet-bottle-35-cl-x12,ok
Mon Aug 17 2026 00:00:00 GMT+0100 (West Africa Time),2026-08-17T06:27:53+01:00,NG,LA,city_online,food,supermart,A,soft_drink,Coca Cola Coke Pet Bottle 50 cl,0.5,l,490,980,,https://www.supermart.ng/products/coca-cola-coke-pet-bottle-50-cl,ok
Mon Aug 17 2026 00:00:00 GMT+0100 (West Africa Time),2026-08-17T06:27:53+01:00,NG,LA,city_online,food,supermart,A,soft_drink,Coca Cola Coke Pet Bottle 50 cl x12,6,l,5880,980,,https://www.supermart.ng/products/coca-cola-coke-pet-bottle-50-cl-x12,ok
Mon Aug 17 2026 00:00:00 GMT+0100 (West Africa Time),2026-08-17T06:27:53+01:00,NG,LA,city_online,food,supermart,A,sugar,Coca Cola Coke Wozzah Tropical Blaze Zero Sugar 60 cl,60cl,l,330,,,https://www.supermart.ng/products/coca-cola-coke-wozzah-tropical-blaze-zero-sugar-60-cl,ok_no_unit
Mon Aug 17 2026 00:00:00 GMT+0100 (West Africa Time),2026-08-17T06:27:53+01:00,NG,LA,city_online,food,supermart,A,soft_drink,Coca Cola Coke Zero Can 33 cl,0.33,l,565,1712.12,,https://www.supermart.ng/products/coca-cola-coke-zero-can-33-cl,ok
Mon Aug 17 2026 00:00:00 GMT+0100 (West Africa Time),2026-08-17T06:27:53+01:00,NG,LA,city_online,food,supermart,A,soft_drink,Coca Cola Coke Zero Can 33 cl x24,7.92,l,13585,1715.28,,https://www.supermart.ng/products/coca-cola-coke-zero-can-33-cl-x24,ok
Mon Aug 17 2026 00:00:00 GMT+0100 (West Africa Time),2026-08-17T06:27:53+01:00,NG,LA,city_online,food,supermart,A,soft_drink,Coca Cola Coke Zero Can 33 cl x6,1.98,l,3390,1712.12,,https://www.supermart.ng/products/coca-cola-coke-zero-can-33-cl-x6,ok
Mon Aug 17 2026 00:00:00 GMT+0100 (West Africa Time),2026-08-17T06:27:53+01:00,NG,LA,city_online,food,supermart,A,soft_drink,Coca Cola Coke Zero Pet Bottle 1 L,1,l,365,365,,https://www.supermart.ng/products/coca-cola-coke-zero-pet-bottle-1-l,ok
Mon Aug 17 2026 00:00:00 GMT+0100 (West Africa Time),2026-08-17T06:27:53+01:00,NG,LA,city_online,food,supermart,A,soft_drink,Coca Cola Coke Zero Pet Bottle 35 cl,0.35,l,300,857.14,,https://www.supermart.ng/products/coca-cola-coke-zero-pet-bottle-35-cl,ok
Mon Aug 17 2026 00:00:00 GMT+0100 (West Africa Time),2026-08-17T06:27:53+01:00,NG,LA,city_online,food,supermart,A,soft_drink,Coca Cola Coke Zero Pet Bottle 35 cl x12,4.2,l,4320,1028.57,,https://www.supermart.ng/products/coca-cola-coke-zero-pet-bottle-35-cl-x12,ok
Mon Aug 17 2026 00:00:00 GMT+0100 (West Africa Time),2026-08-17T06:27:53+01:00,NG,LA,city_online,food,supermart,A,soft_drink,Coca Cola Coke Zero Pet Bottle 60 cl,0.6,l,335,558.33,,https://www.supermart.ng/products/coca-cola-coke-zero-pet-bottle-60-cl,ok
Mon Aug 17 2026 00:00:00 GMT+0100 (West Africa Time),2026-08-17T06:27:53+01:00,NG,LA,city_online,food,supermart,A,soft_drink,Coca Cola Coke Zero Pet Bottle 60 cl x12,7.2,l,4020,558.33,,https://www.supermart.ng/products/coca-cola-coke-zero-pet-bottle-60-cl-x12,ok
Mon Aug 17 2026 00:00:00 GMT+0100 (West Africa Time),2026-08-17T06:27:53+01:00,NG,LA,city_online,food,supermart,A,soft_drink,Coca Cola Diet Coke Caffeine-Free 50 cl,0.5,l,1200,2400,,https://www.supermart.ng/products/coca-cola-diet-coke-caffeine-free-50-cl,ok
Mon Aug 17 2026 00:00:00 GMT+0100 (West Africa Time),2026-08-17T06:27:53+01:00,NG,LA,city_online,food,supermart,A,bread,Coconut Bread,1,piece,2400,2400,,https://www.supermart.ng/products/coconut-bread,ok
Mon Aug 17 2026 00:00:00 GMT+0100 (West Africa Time),2026-08-17T06:27:53+01:00,NG,LA,city_online,food,supermart,A,onions,Cofresh Potato Grills Cheese & Onion 80 g,0.08,kg,420,5250,,https://www.supermart.ng/products/cofresh-potato-grills-cheese-onion-80-g,ok
Mon Aug 17 2026 00:00:00 GMT+0100 (West Africa Time),2026-08-17T06:27:53+01:00,NG,LA,city_online,food,supermart,A,sugar,Colgate Maximum Cavity Protection Sugar Acid Neutraliser 100 ml,100ml,l,2540,,,https://www.supermart.ng/products/colgate-maximum-cavity-protection-sugar-acid-neutraliser-100-ml,ok_no_unit
Mon Aug 17 2026 00:00:00 GMT+0100 (West Africa Time),2026-08-17T06:27:53+01:00,NG,LA,city_online,food,supermart,A,chicken_frozen,Colman's Chicken Casserole Recipe Mix 40 g,1.6,kg,6945,4340.63,,https://www.supermart.ng/products/colmans-chicken-casserole-recipe-mix-40-g,ok
Mon Aug 17 2026 00:00:00 GMT+0100 (West Africa Time),2026-08-17T06:27:53+01:00,NG,LA,city_online,food,supermart,A,chicken_frozen,Colman's Season & Shake Garlic & Herb Roast Chicken 32 g,0.032,kg,1690,52812.5,,https://www.supermart.ng/products/colmans-season-shake-garlic-herb-roast-chicken-32-g,ok
Mon Aug 17 2026 00:00:00 GMT+0100 (West Africa Time),2026-08-17T06:27:53+01:00,NG,LA,city_online,food,supermart,A,chicken_frozen,Colman's Season & Shake Mediterranean Chicken 33 g,0.033,kg,1065,32272.73,,https://www.supermart.ng/products/colmans-season-shake-mediterranean-chicken-33-g,ok
Mon Aug 17 2026 00:00:00 GMT+0100 (West Africa Time),2026-08-17T06:27:53+01:00,NG,LA,city_online,food,supermart,A,chicken_frozen,Colman's Season & Shake Rustic Chicken 33 g,0.033,kg,1065,32272.73,,https://www.supermart.ng/products/colmans-season-shake-rustic-chicken-33-g,ok
Mon Aug 17 2026 00:00:00 GMT+0100 (West Africa Time),2026-08-17T06:27:53+01:00,NG,LA,city_online,food,supermart,A,spaghetti,Colman's Spaghetti Bolognese Mix 44 g,1.936,kg,880,454.55,,https://www.supermart.ng/products/colmans-spaghetti-bolognese-mix-44-g,ok
Mon Aug 17 2026 00:00:00 GMT+0100 (West Africa Time),2026-08-17T06:27:53+01:00,NG,LA,city_online,food,supermart,A,chicken_frozen,Colman's Weekend Wonders Chicken Kebab Recipe Mix 30 g,0.9,kg,6770,7522.22,,https://www.supermart.ng/products/colmans-weekend-wonders-chicken-kebab-recipe-mix-30-g,ok
Mon Aug 17 2026 00:00:00 GMT+0100 (West Africa Time),2026-08-17T06:27:53+01:00,NG,LA,city_online,food,supermart,A,chicken_frozen,Colman's Weekend Wonders Salt & Pepper Chicken Recipe Mix 23 g,0.529,kg,6650,12570.89,,https://www.supermart.ng/products/colmans-weekend-wonders-salt-pepper-chicken-recipe-mix-23-g,ok
Mon Aug 17 2026 00:00:00 GMT+0100 (West Africa Time),2026-08-17T06:27:53+01:00,NG,LA,city_online,food,supermart,A,salt,Colombina Crakenas Salt Cracker 300 g,0.3,kg,1155,3850,,https://www.supermart.ng/products/colombina-crakenas-salt-cracker-300-g,ok
Mon Aug 17 2026 00:00:00 GMT+0100 (West Africa Time),2026-08-17T06:27:53+01:00,NG,LA,city_online,food,supermart,A,sanitary_pad,Comfit Sanitary Pads x10,10,piece,860,86,,https://www.supermart.ng/products/comfit-sanitary-pads-x10,ok
Mon Aug 17 2026 00:00:00 GMT+0100 (West Africa Time),2026-08-17T06:27:53+01:00,NG,LA,city_online,food,supermart,A,salt,Comptons Gravy Salt 128 g,0.128,kg,7350,57421.88,,https://www.supermart.ng/products/comptons-gravy-salt-128-g,ok
Mon Aug 17 2026 00:00:00 GMT+0100 (West Africa Time),2026-08-17T06:27:53+01:00,NG,LA,city_online,food,supermart,A,beans_brown,Conserva Chtoura Fava Beans In Brine 400 g,0.4,kg,2575,6437.5,,https://www.supermart.ng/products/conserva-chtoura-fava-beans-in-brine-400-g,ok
Mon Aug 17 2026 00:00:00 GMT+0100 (West Africa Time),2026-08-17T06:27:53+01:00,NG,LA,city_online,food,supermart,A,beans_brown,Conserves Chtaura Fava Beans & Chick Peas In Brine 435 g,0.435,kg,570,1310.34,,https://www.supermart.ng/products/conserves-chtaura-fava-beans-chick-peas-in-brine-435-g,ok
Mon Aug 17 2026 00:00:00 GMT+0100 (West Africa Time),2026-08-17T06:27:53+01:00,NG,LA,city_online,food,supermart,A,veg_oil,Cooks & Co Sun-Dried Tomatoes In Sunflower Oil 280 g,280g,kg,8870,,,https://www.supermart.ng/products/cooks-co-sun-dried-tomatoes-in-sunflower-oil-280-g,ok_no_unit
Mon Aug 17 2026 00:00:00 GMT+0100 (West Africa Time),2026-08-17T06:27:53+01:00,NG,LA,city_online,food,supermart,A,detergent,Cormart Renew Washing Machine Detergent 2 kg,2,kg,3520,1760,,https://www.supermart.ng/products/cormart-renew-washing-machine-detergent-2-kg,ok
Mon Aug 17 2026 00:00:00 GMT+0100 (West Africa Time),2026-08-17T06:27:53+01:00,NG,LA,city_online,food,supermart,A,detergent,Cormart Renew Washing Machine Detergent 4 kg,4,kg,6520,1630,,https://www.supermart.ng/products/cormart-renew-washing-machine-detergent-4-kg,ok
Mon Aug 17 2026 00:00:00 GMT+0100 (West Africa Time),2026-08-17T06:27:53+01:00,NG,LA,city_online,food,supermart,A,salt,Cornish Sea Salt 225 g,0.225,kg,13640,60622.22,,https://www.supermart.ng/products/cornish-sea-salt-225-g,ok
Mon Aug 17 2026 00:00:00 GMT+0100 (West Africa Time),2026-08-17T06:27:53+01:00,NG,LA,city_online,food,supermart,A,salt,Cornitos Nacho Crisps Himalayan Pink Salt Quinoa 70 g,0.07,kg,1980,28285.71,,https://www.supermart.ng/products/cornitos-nacho-crisps-himalayan-pink-salt-quinoa-70-g,ok
Mon Aug 17 2026 00:00:00 GMT+0100 (West Africa Time),2026-08-17T06:27:53+01:00,NG,LA,city_online,food,supermart,A,bread,Cory Pao Dimel Honey Bread Cake Brigadeiro 110 g,110g,kg,375,,,https://www.supermart.ng/products/cory-pao-dimel-honey-bread-cake-brigadeiro-110-g,ok_no_unit
Mon Aug 17 2026 00:00:00 GMT+0100 (West Africa Time),2026-08-17T06:27:53+01:00,NG,LA,city_online,food,supermart,A,bread,Cory Pao Dimel Honey Bread Cake Chocolate 110 g,110g,kg,375,,,https://www.supermart.ng/products/cory-pao-dimel-honey-bread-cake-chocolate-110-g,ok_no_unit
Mon Aug 17 2026 00:00:00 GMT+0100 (West Africa Time),2026-08-17T06:27:53+01:00,NG,LA,city_online,food,supermart,A,salt,Costa Coarse Sea Salt 750 g,0.75,kg,1065,1420,,https://www.supermart.ng/products/costa-coarse-sea-salt-750-g,ok
Mon Aug 17 2026 00:00:00 GMT+0100 (West Africa Time),2026-08-17T06:27:53+01:00,NG,LA,city_online,food,supermart,A,bread,Costa Coffee Gingerbread Latte 6 x 17 g,17g x17,kg,12345,,,https://www.supermart.ng/products/costa-coffee-gingerbread-latte-6-x-17-g,ok_no_unit
Mon Aug 17 2026 00:00:00 GMT+0100 (West Africa Time),2026-08-17T06:27:53+01:00,NG,LA,city_online,food,supermart,A,salt,Costa Fine Sea Salt 750 g,0.75,kg,1065,1420,,https://www.supermart.ng/products/costa-fine-sea-salt-750-g,ok
Mon Aug 17 2026 00:00:00 GMT+0100 (West Africa Time),2026-08-17T06:27:53+01:00,NG,LA,city_online,food,supermart,A,fish_frozen,Costa Mackerel In Tomato Sauce 155 g,0.155,kg,1235,7967.74,,https://www.supermart.ng/products/costa-mackerel-in-tomato-sauce-155-g,ok
Mon Aug 17 2026 00:00:00 GMT+0100 (West Africa Time),2026-08-17T06:27:53+01:00,NG,LA,city_online,food,supermart,A,fish_frozen,Costa Sardines 125 g,0.125,kg,885,7080,,https://www.supermart.ng/products/costa-sardines-125-g,ok
Mon Aug 17 2026 00:00:00 GMT+0100 (West Africa Time),2026-08-17T06:27:53+01:00,NG,LA,city_online,food,supermart,A,fish_frozen,Costa Sardines 125 g x6,0.75,kg,5310,7080,,https://www.supermart.ng/products/costa-sardines-125-g-x6,ok
Mon Aug 17 2026 00:00:00 GMT+0100 (West Africa Time),2026-08-17T06:27:53+01:00,NG,LA,city_online,food,supermart,A,fish_frozen,Costa Sardines In Vegetable Oil 125 g x5,0.625,kg,1950,3120,,https://www.supermart.ng/products/costa-sardines-in-vegetable-oil-125-g-x5,ok
Mon Aug 17 2026 00:00:00 GMT+0100 (West Africa Time),2026-08-17T06:27:53+01:00,NG,LA,city_online,food,supermart,A,poundo_yam,Country Delight Amala Dun Yam Flour 1 kg,1,kg,2435,2435,,https://www.supermart.ng/products/country-delight-amala-dun-yam-flour-1-kg,ok
Mon Aug 17 2026 00:00:00 GMT+0100 (West Africa Time),2026-08-17T06:27:53+01:00,NG,LA,city_online,food,supermart,A,sugar,Covonia Cough Lozenges Strong Original Sugar-Free 30 g,0.03,kg,9360,312000,,https://www.supermart.ng/products/covonia-cough-lozenges-strong-original-sugar-free-30-g,ok
Mon Aug 17 2026 00:00:00 GMT+0100 (West Africa Time),2026-08-17T06:27:53+01:00,NG,LA,city_online,food,supermart,A,sugar,Covonia Dry Cough Sugar-Free 150 ml,150ml,l,20625,,,https://www.supermart.ng/products/covonia-dry-cough-sugar-free-150-ml,ok_no_unit
Mon Aug 17 2026 00:00:00 GMT+0100 (West Africa Time),2026-08-17T06:27:53+01:00,NG,LA,city_online,food,supermart,A,eggs,Cow & Gate Egg Custard Bottle 4-6 Months+ 125 g,125g,kg,610,,,https://www.supermart.ng/products/cow-gate-egg-custard-bottle-4-6-months-125-g,ok_no_unit
Mon Aug 17 2026 00:00:00 GMT+0100 (West Africa Time),2026-08-17T06:27:53+01:00,NG,LA,city_online,food,supermart,A,spaghetti,Cow & Gate My Favourite Spaghetti Bolognese 10 Months+ 200 g,0.2,kg,365,1825,,https://www.supermart.ng/products/cow-gate-my-favourite-spaghetti-bolognese-10-months-200-g,ok
Mon Aug 17 2026 00:00:00 GMT+0100 (West Africa Time),2026-08-17T06:27:53+01:00,NG,LA,city_online,food,supermart,A,chicken_frozen,Cow & Gate Orchard Chicken 4-6 Months+ 125 g,0.125,kg,365,2920,,https://www.supermart.ng/products/cow-gate-orchard-chicken-4-6-months-125-g,ok
Mon Aug 17 2026 00:00:00 GMT+0100 (West Africa Time),2026-08-17T06:27:53+01:00,NG,LA,city_online,food,supermart,A,rice,Cow & Gate Pure Baby Rice 4 Months+ 100 g,0.1,kg,2185,21850,,https://www.supermart.ng/products/cow-gate-pure-baby-rice-4-months-100-g,ok
Mon Aug 17 2026 00:00:00 GMT+0100 (West Africa Time),2026-08-17T06:27:53+01:00,NG,LA,city_online,food,supermart,A,rice,Cow & Gate Rice Pudding 6 Months+ 125 g,0.125,kg,610,4880,,https://www.supermart.ng/products/cow-gate-rice-pudding-6-months-125-g,ok
Mon Aug 17 2026 00:00:00 GMT+0100 (West Africa Time),2026-08-17T06:27:53+01:00,NG,LA,city_online,food,supermart,A,spaghetti,Cow & Gate Scrummy Spaghetti Bolognese 7 Months+ 200 g,0.2,kg,700,3500,,https://www.supermart.ng/products/cow-gate-scrummy-spaghetti-bolognese-7-months-200-g,ok
Mon Aug 17 2026 00:00:00 GMT+0100 (West Africa Time),2026-08-17T06:27:53+01:00,NG,LA,city_online,food,supermart,A,eggs,Cow & Gate Sunday Lunch With Veggies & Chicken 10 Months+ 230 g,230g,kg,1550,,,https://www.supermart.ng/products/cow-gate-sunday-lunch-with-veggies-chicken-10-months-230-g,ok_no_unit
Mon Aug 17 2026 00:00:00 GMT+0100 (West Africa Time),2026-08-17T06:27:53+01:00,NG,LA,city_online,food,supermart,A,chicken_frozen,Cow & Gate Yummy Harvest Chicken 7 Months+ 200 g,0.2,kg,700,3500,,https://www.supermart.ng/products/cow-gate-yummy-harvest-chicken-7-months-200-g,ok
Mon Aug 17 2026 00:00:00 GMT+0100 (West Africa Time),2026-08-17T06:27:53+01:00,NG,LA,city_online,food,supermart,A,milk_evap,Cowbell Filled Evaporated Milk Tin 160 g,160g,kg,695,,,https://www.supermart.ng/products/cowbell-filled-evaporated-milk-tin-160-g,ok_no_unit
Mon Aug 17 2026 00:00:00 GMT+0100 (West Africa Time),2026-08-17T06:27:53+01:00,NG,LA,city_online,food,supermart,A,milk_evap,Cowbell Filled Evaporated Milk Tin 160 g x4,160g x4,kg,820,,,https://www.supermart.ng/products/cowbell-filled-evaporated-milk-tin-160-g-x4,ok_no_unit
Mon Aug 17 2026 00:00:00 GMT+0100 (West Africa Time),2026-08-17T06:27:53+01:00,NG,LA,city_online,food,supermart,A,milk_evap,Cowbell Filled Evaporated Milk Tin 160 g x6,160g x6,kg,1110,,,https://www.supermart.ng/products/cowbell-filled-evaporated-milk-tin-160-g-x6,ok_no_unit
Mon Aug 17 2026 00:00:00 GMT+0100 (West Africa Time),2026-08-17T06:27:53+01:00,NG,LA,city_online,food,supermart,A,milk_powder,Cowbell Instant Filled Milk Powder 14 g x10,0.14,kg,365,2607.14,,https://www.supermart.ng/products/cowbell-instant-filled-milk-powder-14-g-x10,ok
Mon Aug 17 2026 00:00:00 GMT+0100 (West Africa Time),2026-08-17T06:27:53+01:00,NG,LA,city_online,food,supermart,A,milk_powder,Cowbell Instant Filled Milk Powder 320 g,0.32,kg,3480,10875,,https://www.supermart.ng/products/cowbell-instant-filled-milk-powder-320-g,ok
Mon Aug 17 2026 00:00:00 GMT+0100 (West Africa Time),2026-08-17T06:27:53+01:00,NG,LA,city_online,food,supermart,A,milk_powder,Cowbell Instant Filled Milk Powder 900 g,0.9,kg,1800,2000,,https://www.supermart.ng/products/cowbell-instant-filled-milk-powder-900-g,ok
Mon Aug 17 2026 00:00:00 GMT+0100 (West Africa Time),2026-08-17T06:27:53+01:00,NG,LA,city_online,food,supermart,A,milk_powder,Cowbell Instant Filled Milk Powder Coffee 14 g x11,0.154,kg,365,2370.13,,https://www.supermart.ng/products/cowbell-instant-filled-milk-powder-coffee-14-g-x11,ok
Mon Aug 17 2026 00:00:00 GMT+0100 (West Africa Time),2026-08-17T06:27:53+01:00,NG,LA,city_online,food,supermart,A,milk_powder,Cowbell Instant Filled Milk Powder Coffee Sachet 20 g,0.02,kg,195,9750,,https://www.supermart.ng/products/cowbell-instant-filled-milk-powder-coffee-sachet-20-g,ok
Mon Aug 17 2026 00:00:00 GMT+0100 (West Africa Time),2026-08-17T06:27:53+01:00,NG,LA,city_online,food,supermart,A,milk_powder,Cowbell Instant Filled Milk Powder Coffee Sachet 20 g x10,0.2,kg,2160,10800,,https://www.supermart.ng/products/cowbell-instant-filled-milk-powder-coffee-sachet-20-g-x10,ok
Mon Aug 17 2026 00:00:00 GMT+0100 (West Africa Time),2026-08-17T06:27:53+01:00,NG,LA,city_online,food,supermart,A,milk_powder,Cowbell Instant Filled Milk Powder Coffee Sachet 20 g x25,0.5,kg,365,730,,https://www.supermart.ng/products/cowbell-instant-filled-milk-powder-coffee-sachet-20-g-x25,ok
Mon Aug 17 2026 00:00:00 GMT+0100 (West Africa Time),2026-08-17T06:27:53+01:00,NG,LA,city_online,food,supermart,A,milk_powder,Cowbell Instant Filled Milk Powder Sachet 12 g,0.012,kg,145,12083.33,,https://www.supermart.ng/products/cowbell-instant-filled-milk-powder-sachet-12-g,ok
Mon Aug 17 2026 00:00:00 GMT+0100 (West Africa Time),2026-08-17T06:27:53+01:00,NG,LA,city_online,food,supermart,A,milk_powder,Cowbell Instant Filled Milk Powder Sachet 12 g x10,0.12,kg,1450,12083.33,,https://www.supermart.ng/products/cowbell-instant-filled-milk-powder-sachet-12-g-x10,ok
Mon Aug 17 2026 00:00:00 GMT+0100 (West Africa Time),2026-08-17T06:27:53+01:00,NG,LA,city_online,food,supermart,A,milk_powder,Cowbell Instant Filled Milk Powder Tin 400 g,0.4,kg,5650,14125,,https://www.supermart.ng/products/cowbell-instant-filled-milk-powder-tin-400-g,ok
Mon Aug 17 2026 00:00:00 GMT+0100 (West Africa Time),2026-08-17T06:27:53+01:00,NG,LA,city_online,food,supermart,A,milk_powder,Cowbell Instant Filled Milk Powder Tin 900 g,0.9,kg,2855,3172.22,,https://www.supermart.ng/products/cowbell-instant-filled-milk-powder-tin-900-g,ok
Mon Aug 17 2026 00:00:00 GMT+0100 (West Africa Time),2026-08-17T06:27:53+01:00,NG,LA,city_online,food,supermart,A,crayfish,Crayfish - Blended (Milk Cup),,,1490,,,https://www.supermart.ng/products/crayfish-blended-170-g,ok_no_unit
Mon Aug 17 2026 00:00:00 GMT+0100 (West Africa Time),2026-08-17T06:27:53+01:00,NG,LA,city_online,food,supermart,A,crayfish,Crayfish - Large (Paint Bucket),,,34500,,,https://www.supermart.ng/products/crayfish-large-4-l,ok_no_unit
Mon Aug 17 2026 00:00:00 GMT+0100 (West Africa Time),2026-08-17T06:27:53+01:00,NG,LA,city_online,food,supermart,A,crayfish,Crayfish - Medium (Paint Bucket),,,18700,,,https://www.supermart.ng/products/crayfish-medium-4-l,ok_no_unit
Mon Aug 17 2026 00:00:00 GMT+0100 (West Africa Time),2026-08-17T06:27:53+01:00,NG,LA,city_online,food,supermart,A,crayfish,Crayfish - Small (Paint Bucket),,,18900,,,https://www.supermart.ng/products/crayfish-small-4-l,ok_no_unit
Mon Aug 17 2026 00:00:00 GMT+0100 (West Africa Time),2026-08-17T06:27:53+01:00,NG,LA,city_online,food,supermart,A,crayfish,Crayfish - Whole (Milk Cup),,,1490,,,https://www.supermart.ng/products/crayfish-whole-170-g,ok_no_unit
Mon Aug 17 2026 00:00:00 GMT+0100 (West Africa Time),2026-08-17T06:27:53+01:00,NG,LA,city_online,food,supermart,A,crayfish,Crayfish - Whole (Paint Bucket),,,16500,,,https://www.supermart.ng/products/crayfish-whole-4-l,ok_no_unit
Mon Aug 17 2026 00:00:00 GMT+0100 (West Africa Time),2026-08-17T06:27:53+01:00,NG,LA,city_online,food,supermart,A,crayfish,Crayfish - Whole 2 kg,2,kg,365,182.5,,https://www.supermart.ng/products/crayfish-whole-2-kg,ok
Mon Aug 17 2026 00:00:00 GMT+0100 (West Africa Time),2026-08-17T06:27:53+01:00,NG,LA,city_online,food,supermart,A,beans_brown,Cream Of The Crop Broad Beans 907 g,0.907,kg,2855,3147.74,,https://www.supermart.ng/products/cream-of-the-crop-broad-beans-907-g,ok
Mon Aug 17 2026 00:00:00 GMT+0100 (West Africa Time),2026-08-17T06:27:53+01:00,NG,LA,city_online,food,supermart,A,beans_brown,Cream Of The Crop Fine Whole Beans 907 g,0.907,kg,2140,2359.43,,https://www.supermart.ng/products/cream-of-the-crop-fine-whole-beans-907-g,ok
Mon Aug 17 2026 00:00:00 GMT+0100 (West Africa Time),2026-08-17T06:27:53+01:00,NG,LA,city_online,food,supermart,A,bread,Creative Nature Banana Bread Mix 250 g,250g x250,kg,17565,,,https://www.supermart.ng/products/creative-nature-banana-bread-mix-250-g,ok_no_unit
Mon Aug 17 2026 00:00:00 GMT+0100 (West Africa Time),2026-08-17T06:27:53+01:00,NG,LA,city_online,food,supermart,A,fish_frozen,Croaker - Frozen ~10 kg,10,kg,365,36.5,,https://www.supermart.ng/products/croaker-frozen-10-kg,ok
Mon Aug 17 2026 00:00:00 GMT+0100 (West Africa Time),2026-08-17T06:27:53+01:00,NG,LA,city_online,food,supermart,A,fish_frozen,Croaker - Frozen ~2.5 kg,2.5,kg,365,146,,https://www.supermart.ng/products/croaker-frozen-25-kg,ok
Mon Aug 17 2026 00:00:00 GMT+0100 (West Africa Time),2026-08-17T06:27:53+01:00,NG,LA,city_online,food,supermart,A,fish_frozen,Croaker - Frozen ~5 kg,5,kg,365,73,,https://www.supermart.ng/products/croaker-frozen-5-kg,ok
Mon Aug 17 2026 00:00:00 GMT+0100 (West Africa Time),2026-08-17T06:27:53+01:00,NG,LA,city_online,food,supermart,A,fish_frozen,Croaker Fillet (Krystle) ~1 kg,1,kg,2900,2900,,https://www.supermart.ng/products/croaker-fillet-krystle-1-kg,ok
Mon Aug 17 2026 00:00:00 GMT+0100 (West Africa Time),2026-08-17T06:27:53+01:00,NG,LA,city_online,food,supermart,A,fish_frozen,Croaker Fish - Fresh - Cut Up ~1 kg,1,kg,365,365,,https://www.supermart.ng/products/croaker-fish-fresh-cut-up-1-kg,ok
Mon Aug 17 2026 00:00:00 GMT+0100 (West Africa Time),2026-08-17T06:27:53+01:00,NG,LA,city_online,food,supermart,A,fish_frozen,Croaker Steaks ~1 kg,1,kg,7000,7000,,https://www.supermart.ng/products/croaker-steaks-500-g,ok
Mon Aug 17 2026 00:00:00 GMT+0100 (West Africa Time),2026-08-17T06:27:53+01:00,NG,LA,city_online,food,supermart,A,fish_frozen,Croaker x1 - Frozen,,,6000,,,https://www.supermart.ng/products/croaker-x1-frozen,ok_no_unit
Mon Aug 17 2026 00:00:00 GMT+0100 (West Africa Time),2026-08-17T06:27:53+01:00,NG,LA,city_online,food,supermart,A,chicken_frozen,Crosse & Blackwell Cream Of Roast Chicken Soup 400 g,0.4,kg,13875,34687.5,,https://www.supermart.ng/products/crosse-blackwell-cream-of-roast-chicken-soup-400-g,ok
Mon Aug 17 2026 00:00:00 GMT+0100 (West Africa Time),2026-08-17T06:27:53+01:00,NG,LA,city_online,food,supermart,A,chicken_frozen,Crosse & Blackwell Roast Chicken & Vegetable Soup 400 g,0.4,kg,13875,34687.5,,https://www.supermart.ng/products/crosse-blackwell-roast-chicken-vegetable-soup-400-g,ok
Mon Aug 17 2026 00:00:00 GMT+0100 (West Africa Time),2026-08-17T06:27:53+01:00,NG,LA,city_online,food,supermart,A,bread,Crosta & Mollica Torinesi Breadsticks 120 g,120g,kg,10005,,,https://www.supermart.ng/products/crosta-mollica-torinesi-breadsticks-120-g,ok_no_unit
Mon Aug 17 2026 00:00:00 GMT+0100 (West Africa Time),2026-08-17T06:27:53+01:00,NG,LA,city_online,food,supermart,A,spaghetti,Crown Premium Slim Spaghetti 500 g,0.5,kg,1130,2260,,https://www.supermart.ng/products/crown-premium-slim-spaghetti-500-g,ok
Mon Aug 17 2026 00:00:00 GMT+0100 (West Africa Time),2026-08-17T06:27:53+01:00,NG,LA,city_online,food,supermart,A,spaghetti,Crown Spaghetti 500 g,0.5,kg,285,570,,https://www.supermart.ng/products/crown-spaghetti-500-g,ok
Mon Aug 17 2026 00:00:00 GMT+0100 (West Africa Time),2026-08-17T06:27:53+01:00,NG,LA,city_online,food,supermart,A,spaghetti,Crown Spaghetti 500 g x4,2,kg,1140,570,,https://www.supermart.ng/products/crown-spaghetti-500-g-x4,ok
Mon Aug 17 2026 00:00:00 GMT+0100 (West Africa Time),2026-08-17T06:27:53+01:00,NG,LA,city_online,food,supermart,A,spaghetti,Crown Twist Cavatto Macaroni 500 g x2,1,kg,570,570,,https://www.supermart.ng/products/crown-twist-cavatto-macaroni-500-g-x2,ok
Mon Aug 17 2026 00:00:00 GMT+0100 (West Africa Time),2026-08-17T06:27:53+01:00,NG,LA,city_online,food,supermart,A,cereal,Crownfield Corn Flakes 500 g,0.5,kg,2940,5880,,https://www.supermart.ng/products/crownfield-corn-flakes-500-g,ok
Mon Aug 17 2026 00:00:00 GMT+0100 (West Africa Time),2026-08-17T06:27:53+01:00,NG,LA,city_online,food,supermart,A,salt,Crunchos Potato Chips Salt 150 g,0.15,kg,2820,18800,,https://www.supermart.ng/products/crunchos-potato-chips-salt-150-g,ok
Mon Aug 17 2026 00:00:00 GMT+0100 (West Africa Time),2026-08-17T06:27:53+01:00,NG,LA,city_online,food,supermart,A,salt,Crunchos Potato Chips Salt 40 g,0.04,kg,770,19250,,https://www.supermart.ng/products/crunchos-potato-chips-salt-40-g,ok
Mon Aug 17 2026 00:00:00 GMT+0100 (West Africa Time),2026-08-17T06:27:53+01:00,NG,LA,city_online,food,supermart,A,veg_oil,Crystal Sunflower Oil 1.75 L,1.75,l,3165,1808.57,,https://www.supermart.ng/products/crystal-sunflower-oil-175-l,ok
Mon Aug 17 2026 00:00:00 GMT+0100 (West Africa Time),2026-08-17T06:27:53+01:00,NG,LA,city_online,food,supermart,A,salt,Crystale Dish Washer Salt 2 kg,2,kg,45075,22537.5,,https://www.supermart.ng/products/crystale-dish-washer-salt-2-kg,ok
Mon Aug 17 2026 00:00:00 GMT+0100 (West Africa Time),2026-08-17T06:27:53+01:00,NG,LA,city_online,food,supermart,A,bread,Cumin Bread/Maize,1,piece,350,350,,https://www.supermart.ng/products/cumin-breadmaize,ok
Mon Aug 17 2026 00:00:00 GMT+0100 (West Africa Time),2026-08-17T06:27:53+01:00,NG,LA,city_online,food,supermart,A,noodles,Cup Noodles Big Wok Style Soba Classic 113 g,113g,kg,12260,,,https://www.supermart.ng/products/cup-noodles-big-wok-style-soba-classic-113-g,ok_no_unit
Mon Aug 17 2026 00:00:00 GMT+0100 (West Africa Time),2026-08-17T06:27:53+01:00,NG,LA,city_online,food,supermart,A,soap_bar,Cuticura Medicated Bar Soap 100 g,100g,kg,500,,,https://www.supermart.ng/products/cuticura-medicated-bar-soap-100-g,ok_no_unit
Mon Aug 17 2026 00:00:00 GMT+0100 (West Africa Time),2026-08-17T06:27:53+01:00,NG,LA,city_online,food,supermart,A,water,CWAY Table Water 150 cl x6,9,l,2100,233.33,,https://www.supermart.ng/products/cway-table-water-150-cl-x6,ok
Mon Aug 17 2026 00:00:00 GMT+0100 (West Africa Time),2026-08-17T06:27:53+01:00,NG,LA,city_online,food,supermart,A,water,CWAY Table Water 75 cl,0.75,l,190,253.33,,https://www.supermart.ng/products/cway-table-water-75-cl,ok
Mon Aug 17 2026 00:00:00 GMT+0100 (West Africa Time),2026-08-17T06:27:53+01:00,NG,LA,city_online,food,supermart,A,water,CWAY Table Water 75 cl x12,9,l,2350,261.11,,https://www.supermart.ng/products/cway-table-water-75-cl-x12,ok
Mon Aug 17 2026 00:00:00 GMT+0100 (West Africa Time),2026-08-17T06:27:53+01:00,NG,LA,city_online,food,supermart,A,soap_bar,Cyclax Cocoa Butter Moisturising Cream Bar Soap 90 g,90g,kg,1250,,,https://www.supermart.ng/products/cyclax-cocoa-butter-moisturising-cream-bar-soap-90-g,ok_no_unit
Mon Aug 17 2026 00:00:00 GMT+0100 (West Africa Time),2026-08-17T06:27:53+01:00,NG,LA,city_online,food,supermart,A,rice,Cypressa Stuffed Vine Leaves With Rice & Herbs 280 g,0.28,kg,14170,50607.14,,https://www.supermart.ng/products/cypressa-stuffed-vine-leaves-with-rice-herbs-280-g,ok
Mon Aug 17 2026 00:00:00 GMT+0100 (West Africa Time),2026-08-17T06:27:53+01:00,NG,LA,city_online,food,supermart,A,beans_brown,Cypressa White Kidney Beans 500 g,0.5,kg,5390,10780,,https://www.supermart.ng/products/cypressa-white-kidney-beans-500-g,ok
Mon Aug 17 2026 00:00:00 GMT+0100 (West Africa Time),2026-08-17T06:27:53+01:00,NG,LA,city_online,food,supermart,A,rice,Daawat Brown Basmati Rice Jar 1 kg,1,kg,2090,2090,,https://www.supermart.ng/products/daawat-brown-basmati-rice-jar-1-kg,ok
Mon Aug 17 2026 00:00:00 GMT+0100 (West Africa Time),2026-08-17T06:27:53+01:00,NG,LA,city_online,food,supermart,A,rice,Daawat Rozana Basmati Rice 1 kg,1,kg,1340,1340,,https://www.supermart.ng/products/daawat-rozana-basmati-rice-1-kg,ok
Mon Aug 17 2026 00:00:00 GMT+0100 (West Africa Time),2026-08-17T06:27:53+01:00,NG,LA,city_online,food,supermart,A,rice,Daawat Rozana Basmati Rice 5 kg,5,kg,6215,1243,,https://www.supermart.ng/products/daawat-rozana-basmati-rice-5-kg,ok
Mon Aug 17 2026 00:00:00 GMT+0100 (West Africa Time),2026-08-17T06:27:53+01:00,NG,LA,city_online,food,supermart,A,salt,Daily Fresh Black Salt 100 g,0.1,kg,340,3400,,https://www.supermart.ng/products/daily-fresh-black-salt-100-g,ok
Mon Aug 17 2026 00:00:00 GMT+0100 (West Africa Time),2026-08-17T06:27:53+01:00,NG,LA,city_online,food,supermart,A,rice,Daily Fresh Powa Beaten Rice 1 kg,1,kg,960,960,,https://www.supermart.ng/products/daily-fresh-powa-beaten-rice-1-kg,ok
Mon Aug 17 2026 00:00:00 GMT+0100 (West Africa Time),2026-08-17T06:27:53+01:00,NG,LA,city_online,food,supermart,A,rice,Daily Fresh Powa Beaten Rice 500 g,0.5,kg,460,920,,https://www.supermart.ng/products/daily-fresh-powa-beaten-rice-500-g,ok
Mon Aug 17 2026 00:00:00 GMT+0100 (West Africa Time),2026-08-17T06:27:53+01:00,NG,LA,city_online,food,supermart,A,beans_brown,Daily Fresh White Beans 500 g,0.5,kg,1330,2660,,https://www.supermart.ng/products/daily-fresh-white-beans-500-g,ok
Mon Aug 17 2026 00:00:00 GMT+0100 (West Africa Time),2026-08-17T06:27:53+01:00,NG,LA,city_online,food,supermart,A,bread,Dairy Milk Winter Gingerbread Edition 120 g,120g,kg,1160,,,https://www.supermart.ng/products/dairy-milk-winter-gingerbread-edition-120-g,ok_no_unit
Mon Aug 17 2026 00:00:00 GMT+0100 (West Africa Time),2026-08-17T06:27:53+01:00,NG,LA,city_online,food,supermart,A,sugar,Daktarin Oral Gel Sugar-Free 15 g,0.015,kg,365,24333.33,,https://www.supermart.ng/products/daktarin-oral-gel-sugar-free-15-g,ok
Mon Aug 17 2026 00:00:00 GMT+0100 (West Africa Time),2026-08-17T06:27:53+01:00,NG,LA,city_online,food,supermart,A,chicken_frozen,Dambu Nama (Chicken Floss) 75 g,0.075,kg,1400,18666.67,,https://www.supermart.ng/products/dambu-nama-chicken-floss-75-g,ok
Mon Aug 17 2026 00:00:00 GMT+0100 (West Africa Time),2026-08-17T06:27:53+01:00,NG,LA,city_online,food,supermart,A,bread,Dangote Bread Flour 1.5 kg,1.5kg,kg,550,,,https://www.supermart.ng/products/dangote-bread-flour-15-kg,ok_no_unit
Mon Aug 17 2026 00:00:00 GMT+0100 (West Africa Time),2026-08-17T06:27:53+01:00,NG,LA,city_online,food,supermart,A,noodles,Dangote Instant Noodles Chicken 120 g,120g,kg,85,,,https://www.supermart.ng/products/dangote-instant-noodles-chicken-120-g,ok_no_unit
Mon Aug 17 2026 00:00:00 GMT+0100 (West Africa Time),2026-08-17T06:27:53+01:00,NG,LA,city_online,food,supermart,A,noodles,Dangote Instant Noodles Chicken 70 g,70g,kg,55,,,https://www.supermart.ng/products/dangote-instant-noodles-chicken-70-g,ok_no_unit
Mon Aug 17 2026 00:00:00 GMT+0100 (West Africa Time),2026-08-17T06:27:53+01:00,NG,LA,city_online,food,supermart,A,noodles,Dangote Instant Noodles Crayfish 120 g,120g,kg,75,,,https://www.supermart.ng/products/dangote-instant-noodles-crayfish-120-g,ok_no_unit
Mon Aug 17 2026 00:00:00 GMT+0100 (West Africa Time),2026-08-17T06:27:53+01:00,NG,LA,city_online,food,supermart,A,salt,Dangote Iodised Salt 1 kg,1,kg,575,575,,https://www.supermart.ng/products/dangote-iodised-salt-1-kg,ok
Mon Aug 17 2026 00:00:00 GMT+0100 (West Africa Time),2026-08-17T06:27:53+01:00,NG,LA,city_online,food,supermart,A,salt,Dangote Iodised Salt 250 g,0.25,kg,45,180,,https://www.supermart.ng/products/dangote-iodised-salt-250-g,ok
Mon Aug 17 2026 00:00:00 GMT+0100 (West Africa Time),2026-08-17T06:27:53+01:00,NG,LA,city_online,food,supermart,A,salt,Dangote Iodised Salt 250 g x2,0.5,kg,90,180,,https://www.supermart.ng/products/dangote-iodised-salt-250-g-x2,ok
Mon Aug 17 2026 00:00:00 GMT+0100 (West Africa Time),2026-08-17T06:27:53+01:00,NG,LA,city_online,food,supermart,A,salt,Dangote Iodised Salt 500 g,0.5,kg,265,530,,https://www.supermart.ng/products/dangote-iodised-salt-500-g,ok
Mon Aug 17 2026 00:00:00 GMT+0100 (West Africa Time),2026-08-17T06:27:53+01:00,NG,LA,city_online,food,supermart,A,spaghetti,Dangote Macaroni Elbow 500 g,0.5,kg,180,360,,https://www.supermart.ng/products/dangote-macaroni-elbow-500-g,ok
Mon Aug 17 2026 00:00:00 GMT+0100 (West Africa Time),2026-08-17T06:27:53+01:00,NG,LA,city_online,food,supermart,A,spaghetti,Dangote Pasta Spaghetti Plus Stew Mix Seasoning Powder 350 g,0.35,kg,200,571.43,,https://www.supermart.ng/products/dangote-pasta-spaghetti-plus-stew-mix-seasoning-powder-350-g,ok
Mon Aug 17 2026 00:00:00 GMT+0100 (West Africa Time),2026-08-17T06:27:53+01:00,NG,LA,city_online,food,supermart,A,spaghetti,Dangote Pasta Spaghetti Slim 500 g,0.5,kg,225,450,,https://www.supermart.ng/products/dangote-pasta-spaghetti-slim-500-g,ok
Mon Aug 17 2026 00:00:00 GMT+0100 (West Africa Time),2026-08-17T06:27:53+01:00,NG,LA,city_online,food,supermart,A,spaghetti,Dangote Pasta Spaghetti Slim 500 g x2,1,kg,225,225,,https://www.supermart.ng/products/dangote-pasta-spaghetti-slim-500-g-x2,ok
Mon Aug 17 2026 00:00:00 GMT+0100 (West Africa Time),2026-08-17T06:27:53+01:00,NG,LA,city_online,food,supermart,A,spaghetti,Dangote Pasta Twist Cavatto 500 g,0.5,kg,220,440,,https://www.supermart.ng/products/dangote-pasta-twist-cavatto-500-g,ok
Mon Aug 17 2026 00:00:00 GMT+0100 (West Africa Time),2026-08-17T06:27:53+01:00,NG,LA,city_online,food,supermart,A,spaghetti,Dangote Pasta Twist Cavatto 500 g x20,10,kg,365,36.5,,https://www.supermart.ng/products/dangote-pasta-twist-cavatto-500-g-x20,ok
Mon Aug 17 2026 00:00:00 GMT+0100 (West Africa Time),2026-08-17T06:27:53+01:00,NG,LA,city_online,food,supermart,A,sugar,Dangote Refined Granulated Sugar 1 kg,1,kg,3350,3350,,https://www.supermart.ng/products/dangote-refined-granulated-sugar-1-kg,ok
Mon Aug 17 2026 00:00:00 GMT+0100 (West Africa Time),2026-08-17T06:27:53+01:00,NG,LA,city_online,food,supermart,A,sugar,Dangote Refined Granulated Sugar 1 kg x12,12,kg,365,30.42,,https://www.supermart.ng/products/dangote-refined-granulated-sugar-1-kg-x12,ok
Mon Aug 17 2026 00:00:00 GMT+0100 (West Africa Time),2026-08-17T06:27:53+01:00,NG,LA,city_online,food,supermart,A,sugar,Dangote Refined Granulated Sugar 1 kg x2,2,kg,365,182.5,,https://www.supermart.ng/products/dangote-refined-granulated-sugar-1-kg-x2,ok
Mon Aug 17 2026 00:00:00 GMT+0100 (West Africa Time),2026-08-17T06:27:53+01:00,NG,LA,city_online,food,supermart,A,sugar,Dangote Refined Granulated Sugar 250 g,0.25,kg,190,760,,https://www.supermart.ng/products/dangote-refined-granulated-sugar-250-g,ok
Mon Aug 17 2026 00:00:00 GMT+0100 (West Africa Time),2026-08-17T06:27:53+01:00,NG,LA,city_online,food,supermart,A,sugar,Dangote Refined Granulated Sugar 250 g x40,10,kg,365,36.5,,https://www.supermart.ng/products/dangote-refined-granulated-sugar-250-g-x40,ok
Mon Aug 17 2026 00:00:00 GMT+0100 (West Africa Time),2026-08-17T06:27:53+01:00,NG,LA,city_online,food,supermart,A,sugar,Dangote Refined Granulated Sugar 500 g,0.5,kg,1315,2630,,https://www.supermart.ng/products/dangote-refined-granulated-sugar-500-g,ok
Mon Aug 17 2026 00:00:00 GMT+0100 (West Africa Time),2026-08-17T06:27:53+01:00,NG,LA,city_online,food,supermart,A,sugar,Dangote Refined Granulated Sugar 500 g x20,10,kg,365,36.5,,https://www.supermart.ng/products/dangote-refined-granulated-sugar-500-g-x20,ok
Mon Aug 17 2026 00:00:00 GMT+0100 (West Africa Time),2026-08-17T06:27:53+01:00,NG,LA,city_online,food,supermart,A,semovita,Dangote Semolina 1 kg,1,kg,505,505,,https://www.supermart.ng/products/dangote-semolina-1-kg,ok
Mon Aug 17 2026 00:00:00 GMT+0100 (West Africa Time),2026-08-17T06:27:53+01:00,NG,LA,city_online,food,supermart,A,semovita,Dangote Semolina 10 kg,10,kg,4385,438.5,,https://www.supermart.ng/products/dangote-semolina-10-kg,ok
Mon Aug 17 2026 00:00:00 GMT+0100 (West Africa Time),2026-08-17T06:27:53+01:00,NG,LA,city_online,food,supermart,A,semovita,Dangote Semolina 5 kg,5,kg,2315,463,,https://www.supermart.ng/products/dangote-semolina-5-kg,ok
Mon Aug 17 2026 00:00:00 GMT+0100 (West Africa Time),2026-08-17T06:27:53+01:00,NG,LA,city_online,food,supermart,A,spaghetti,Dangote Spaghetti 500 g,0.5,kg,225,450,,https://www.supermart.ng/products/dangote-spaghetti-500-g,ok
Mon Aug 17 2026 00:00:00 GMT+0100 (West Africa Time),2026-08-17T06:27:53+01:00,NG,LA,city_online,food,supermart,A,spaghetti,Dangote Spaghetti 500 g x20,10,kg,225,22.5,,https://www.supermart.ng/products/dangote-spaghetti-500-g-x20,ok
Mon Aug 17 2026 00:00:00 GMT+0100 (West Africa Time),2026-08-17T06:27:53+01:00,NG,LA,city_online,food,supermart,A,spaghetti,Dangote Spaghetti Slim Selfie Pack 200 g,0.2,kg,80,400,,https://www.supermart.ng/products/dangote-spaghetti-slim-selfie-pack-200-g,ok
Mon Aug 17 2026 00:00:00 GMT+0100 (West Africa Time),2026-08-17T06:27:53+01:00,NG,LA,city_online,food,supermart,A,bread,Danish Dreams Shortbread Cookies 150 g,150g,kg,545,,,https://www.supermart.ng/products/danish-dreams-shortbread-cookies-150-g,ok_no_unit
Mon Aug 17 2026 00:00:00 GMT+0100 (West Africa Time),2026-08-17T06:27:53+01:00,NG,LA,city_online,food,supermart,A,milk_powder,Dano Cool Cow Evaporated Milk 150 g,0.15,kg,765,5100,,https://www.supermart.ng/products/dano-cool-cow-evaporated-milk-150-g,ok
Mon Aug 17 2026 00:00:00 GMT+0100 (West Africa Time),2026-08-17T06:27:53+01:00,NG,LA,city_online,food,supermart,A,milk_powder,Dano Cool Cow Instant Filled Milk Powder Sachet 150 g,0.15,kg,1750,11666.67,,https://www.supermart.ng/products/dano-cool-cow-instant-filled-milk-powder-sachet-150-g,ok
Mon Aug 17 2026 00:00:00 GMT+0100 (West Africa Time),2026-08-17T06:27:53+01:00,NG,LA,city_online,food,supermart,A,milk_powder,Dano Cool Cow Instant Filled Milk Powder Sachet 150 g x3,0.45,kg,420,933.33,,https://www.supermart.ng/products/dano-cool-cow-instant-filled-milk-powder-sachet-150-g-x3,ok
Mon Aug 17 2026 00:00:00 GMT+0100 (West Africa Time),2026-08-17T06:27:53+01:00,NG,LA,city_online,food,supermart,A,milk_powder,Dano Cool Cow Instant Filled Milk Powder Sachet 2 kg,2,kg,22015,11007.5,,https://www.supermart.ng/products/dano-cool-cow-instant-filled-milk-powder-sachet-25-kg,ok
Mon Aug 17 2026 00:00:00 GMT+0100 (West Africa Time),2026-08-17T06:27:53+01:00,NG,LA,city_online,food,supermart,A,milk_powder,Dano Cool Cow Instant Filled Milk Powder Sachet 320 g,0.32,kg,3870,12093.75,,https://www.supermart.ng/products/dano-cool-cow-instant-filled-milk-powder-sachet-320-g,ok
Mon Aug 17 2026 00:00:00 GMT+0100 (West Africa Time),2026-08-17T06:27:53+01:00,NG,LA,city_online,food,supermart,A,milk_powder,Dano Cool Cow Instant Filled Milk Powder Sachet 750 g,0.75,kg,8365,11153.33,,https://www.supermart.ng/products/dano-cool-cow-instant-filled-milk-powder-sachet-750-g,ok
Mon Aug 17 2026 00:00:00 GMT+0100 (West Africa Time),2026-08-17T06:27:53+01:00,NG,LA,city_online,food,supermart,A,milk_powder,Dano Cool Cow Instant Filled Milk Powder Tin 2.5 kg,2.5,kg,5945,2378,,https://www.supermart.ng/products/dano-cool-cow-instant-filled-milk-powder-tin-25-kg,ok
Mon Aug 17 2026 00:00:00 GMT+0100 (West Africa Time),2026-08-17T06:27:53+01:00,NG,LA,city_online,food,supermart,A,milk_powder,Dano Cool Cow Instant Filled Milk Powder Tin 400 g,0.4,kg,2750,6875,,https://www.supermart.ng/products/dano-cool-cow-instant-filled-milk-powder-tin-400-g,ok
Mon Aug 17 2026 00:00:00 GMT+0100 (West Africa Time),2026-08-17T06:27:53+01:00,NG,LA,city_online,food,supermart,A,milk_powder,Dano Cool Cow Instant Filled Milk Powder Tin 900 g,0.9,kg,2300,2555.56,,https://www.supermart.ng/products/dano-cool-cow-instant-filled-milk-powder-tin-900-g,ok
Mon Aug 17 2026 00:00:00 GMT+0100 (West Africa Time),2026-08-17T06:27:53+01:00,NG,LA,city_online,food,supermart,A,milk_powder,Dano Full Cream Evaporated Milk 150 g,0.15,kg,1070,7133.33,,https://www.supermart.ng/products/dano-full-cream-evaporated-milk-150-g,ok
Mon Aug 17 2026 00:00:00 GMT+0100 (West Africa Time),2026-08-17T06:27:53+01:00,NG,LA,city_online,food,supermart,A,milk_powder,Dano Full Cream Milk Powder Sachet 100 g,0.1,kg,295,2950,,https://www.supermart.ng/products/dano-full-cream-milk-powder-sachet-100-g,ok
Mon Aug 17 2026 00:00:00 GMT+0100 (West Africa Time),2026-08-17T06:27:53+01:00,NG,LA,city_online,food,supermart,A,milk_powder,Dano Full Cream Milk Powder Sachet 16 g x10,0.16,kg,515,3218.75,,https://www.supermart.ng/products/dano-full-cream-milk-powder-sachet-16-g-x10,ok
Mon Aug 17 2026 00:00:00 GMT+0100 (West Africa Time),2026-08-17T06:27:53+01:00,NG,LA,city_online,food,supermart,A,milk_powder,Dano Full Cream Milk Powder Sachet 16 g x12,0.192,kg,1980,10312.5,,https://www.supermart.ng/products/dano-full-cream-milk-powder-sachet-16-g-x12,ok
Mon Aug 17 2026 00:00:00 GMT+0100 (West Africa Time),2026-08-17T06:27:53+01:00,NG,LA,city_online,food,supermart,A,milk_powder,Dano Full Cream Milk Powder Sachet 2 kg,2,kg,33780,16890,,https://www.supermart.ng/products/dano-full-cream-milk-powder-sachet-2-kg,ok
Mon Aug 17 2026 00:00:00 GMT+0100 (West Africa Time),2026-08-17T06:27:53+01:00,NG,LA,city_online,food,supermart,A,milk_powder,Dano Full Cream Milk Powder Sachet 350 g,0.35,kg,5770,16485.71,,https://www.supermart.ng/products/dano-full-cream-milk-powder-sachet-350-g,ok
Mon Aug 17 2026 00:00:00 GMT+0100 (West Africa Time),2026-08-17T06:27:53+01:00,NG,LA,city_online,food,supermart,A,milk_powder,Dano Full Cream Milk Powder Sachet 800 g,0.8,kg,12915,16143.75,,https://www.supermart.ng/products/dano-full-cream-milk-powder-sachet-800-g,ok
Mon Aug 17 2026 00:00:00 GMT+0100 (West Africa Time),2026-08-17T06:27:53+01:00,NG,LA,city_online,food,supermart,A,milk_powder,Dano Full Cream Milk Powder Sachet 850 g x12,10.2,kg,365,35.78,,https://www.supermart.ng/products/dano-full-cream-milk-powder-sachet-850-g-x12,ok
Mon Aug 17 2026 00:00:00 GMT+0100 (West Africa Time),2026-08-17T06:27:53+01:00,NG,LA,city_online,food,supermart,A,milk_powder,Dano Full Cream Milk Powder Tin 2.5 kg,2.5,kg,12200,4880,,https://www.supermart.ng/products/dano-full-cream-milk-powder-tin-25-kg,ok
Mon Aug 17 2026 00:00:00 GMT+0100 (West Africa Time),2026-08-17T06:27:53+01:00,NG,LA,city_online,food,supermart,A,milk_powder,Dano Full Cream Milk Powder Tin 400 g,0.4,kg,3780,9450,,https://www.supermart.ng/products/dano-full-cream-milk-powder-tin-400-g,ok
Mon Aug 17 2026 00:00:00 GMT+0100 (West Africa Time),2026-08-17T06:27:53+01:00,NG,LA,city_online,food,supermart,A,milk_powder,Dano Full Cream Milk Powder Tin 900 g,0.9,kg,7450,8277.78,,https://www.supermart.ng/products/dano-full-cream-milk-powder-tin-900-g,ok
Mon Aug 17 2026 00:00:00 GMT+0100 (West Africa Time),2026-08-17T06:27:53+01:00,NG,LA,city_online,food,supermart,A,milk_powder,Dano Gold Growing Up Milk 123 Powder Tin 400 g,0.4,kg,2545,6362.5,,https://www.supermart.ng/products/dano-gold-growing-up-milk-123-powder-tin-400-g,ok
Mon Aug 17 2026 00:00:00 GMT+0100 (West Africa Time),2026-08-17T06:27:53+01:00,NG,LA,city_online,food,supermart,A,milk_powder,Dano Gold Growing Up Milk Powder Sachet 1-3 Years 360 g,0.36,kg,5745,15958.33,,https://www.supermart.ng/products/dano-gold-growing-up-milk-powder-sachet-1-3-years-360-g,ok
Mon Aug 17 2026 00:00:00 GMT+0100 (West Africa Time),2026-08-17T06:27:53+01:00,NG,LA,city_online,food,supermart,A,milk_powder,Dano Milk Full Cream Milk Powder Sachet 14 g,0.014,kg,245,17500,,https://www.supermart.ng/products/dano-milk-full-cream-milk-powder-sachet-14-g,ok
Mon Aug 17 2026 00:00:00 GMT+0100 (West Africa Time),2026-08-17T06:27:53+01:00,NG,LA,city_online,food,supermart,A,milk_powder,Dano Milk Powder Strawberry Sachet 360 g,0.36,kg,595,1652.78,,https://www.supermart.ng/products/dano-milk-powder-strawberry-sachet-360-g,ok
Mon Aug 17 2026 00:00:00 GMT+0100 (West Africa Time),2026-08-17T06:27:53+01:00,NG,LA,city_online,food,supermart,A,milk_powder,Dano Sabi Dairy Creamer Sachet 12 g,0.012,kg,55,4583.33,,https://www.supermart.ng/products/dano-sabi-dairy-creamer-sachet-12-g,ok
Mon Aug 17 2026 00:00:00 GMT+0100 (West Africa Time),2026-08-17T06:27:53+01:00,NG,LA,city_online,food,supermart,A,milk_powder,Dano Skimmed Milk Powder Tin 900 g,0.9,kg,4730,5255.56,,https://www.supermart.ng/products/dano-skimmed-milk-powder-tin-900-g,ok
Mon Aug 17 2026 00:00:00 GMT+0100 (West Africa Time),2026-08-17T06:27:53+01:00,NG,LA,city_online,food,supermart,A,milk_powder,Dano Slim Skimmed Milk Powder Sachet 400 g,0.4,kg,6615,16537.5,,https://www.supermart.ng/products/dano-slim-skimmed-milk-powder-sachet-400-g,ok
Mon Aug 17 2026 00:00:00 GMT+0100 (West Africa Time),2026-08-17T06:27:53+01:00,NG,LA,city_online,food,supermart,A,milk_powder,Dano Slim Skimmed Milk Powder Sachet 400 g x12,4.8,kg,365,76.04,,https://www.supermart.ng/products/dano-slim-skimmed-milk-powder-sachet-400-g-x12,ok
Mon Aug 17 2026 00:00:00 GMT+0100 (West Africa Time),2026-08-17T06:27:53+01:00,NG,LA,city_online,food,supermart,A,milk_powder,Dano Slim Skimmed Milk Powder Sachet 900 g,0.9,kg,13655,15172.22,,https://www.supermart.ng/products/dano-slim-skimmed-milk-powder-sachet-900-g,ok
Mon Aug 17 2026 00:00:00 GMT+0100 (West Africa Time),2026-08-17T06:27:53+01:00,NG,LA,city_online,food,supermart,A,milk_powder,Dano Slim Skimmed Milk Powder Tin 400 g,0.4,kg,2435,6087.5,,https://www.supermart.ng/products/dano-slim-skimmed-milk-powder-tin-400-g,ok
Mon Aug 17 2026 00:00:00 GMT+0100 (West Africa Time),2026-08-17T06:27:53+01:00,NG,LA,city_online,food,supermart,A,milk_powder,Dano UHT Full Cream Milk 1 L,1l,l,3835,,,https://www.supermart.ng/products/dano-uht-full-cream-milk-1-l,ok_no_unit
Mon Aug 17 2026 00:00:00 GMT+0100 (West Africa Time),2026-08-17T06:27:53+01:00,NG,LA,city_online,food,supermart,A,milk_powder,Dano UHT Full Cream Milk 1 L x2,1l x2,l,1620,,,https://www.supermart.ng/products/dano-uht-full-cream-milk-1-l-x2,ok_no_unit
Mon Aug 17 2026 00:00:00 GMT+0100 (West Africa Time),2026-08-17T06:27:53+01:00,NG,LA,city_online,food,supermart,A,milk_powder,Dano UHT Full Cream Milk 20 cl,20cl,l,705,,,https://www.supermart.ng/products/dano-uht-full-cream-milk-20-cl,ok_no_unit
Mon Aug 17 2026 00:00:00 GMT+0100 (West Africa Time),2026-08-17T06:27:53+01:00,NG,LA,city_online,food,supermart,A,milk_powder,Dano UHT Full Cream Milk 50 cl,50cl,l,1735,,,https://www.supermart.ng/products/dano-uht-full-cream-milk-50-cl,ok_no_unit
Mon Aug 17 2026 00:00:00 GMT+0100 (West Africa Time),2026-08-17T06:27:53+01:00,NG,LA,city_online,food,supermart,A,milk_powder,Dano UHT Semi-Skimmed Milk 1 L,1l,l,3745,,,https://www.supermart.ng/products/dano-uht-semi-skimmed-milk-1-l,ok_no_unit
Mon Aug 17 2026 00:00:00 GMT+0100 (West Africa Time),2026-08-17T06:27:53+01:00,NG,LA,city_online,food,supermart,A,milk_powder,Dano UHT Semi-Skimmed Milk 1 L x2,1l x2,l,1620,,,https://www.supermart.ng/products/dano-uht-semi-skimmed-milk-1-l-x2,ok_no_unit
Mon Aug 17 2026 00:00:00 GMT+0100 (West Africa Time),2026-08-17T06:27:53+01:00,NG,LA,city_online,food,supermart,A,milk_powder,Dano UHT Skimmed Milk 1 L,1l,l,3835,,,https://www.supermart.ng/products/dano-uht-skimmed-milk-1-l,ok_no_unit
Mon Aug 17 2026 00:00:00 GMT+0100 (West Africa Time),2026-08-17T06:27:53+01:00,NG,LA,city_online,food,supermart,A,milk_powder,Dano UHT Skimmed Milk 1 L x2,1l x2,l,2500,,,https://www.supermart.ng/products/dano-uht-skimmed-milk-1-l-x2,ok_no_unit
Mon Aug 17 2026 00:00:00 GMT+0100 (West Africa Time),2026-08-17T06:27:53+01:00,NG,LA,city_online,food,supermart,A,milk_powder,Dano Vita Kids Children's Milk 4 Years+ 380 g,0.38,kg,5765,15171.05,,https://www.supermart.ng/products/dano-vita-kids-childrens-milk-4-years-380-g,ok
Mon Aug 17 2026 00:00:00 GMT+0100 (West Africa Time),2026-08-17T06:27:53+01:00,NG,LA,city_online,food,supermart,A,fish_frozen,Daphnis Mackerel In Tomato Sauce 425 g,0.425,kg,555,1305.88,,https://www.supermart.ng/products/daphnis-mackerel-in-tomato-sauce-425-g,ok
Mon Aug 17 2026 00:00:00 GMT+0100 (West Africa Time),2026-08-17T06:27:53+01:00,NG,LA,city_online,food,supermart,A,soft_drink,Dark Fantasy Sandwich Creme Dark Crunch With Choco Creme 249 g,249g,kg,3860,,,https://www.supermart.ng/products/dark-fantasy-sandwich-creme-dark-crunch-with-choco-creme-249-g,ok_no_unit
Mon Aug 17 2026 00:00:00 GMT+0100 (West Africa Time),2026-08-17T06:27:53+01:00,NG,LA,city_online,food,supermart,A,soft_drink,Dark Fantasy Sandwich Creme Dark Crunch With Choco Creme 83 g,83g,kg,1315,,,https://www.supermart.ng/products/dark-fantasy-sandwich-creme-dark-crunch-with-choco-creme-83-g,ok_no_unit
Mon Aug 17 2026 00:00:00 GMT+0100 (West Africa Time),2026-08-17T06:27:53+01:00,NG,LA,city_online,food,supermart,A,soft_drink,Dark Fantasy Sandwich Creme Vanilla Creme 249 g,249g,kg,3875,,,https://www.supermart.ng/products/dark-fantasy-sandwich-creme-vanilla-creme-249-g,ok_no_unit
Mon Aug 17 2026 00:00:00 GMT+0100 (West Africa Time),2026-08-17T06:27:53+01:00,NG,LA,city_online,food,supermart,A,soft_drink,Dark Fantasy Sandwich Creme Vanilla Creme 83 g,83g,kg,1315,,,https://www.supermart.ng/products/dark-fantasy-sandwich-creme-vanilla-creme-83-g,ok_no_unit
Mon Aug 17 2026 00:00:00 GMT+0100 (West Africa Time),2026-08-17T06:27:53+01:00,NG,LA,city_online,food,supermart,A,tomato_paste,Dates - Local (Derica Cup),,,3500,,,https://www.supermart.ng/products/dates-local-850-g,ok_no_unit
Mon Aug 17 2026 00:00:00 GMT+0100 (West Africa Time),2026-08-17T06:27:53+01:00,NG,LA,city_online,food,supermart,A,spaghetti,De Cecco Spaghetti 500 g,0.5,kg,17700,35400,,https://www.supermart.ng/products/de-cecco-spaghetti-500-g,ok
Mon Aug 17 2026 00:00:00 GMT+0100 (West Africa Time),2026-08-17T06:27:53+01:00,NG,LA,city_online,food,supermart,A,beans_brown,De Luxe Beans Flour 900 g,0.9,kg,5605,6227.78,,https://www.supermart.ng/products/de-luxe-beans-flour-900-g,ok
Mon Aug 17 2026 00:00:00 GMT+0100 (West Africa Time),2026-08-17T06:27:53+01:00,NG,LA,city_online,food,supermart,A,tomato_paste,De Rica Peppe & Onion Tomato Paste Sachet 70 g,0.07,kg,120,1714.29,,https://www.supermart.ng/products/de-rica-peppe-onion-tomato-paste-sachet-70-g,ok
Mon Aug 17 2026 00:00:00 GMT+0100 (West Africa Time),2026-08-17T06:27:53+01:00,NG,LA,city_online,food,supermart,A,tomato_paste,De Rica Tomato Mix 210 g,44.1,kg,670,15.19,,https://www.supermart.ng/products/de-rica-tomato-mix-210-g,ok
Mon Aug 17 2026 00:00:00 GMT+0100 (West Africa Time),2026-08-17T06:27:53+01:00,NG,LA,city_online,food,supermart,A,tomato_paste,De Rica Tomato Mix 400 g,160,kg,1135,7.09,,https://www.supermart.ng/products/de-rica-tomato-mix-400-g,ok
Mon Aug 17 2026 00:00:00 GMT+0100 (West Africa Time),2026-08-17T06:27:53+01:00,NG,LA,city_online,food,supermart,A,tomato_paste,De Rica Tomato Paste 210 g,0.21,kg,485,2309.52,,https://www.supermart.ng/products/de-rica-tomato-paste-210-g,ok
Mon Aug 17 2026 00:00:00 GMT+0100 (West Africa Time),2026-08-17T06:27:53+01:00,NG,LA,city_online,food,supermart,A,tomato_paste,De Rica Tomato Paste 210 g x48,10.08,kg,365,36.21,,https://www.supermart.ng/products/de-rica-tomato-paste-210-g-x48,ok
Mon Aug 17 2026 00:00:00 GMT+0100 (West Africa Time),2026-08-17T06:27:53+01:00,NG,LA,city_online,food,supermart,A,tomato_paste,De Rica Tomato Paste 400 g,0.4,kg,850,2125,,https://www.supermart.ng/products/de-rica-tomato-paste-400-g,ok
Mon Aug 17 2026 00:00:00 GMT+0100 (West Africa Time),2026-08-17T06:27:53+01:00,NG,LA,city_online,food,supermart,A,tomato_paste,De Rica Tomato Paste 70 g,0.07,kg,120,1714.29,,https://www.supermart.ng/products/de-rica-tomato-paste-70-g,ok
Mon Aug 17 2026 00:00:00 GMT+0100 (West Africa Time),2026-08-17T06:27:53+01:00,NG,LA,city_online,food,supermart,A,tomato_paste,De Rica Tomato Paste 850 g,0.85,kg,1720,2023.53,,https://www.supermart.ng/products/de-rica-tomato-paste-850-g,ok
Mon Aug 17 2026 00:00:00 GMT+0100 (West Africa Time),2026-08-17T06:27:53+01:00,NG,LA,city_online,food,supermart,A,tomato_paste,De Rica Tomato Paste Sachet 70 g x10,0.7,kg,2050,2928.57,,https://www.supermart.ng/products/de-rica-tomato-paste-sachet-70-g-x10,ok
Mon Aug 17 2026 00:00:00 GMT+0100 (West Africa Time),2026-08-17T06:27:53+01:00,NG,LA,city_online,food,supermart,A,tomato_paste,De Rica Tomato Paste Sachet 70 g x5,0.35,kg,300,857.14,,https://www.supermart.ng/products/de-rica-tomato-paste-sachet-70-g-x5,ok
Mon Aug 17 2026 00:00:00 GMT+0100 (West Africa Time),2026-08-17T06:27:53+01:00,NG,LA,city_online,food,supermart,A,tomato_paste,De Rima Tomato Paste 800 g,0.8,kg,3080,3850,,https://www.supermart.ng/products/de-rima-tomato-paste-800-g,ok
Mon Aug 17 2026 00:00:00 GMT+0100 (West Africa Time),2026-08-17T06:27:53+01:00,NG,LA,city_online,food,supermart,A,detergent,De Wave Detergent Powder Citrus Breeze 180 g,0.18,kg,555,3083.33,,https://www.supermart.ng/products/de-wave-detergent-powder-citrus-breeze-180-g,ok
Mon Aug 17 2026 00:00:00 GMT+0100 (West Africa Time),2026-08-17T06:27:53+01:00,NG,LA,city_online,food,supermart,A,detergent,De Wave Detergent Powder Citrus Breeze 850 g,0.85,kg,2120,2494.12,,https://www.supermart.ng/products/de-wave-detergent-powder-citrus-breeze-850-g,ok
Mon Aug 17 2026 00:00:00 GMT+0100 (West Africa Time),2026-08-17T06:27:53+01:00,NG,LA,city_online,food,supermart,A,detergent,De Wave Detergent Powder Hibiscus Breeze 180 g,0.18,kg,460,2555.56,,https://www.supermart.ng/products/de-wave-detergent-powder-hibiscus-breeze-180-g,ok
Mon Aug 17 2026 00:00:00 GMT+0100 (West Africa Time),2026-08-17T06:27:53+01:00,NG,LA,city_online,food,supermart,A,detergent,De Wave Detergent Powder Hibiscus Breeze 850 g,0.85,kg,2495,2935.29,,https://www.supermart.ng/products/de-wave-detergent-powder-hibiscus-breeze-850-g,ok
Mon Aug 17 2026 00:00:00 GMT+0100 (West Africa Time),2026-08-17T06:27:53+01:00,NG,LA,city_online,food,supermart,A,rice,DeBoles Rice Penne Gluten-Free 226 g,0.226,kg,365,1615.04,,https://www.supermart.ng/products/deboles-rice-penne-gluten-free-226-g,ok
Mon Aug 17 2026 00:00:00 GMT+0100 (West Africa Time),2026-08-17T06:27:53+01:00,NG,LA,city_online,food,supermart,A,sugar,Deepak Jowar Atta Sugar Pieces 500 g,0.5,kg,910,1820,,https://www.supermart.ng/products/deepak-jowar-atta-sugar-pieces-500-g,ok
Mon Aug 17 2026 00:00:00 GMT+0100 (West Africa Time),2026-08-17T06:27:53+01:00,NG,LA,city_online,food,supermart,A,rice,Deepak Rice Atta 500 g,0.5,kg,870,1740,,https://www.supermart.ng/products/deepak-rice-atta-500-g,ok
Mon Aug 17 2026 00:00:00 GMT+0100 (West Africa Time),2026-08-17T06:27:53+01:00,NG,LA,city_online,food,supermart,A,onions,Del Monte Pasta Sauce Garlic & Onion 680 g,0.68,kg,1145,1683.82,,https://www.supermart.ng/products/del-monte-pasta-sauce-garlic-onion-680-g,ok
Mon Aug 17 2026 00:00:00 GMT+0100 (West Africa Time),2026-08-17T06:27:53+01:00,NG,LA,city_online,food,supermart,A,bread,Dell Eat N Clap 2 in 1 Shortbread 33 g,33g,kg,25,,,https://www.supermart.ng/products/dell-eat-n-clap-2-in-1-shortbread-33-g,ok_no_unit
Mon Aug 17 2026 00:00:00 GMT+0100 (West Africa Time),2026-08-17T06:27:53+01:00,NG,LA,city_online,food,supermart,A,rice,Delly Brown Basmati Rice Jar 1.5 kg,1.5,kg,2760,1840,,https://www.supermart.ng/products/delly-brown-basmati-rice-jar-15-kg,ok
Mon Aug 17 2026 00:00:00 GMT+0100 (West Africa Time),2026-08-17T06:27:53+01:00,NG,LA,city_online,food,supermart,A,chicken_frozen,Denada Basque Style Chicken Kit 295 g,0.295,kg,19320,65491.53,,https://www.supermart.ng/products/denada-basque-style-chicken-kit-295-g,ok
Mon Aug 17 2026 00:00:00 GMT+0100 (West Africa Time),2026-08-17T06:27:53+01:00,NG,LA,city_online,food,supermart,A,eggs,DeNara Fried Chicken Coating No Egg Required Garlic & Onion 120 g,120g,kg,1150,,,https://www.supermart.ng/products/denara-fried-chicken-coating-no-egg-required-garlic-onion-120-g,ok_no_unit
Mon Aug 17 2026 00:00:00 GMT+0100 (West Africa Time),2026-08-17T06:27:53+01:00,NG,LA,city_online,food,supermart,A,eggs,DeNara Fried Chicken Coating No Egg Required Hot & Spicy 120 g,120g,kg,1150,,,https://www.supermart.ng/products/denara-fried-chicken-coating-no-egg-required-hot-spicy-120-g,ok_no_unit
Mon Aug 17 2026 00:00:00 GMT+0100 (West Africa Time),2026-08-17T06:27:53+01:00,NG,LA,city_online,food,supermart,A,eggs,DeNara Fried Chicken Coating No Egg Required Original 120 g,120g,kg,1150,,,https://www.supermart.ng/products/denara-fried-chicken-coating-no-egg-required-original-120-g,ok_no_unit
Mon Aug 17 2026 00:00:00 GMT+0100 (West Africa Time),2026-08-17T06:27:53+01:00,NG,LA,city_online,food,supermart,A,oats,Desmond's Oatmeal Biscuit Rich In Fibre 3 in 1 600 g x60,36,kg,2200,61.11,,https://www.supermart.ng/products/desmonds-oatmeal-biscuit-rich-in-fibre-3-in-1-600-g-x60,ok
Mon Aug 17 2026 00:00:00 GMT+0100 (West Africa Time),2026-08-17T06:27:53+01:00,NG,LA,city_online,food,supermart,A,oats,Desmond's Oatmeal Biscuit Rich In Fibre Milk Flavour 600 g x60,36,kg,2200,61.11,,https://www.supermart.ng/products/desmonds-oatmeal-biscuit-rich-in-fibre-milk-flavour-600-g-x60,ok
Mon Aug 17 2026 00:00:00 GMT+0100 (West Africa Time),2026-08-17T06:27:53+01:00,NG,LA,city_online,food,supermart,A,oats,Desmond's Oatmeal Biscuit Rich In Fibre Variety Pack 600 g x60,36,kg,1890,52.5,,https://www.supermart.ng/products/desmonds-oatmeal-biscuit-rich-in-fibre-variety-pack-600-g-x60,ok
Mon Aug 17 2026 00:00:00 GMT+0100 (West Africa Time),2026-08-17T06:27:53+01:00,NG,LA,city_online,food,supermart,A,bread,Desmond's Shortbread Butter Cookies 150 g,150g,kg,910,,,https://www.supermart.ng/products/desmonds-shortbread-butter-cookies-150-g,ok_no_unit
Mon Aug 17 2026 00:00:00 GMT+0100 (West Africa Time),2026-08-17T06:27:53+01:00,NG,LA,city_online,food,supermart,A,detergent,Dettol Multi-Surface Cleaner Floral 500 ml Promo Pack x2,500ml x2,l,1190,,,https://www.supermart.ng/products/dettol-multi-surface-cleaner-floral-500-ml-promo-pack-x2,ok_no_unit
Mon Aug 17 2026 00:00:00 GMT+0100 (West Africa Time),2026-08-17T06:27:53+01:00,NG,LA,city_online,food,supermart,A,veg_oil,Devon King's Cooking Margarine Sachet 250 g,250g,kg,945,,,https://www.supermart.ng/products/devon-kings-cooking-margarine-sachet-250-g,ok_no_unit
Mon Aug 17 2026 00:00:00 GMT+0100 (West Africa Time),2026-08-17T06:27:53+01:00,NG,LA,city_online,food,supermart,A,veg_oil,Devon King's Soya Oil 5 L,5,l,21125,4225,,https://www.supermart.ng/products/devon-kings-soya-oil-5-l,ok
Mon Aug 17 2026 00:00:00 GMT+0100 (West Africa Time),2026-08-17T06:27:53+01:00,NG,LA,city_online,food,supermart,A,veg_oil,Devon King's Spread For Bread 250 g,250g,kg,965,,,https://www.supermart.ng/products/devon-kings-spread-for-bread-250-g,ok_no_unit
Mon Aug 17 2026 00:00:00 GMT+0100 (West Africa Time),2026-08-17T06:27:53+01:00,NG,LA,city_online,food,supermart,A,veg_oil,Devon King's Spread For Bread 450 g,450g,kg,1385,,,https://www.supermart.ng/products/devon-kings-spread-for-bread-450-g,ok_no_unit
Mon Aug 17 2026 00:00:00 GMT+0100 (West Africa Time),2026-08-17T06:27:53+01:00,NG,LA,city_online,food,supermart,A,detergent,Dexiclean Hand & Machine Wash Premium Liquid Detergent 1 L,1l,l,3290,,,https://www.supermart.ng/products/dexiclean-hand-machine-wash-premium-liquid-detergent-1-l,ok_no_unit
Mon Aug 17 2026 00:00:00 GMT+0100 (West Africa Time),2026-08-17T06:27:53+01:00,NG,LA,city_online,food,supermart,A,tomato_fresh,Dia Crushed Tomatoes 800 g,0.8,kg,635,793.75,,https://www.supermart.ng/products/dia-crushed-tomatoes-800-g,ok
Mon Aug 17 2026 00:00:00 GMT+0100 (West Africa Time),2026-08-17T06:27:53+01:00,NG,LA,city_online,food,supermart,A,sugar,Diabetamil Cookies For Diabetes Sugar-Free 200 g,0.2,kg,7090,35450,,https://www.supermart.ng/products/diabetamil-cookies-for-diabetes-sugar-free-200-g,ok
Mon Aug 17 2026 00:00:00 GMT+0100 (West Africa Time),2026-08-17T06:27:53+01:00,NG,LA,city_online,food,supermart,A,sugar,Diabetamil Cookies For Diabetes Vanilla Flavour Sugar-Free 200 g,0.2,kg,7090,35450,,https://www.supermart.ng/products/diabetamil-cookies-for-diabetes-vanilla-flavour-sugar-free-200-g,ok
Mon Aug 17 2026 00:00:00 GMT+0100 (West Africa Time),2026-08-17T06:27:53+01:00,NG,LA,city_online,food,supermart,A,soap_bar,Dial Bar Soap Fresh Cut Citrus 226 g,226g,kg,365,,,https://www.supermart.ng/products/dial-bar-soap-fresh-cut-citrus-226-g,ok_no_unit
Mon Aug 17 2026 00:00:00 GMT+0100 (West Africa Time),2026-08-17T06:27:53+01:00,NG,LA,city_online,food,supermart,A,veg_oil,Diamond Bell White Meat Tuna In Sunflower Oil With Salt 185 g,185g,kg,1060,,,https://www.supermart.ng/products/diamond-bell-white-meat-tuna-in-sunflower-oil-with-salt-185-g,ok_no_unit
Mon Aug 17 2026 00:00:00 GMT+0100 (West Africa Time),2026-08-17T06:27:53+01:00,NG,LA,city_online,food,supermart,A,salt,Diamond Crystal Gourmet Sea Salt Fine Crystal 624 g,0.624,kg,1695,2716.35,,https://www.supermart.ng/products/diamond-crystal-gourmet-sea-salt-fine-crystal-624-g,ok
Mon Aug 17 2026 00:00:00 GMT+0100 (West Africa Time),2026-08-17T06:27:53+01:00,NG,LA,city_online,food,supermart,A,chicken_frozen,Diamond Naturals Chicken Dinner 374 g,0.374,kg,780,2085.56,,https://www.supermart.ng/products/diamond-naturals-chicken-dinner-374-g,ok
Mon Aug 17 2026 00:00:00 GMT+0100 (West Africa Time),2026-08-17T06:27:53+01:00,NG,LA,city_online,food,supermart,A,tea,Dilmah Vanilla Flavour Ceylon Black Tea Bag 30 g x20,30g x20,kg,985,,,https://www.supermart.ng/products/dilmah-vanilla-flavour-ceylon-black-tea-bag-30-g-x20,ok_no_unit
Mon Aug 17 2026 00:00:00 GMT+0100 (West Africa Time),2026-08-17T06:27:53+01:00,NG,LA,city_online,food,supermart,A,bread,Dima Breaded Chicken Strips 190 g,190g,kg,5030,,,https://www.supermart.ng/products/dima-breaded-chicken-strips-190-g,ok_no_unit
Mon Aug 17 2026 00:00:00 GMT+0100 (West Africa Time),2026-08-17T06:27:53+01:00,NG,LA,city_online,food,supermart,A,chicken_frozen,Dima Chicken Popcorn 190 g,0.19,kg,5030,26473.68,,https://www.supermart.ng/products/dima-chicken-popcorn-190-g,ok
Mon Aug 17 2026 00:00:00 GMT+0100 (West Africa Time),2026-08-17T06:27:53+01:00,NG,LA,city_online,food,supermart,A,chicken_frozen,Dima Peri Peri Chicken Strips 190 g,0.19,kg,5030,26473.68,,https://www.supermart.ng/products/dima-peri-peri-chicken-strips-190-g,ok
Mon Aug 17 2026 00:00:00 GMT+0100 (West Africa Time),2026-08-17T06:27:53+01:00,NG,LA,city_online,food,supermart,A,beans_brown,Ding Dong Fava Beans & Cracker Nuts Snack Mix 100 g,10,kg,310,31,,https://www.supermart.ng/products/ding-dong-fava-beans-cracker-nuts-snack-mix-100-g,ok
Mon Aug 17 2026 00:00:00 GMT+0100 (West Africa Time),2026-08-17T06:27:53+01:00,NG,LA,city_online,food,supermart,A,beans_brown,Ding Dong Garlic Flavoured Fava Beans & Cracker Nuts Snack Mix 100 g,10,kg,310,31,,https://www.supermart.ng/products/ding-dong-garlic-flavoured-fava-beans-cracker-nuts-snack-mix-100-g,ok
Mon Aug 17 2026 00:00:00 GMT+0100 (West Africa Time),2026-08-17T06:27:53+01:00,NG,LA,city_online,food,supermart,A,fish_frozen,Dinor Mackerel In Tomato Sauce 155 g,0.155,kg,1240,8000,,https://www.supermart.ng/products/dinor-mackerel-in-tomato-sauce-155-g,ok
Mon Aug 17 2026 00:00:00 GMT+0100 (West Africa Time),2026-08-17T06:27:53+01:00,NG,LA,city_online,food,supermart,A,salt,Dipitt Oyster Sauce Sweet & Salty 300 g,0.3,kg,4250,14166.67,,https://www.supermart.ng/products/dipitt-oyster-sauce-sweet-salty-300-g,ok
Mon Aug 17 2026 00:00:00 GMT+0100 (West Africa Time),2026-08-17T06:27:53+01:00,NG,LA,city_online,food,supermart,A,salt,Discos Salt & Vinegar Grab Bag Crisps 50 g,0.05,kg,7815,156300,,https://www.supermart.ng/products/discos-salt-vinegar-grab-bag-crisps-50-g,ok
Mon Aug 17 2026 00:00:00 GMT+0100 (West Africa Time),2026-08-17T06:27:53+01:00,NG,LA,city_online,food,supermart,A,salt,Discos Salt & Vinegar Multi-Pack Crisps 6 x 25.5 g,0.6375,kg,10575,16588.24,,https://www.supermart.ng/products/discos-salt-vinegar-multi-pack-crisps-6-x-25-5-g,ok
Mon Aug 17 2026 00:00:00 GMT+0100 (West Africa Time),2026-08-17T06:27:53+01:00,NG,LA,city_online,food,supermart,A,salt,Discos Salt & Vinegar Sharing Crisps 86 g,0.086,kg,8440,98139.53,,https://www.supermart.ng/products/discos-salt-vinegar-sharing-crisps-86-g,ok
Mon Aug 17 2026 00:00:00 GMT+0100 (West Africa Time),2026-08-17T06:27:53+01:00,NG,LA,city_online,food,supermart,A,bread,Dish Food Milk Bread Stick Biscuit 100 g,100g,kg,150,,,https://www.supermart.ng/products/dish-food-milk-bread-stick-biscuit-100-g,ok_no_unit
Mon Aug 17 2026 00:00:00 GMT+0100 (West Africa Time),2026-08-17T06:27:53+01:00,NG,LA,city_online,food,supermart,A,eggs,Disney Frozen Super Surprise Egg 10 g,10g,kg,730,,,https://www.supermart.ng/products/disney-frozen-super-surprise-egg-10-g,ok_no_unit
Mon Aug 17 2026 00:00:00 GMT+0100 (West Africa Time),2026-08-17T06:27:53+01:00,NG,LA,city_online,food,supermart,A,sugar,Disney Gummies Multivitamin Sugar-Free 60 Tablets,,,2800,,,https://www.supermart.ng/products/disney-gummies-multivitamin-sugar-free-60-tablets,ok_no_unit
Mon Aug 17 2026 00:00:00 GMT+0100 (West Africa Time),2026-08-17T06:27:53+01:00,NG,LA,city_online,food,supermart,A,spaghetti,Divella Spaghetti Integrale 500 g,0.5,kg,365,730,,https://www.supermart.ng/products/divella-spaghetti-integrale-500-g,ok
Mon Aug 17 2026 00:00:00 GMT+0100 (West Africa Time),2026-08-17T06:27:53+01:00,NG,LA,city_online,food,supermart,A,onions,Dockers Onion Crackers 100 g,0.1,kg,1080,10800,,https://www.supermart.ng/products/dockers-onion-crackers-100-g,ok
Mon Aug 17 2026 00:00:00 GMT+0100 (West Africa Time),2026-08-17T06:27:53+01:00,NG,LA,city_online,food,supermart,A,onions,Dockers Onion Crackers 200 g,0.2,kg,2140,10700,,https://www.supermart.ng/products/dockers-onion-crackers-200-g,ok
Mon Aug 17 2026 00:00:00 GMT+0100 (West Africa Time),2026-08-17T06:27:53+01:00,NG,LA,city_online,food,supermart,A,tomato_paste,Dockers Tomato Paste 210 g,0.21,kg,180,857.14,,https://www.supermart.ng/products/dockers-tomato-paste-210-g,ok
Mon Aug 17 2026 00:00:00 GMT+0100 (West Africa Time),2026-08-17T06:27:53+01:00,NG,LA,city_online,food,supermart,A,tomato_paste,Dockers Tomato Paste 400 g,0.4,kg,320,800,,https://www.supermart.ng/products/dockers-tomato-paste-400-g,ok
Mon Aug 17 2026 00:00:00 GMT+0100 (West Africa Time),2026-08-17T06:27:53+01:00,NG,LA,city_online,food,supermart,A,tomato_paste,Dockers Tomato Paste 70 g,0.07,kg,45,642.86,,https://www.supermart.ng/products/dockers-tomato-paste-70-g,ok
Mon Aug 17 2026 00:00:00 GMT+0100 (West Africa Time),2026-08-17T06:27:53+01:00,NG,LA,city_online,food,supermart,A,sugar,Dogan's Granulated White Sugar Sachet 225 g,0.225,kg,165,733.33,,https://www.supermart.ng/products/dogans-granulated-white-sugar-sachet-225-g,ok
Mon Aug 17 2026 00:00:00 GMT+0100 (West Africa Time),2026-08-17T06:27:53+01:00,NG,LA,city_online,food,supermart,A,sugar,Dogan's Granulated White Sugar Sachet 450 g,0.45,kg,765,1700,,https://www.supermart.ng/products/dogans-granulated-white-sugar-sachet-450-g,ok
Mon Aug 17 2026 00:00:00 GMT+0100 (West Africa Time),2026-08-17T06:27:53+01:00,NG,LA,city_online,food,supermart,A,sugar,Dogan's Granulated White Sugar Sachet 900 g,0.9,kg,920,1022.22,,https://www.supermart.ng/products/dogans-granulated-white-sugar-sachet-900-g,ok
Mon Aug 17 2026 00:00:00 GMT+0100 (West Africa Time),2026-08-17T06:27:53+01:00,NG,LA,city_online,food,supermart,A,sugar,Dogan's Granulated White Sugar Sticks x100,,,565,,,https://www.supermart.ng/products/dogans-granulated-white-sugar-sticks-x100,ok_no_unit
Mon Aug 17 2026 00:00:00 GMT+0100 (West Africa Time),2026-08-17T06:27:53+01:00,NG,LA,city_online,food,supermart,A,sugar,Dogan's Single Wrapped Cube Sugar 500 g x90,45,kg,480,10.67,,https://www.supermart.ng/products/dogans-single-wrapped-cube-sugar-500-g-x90,ok
Mon Aug 17 2026 00:00:00 GMT+0100 (West Africa Time),2026-08-17T06:27:53+01:00,NG,LA,city_online,food,supermart,A,sugar,Dogan's Sugar Cubes 500 g x90,45,kg,450,10,,https://www.supermart.ng/products/dogans-sugar-cubes-500-g-x90,ok
Mon Aug 17 2026 00:00:00 GMT+0100 (West Africa Time),2026-08-17T06:27:53+01:00,NG,LA,city_online,food,supermart,A,salt,Dolly's Iodised Salt 750 g,0.75,kg,3575,4766.67,,https://www.supermart.ng/products/dollys-iodised-salt-750-g,ok
Mon Aug 17 2026 00:00:00 GMT+0100 (West Africa Time),2026-08-17T06:27:53+01:00,NG,LA,city_online,food,supermart,A,onions,Dolmio Bolognese Onion & Garlic Pasta Sauce 675 g,0.675,kg,23525,34851.85,,https://www.supermart.ng/products/dolmio-bolognese-onion-garlic-pasta-sauce-675-g,ok
Mon Aug 17 2026 00:00:00 GMT+0100 (West Africa Time),2026-08-17T06:27:53+01:00,NG,LA,city_online,food,supermart,A,onions,Dolmio Bolognese Onion & Garlic Sauce 500 g,0.5,kg,8700,17400,,https://www.supermart.ng/products/dolmio-bolognese-onion-garlic-sauce-500-g,ok
Mon Aug 17 2026 00:00:00 GMT+0100 (West Africa Time),2026-08-17T06:27:53+01:00,NG,LA,city_online,food,supermart,A,onions,Dolmio Bolognese Sauce Onion & Garlic 450 g,0.45,kg,18510,41133.33,,https://www.supermart.ng/products/dolmio-bolognese-sauce-onion-garlic-450-g,ok
Mon Aug 17 2026 00:00:00 GMT+0100 (West Africa Time),2026-08-17T06:27:53+01:00,NG,LA,city_online,food,supermart,A,spaghetti,Dolmio Classics Carbonara Fusilli Pasta Ready Meal 250 g,0.25,kg,16165,64660,,https://www.supermart.ng/products/dolmio-classics-carbonara-fusilli-pasta-ready-meal-250-g,ok
Mon Aug 17 2026 00:00:00 GMT+0100 (West Africa Time),2026-08-17T06:27:53+01:00,NG,LA,city_online,food,supermart,A,spaghetti,Dolmio Classics Meatballs Fusilli Pasta Ready Meal 250 g,0.25,kg,16165,64660,,https://www.supermart.ng/products/dolmio-classics-meatballs-fusilli-pasta-ready-meal-250-g,ok
Mon Aug 17 2026 00:00:00 GMT+0100 (West Africa Time),2026-08-17T06:27:53+01:00,NG,LA,city_online,food,supermart,A,spaghetti,Dolmio Classics Rigatoni Bolognese Pasta Ready Meal 250 g,0.25,kg,16165,64660,,https://www.supermart.ng/products/dolmio-classics-rigatoni-bolognese-pasta-ready-meal-250-g,ok
Mon Aug 17 2026 00:00:00 GMT+0100 (West Africa Time),2026-08-17T06:27:53+01:00,NG,LA,city_online,food,supermart,A,spaghetti,Dolmio Feasts Cheesy Mac & Cheese Pasta Ready Meal 250 g,0.25,kg,16165,64660,,https://www.supermart.ng/products/dolmio-feasts-cheesy-mac-cheese-pasta-ready-meal-250-g,ok
Mon Aug 17 2026 00:00:00 GMT+0100 (West Africa Time),2026-08-17T06:27:53+01:00,NG,LA,city_online,food,supermart,A,spaghetti,Dolmio Feasts Chicken & Garlic Rigatoni Pasta Ready Meal 250 g,0.25,kg,16165,64660,,https://www.supermart.ng/products/dolmio-feasts-chicken-garlic-rigatoni-pasta-ready-meal-250-g,ok
Mon Aug 17 2026 00:00:00 GMT+0100 (West Africa Time),2026-08-17T06:27:53+01:00,NG,LA,city_online,food,supermart,A,spaghetti,Dolmio Feasts Spicy Chorizo Fusilli Pasta Ready Meal 250 g,0.25,kg,16165,64660,,https://www.supermart.ng/products/dolmio-feasts-spicy-chorizo-fusilli-pasta-ready-meal-250-g,ok
Mon Aug 17 2026 00:00:00 GMT+0100 (West Africa Time),2026-08-17T06:27:53+01:00,NG,LA,city_online,food,supermart,A,spaghetti,Dolmio Feasts Spicy Mac & Cheese Pasta Ready Meal 250 g,0.25,kg,16165,64660,,https://www.supermart.ng/products/dolmio-feasts-spicy-mac-cheese-pasta-ready-meal-250-g,ok
Mon Aug 17 2026 00:00:00 GMT+0100 (West Africa Time),2026-08-17T06:27:53+01:00,NG,LA,city_online,food,supermart,A,onions,Dolmio Intense Bolognese Onion & Garlic Sauce 500 g,0.5,kg,1890,3780,,https://www.supermart.ng/products/dolmio-intense-bolognese-onion-garlic-sauce-500-g,ok
Mon Aug 17 2026 00:00:00 GMT+0100 (West Africa Time),2026-08-17T06:27:53+01:00,NG,LA,city_online,food,supermart,A,spaghetti,Dolmio Pasta Bake Mediterranean Vegetables 500 g,0.5,kg,1500,3000,,https://www.supermart.ng/products/dolmio-pasta-bake-mediterranean-vegetables-500-g,ok
Mon Aug 17 2026 00:00:00 GMT+0100 (West Africa Time),2026-08-17T06:27:53+01:00,NG,LA,city_online,food,supermart,A,detergent,Domo Baking Powder 110 g,0.11,kg,805,7318.18,,https://www.supermart.ng/products/domo-baking-powder-110-g,ok
Mon Aug 17 2026 00:00:00 GMT+0100 (West Africa Time),2026-08-17T06:27:53+01:00,NG,LA,city_online,food,supermart,A,detergent,Domo Baking Powder 227 g,0.227,kg,1325,5837,,https://www.supermart.ng/products/domo-baking-powder-227-g,ok
Mon Aug 17 2026 00:00:00 GMT+0100 (West Africa Time),2026-08-17T06:27:53+01:00,NG,LA,city_online,food,supermart,A,detergent,Domo Cake Mix Banana 500 g,0.5,kg,1690,3380,,https://www.supermart.ng/products/domo-cake-mix-banana-500-g,ok
Mon Aug 17 2026 00:00:00 GMT+0100 (West Africa Time),2026-08-17T06:27:53+01:00,NG,LA,city_online,food,supermart,A,detergent,Domo Cake Mix Chocolate 500 g,0.5,kg,1180,2360,,https://www.supermart.ng/products/domo-cake-mix-chocolate-500-g,ok
Mon Aug 17 2026 00:00:00 GMT+0100 (West Africa Time),2026-08-17T06:27:53+01:00,NG,LA,city_online,food,supermart,A,detergent,Domo Cake Mix Coconut 500 g,0.5,kg,1145,2290,,https://www.supermart.ng/products/domo-cake-mix-coconut-500-g,ok
Mon Aug 17 2026 00:00:00 GMT+0100 (West Africa Time),2026-08-17T06:27:53+01:00,NG,LA,city_online,food,supermart,A,detergent,Domo Cake Mix Light Chocolate 430 g,0.43,kg,365,848.84,,https://www.supermart.ng/products/domo-cake-mix-light-chocolate-430-g,ok
Mon Aug 17 2026 00:00:00 GMT+0100 (West Africa Time),2026-08-17T06:27:53+01:00,NG,LA,city_online,food,supermart,A,detergent,Domo Cake Mix Orange 500 g,0.5,kg,1610,3220,,https://www.supermart.ng/products/domo-cake-mix-orange-500-g,ok
Mon Aug 17 2026 00:00:00 GMT+0100 (West Africa Time),2026-08-17T06:27:53+01:00,NG,LA,city_online,food,supermart,A,detergent,Domo Cake Mix Strawberry 500 g,0.5,kg,1145,2290,,https://www.supermart.ng/products/domo-cake-mix-strawberry-500-g,ok
Mon Aug 17 2026 00:00:00 GMT+0100 (West Africa Time),2026-08-17T06:27:53+01:00,NG,LA,city_online,food,supermart,A,detergent,Domo Cake Mix Vanilla 500 g,0.5,kg,1245,2490,,https://www.supermart.ng/products/domo-cake-mix-vanilla-500-g,ok
Mon Aug 17 2026 00:00:00 GMT+0100 (West Africa Time),2026-08-17T06:27:53+01:00,NG,LA,city_online,food,supermart,A,detergent,Domo Cocoa Powder 100 g,0.1,kg,1245,12450,,https://www.supermart.ng/products/domo-cocoa-powder-100-g,ok
Mon Aug 17 2026 00:00:00 GMT+0100 (West Africa Time),2026-08-17T06:27:53+01:00,NG,LA,city_online,food,supermart,A,detergent,Domo Corn Flour 300 g,0.3,kg,1750,5833.33,,https://www.supermart.ng/products/domo-corn-flour-300-g,ok
Mon Aug 17 2026 00:00:00 GMT+0100 (West Africa Time),2026-08-17T06:27:53+01:00,NG,LA,city_online,food,supermart,A,detergent,Domo Creme Caramel 80 g,0.08,kg,365,4562.5,,https://www.supermart.ng/products/domo-creme-caramel-80-g,ok
Mon Aug 17 2026 00:00:00 GMT+0100 (West Africa Time),2026-08-17T06:27:53+01:00,NG,LA,city_online,food,supermart,A,detergent,Domo Custard Powder Chocolate 340 g,0.34,kg,1470,4323.53,,https://www.supermart.ng/products/domo-custard-powder-chocolate-340-g,ok
Mon Aug 17 2026 00:00:00 GMT+0100 (West Africa Time),2026-08-17T06:27:53+01:00,NG,LA,city_online,food,supermart,A,detergent,Domo Custard Powder Strawberry 340 g,0.34,kg,1330,3911.76,,https://www.supermart.ng/products/domo-custard-powder-strawberry-340-g,ok
Mon Aug 17 2026 00:00:00 GMT+0100 (West Africa Time),2026-08-17T06:27:53+01:00,NG,LA,city_online,food,supermart,A,detergent,Domo Custard Powder Vanilla 340 g,0.34,kg,1235,3632.35,,https://www.supermart.ng/products/domo-custard-powder-vanilla-340-g,ok
Mon Aug 17 2026 00:00:00 GMT+0100 (West Africa Time),2026-08-17T06:27:53+01:00,NG,LA,city_online,food,supermart,A,detergent,Domo English Cake Lemon 454 g,0.454,kg,1245,2742.29,,https://www.supermart.ng/products/domo-english-cake-lemon-454-g,ok
Mon Aug 17 2026 00:00:00 GMT+0100 (West Africa Time),2026-08-17T06:27:53+01:00,NG,LA,city_online,food,supermart,A,detergent,Domo English Cake Vanilla 454 g,0.454,kg,1215,2676.21,,https://www.supermart.ng/products/domo-english-cake-vanilla-454-g,ok
Mon Aug 17 2026 00:00:00 GMT+0100 (West Africa Time),2026-08-17T06:27:53+01:00,NG,LA,city_online,food,supermart,A,detergent,Domo Instant Dairy Whip Chantilly Cream Vanilla 72 g,0.072,kg,585,8125,,https://www.supermart.ng/products/domo-instant-dairy-whip-chantilly-cream-vanilla-72-g,ok
Mon Aug 17 2026 00:00:00 GMT+0100 (West Africa Time),2026-08-17T06:27:53+01:00,NG,LA,city_online,food,supermart,A,detergent,Domo Jelly Dessert Cherry 85 g,0.085,kg,465,5470.59,,https://www.supermart.ng/products/domo-jelly-dessert-cherry-85-g,ok
Mon Aug 17 2026 00:00:00 GMT+0100 (West Africa Time),2026-08-17T06:27:53+01:00,NG,LA,city_online,food,supermart,A,detergent,Domo Jelly Dessert Strawberry & Banana 85 g,0.085,kg,465,5470.59,,https://www.supermart.ng/products/domo-jelly-dessert-strawberry-banana-85-g,ok
Mon Aug 17 2026 00:00:00 GMT+0100 (West Africa Time),2026-08-17T06:27:53+01:00,NG,LA,city_online,food,supermart,A,detergent,Domo Jelly Dessert Strawberry 85 g,0.085,kg,465,5470.59,,https://www.supermart.ng/products/domo-jelly-dessert-strawberry-85-g,ok
Mon Aug 17 2026 00:00:00 GMT+0100 (West Africa Time),2026-08-17T06:27:53+01:00,NG,LA,city_online,food,supermart,A,detergent,Domo Jelly Gellatin Dessert Cherry 85 g,0.085,kg,365,4294.12,,https://www.supermart.ng/products/domo-jelly-gellatin-dessert-cherry-85-g,ok
Mon Aug 17 2026 00:00:00 GMT+0100 (West Africa Time),2026-08-17T06:27:53+01:00,NG,LA,city_online,food,supermart,A,detergent,Domo Jelly Gellatin Dessert Lemon 85 g,0.085,kg,365,4294.12,,https://www.supermart.ng/products/domo-jelly-gellatin-dessert-lemon-85-g,ok
Mon Aug 17 2026 00:00:00 GMT+0100 (West Africa Time),2026-08-17T06:27:53+01:00,NG,LA,city_online,food,supermart,A,detergent,Domo Jelly Gellatin Dessert Mixed Beries 85 g,0.085,kg,365,4294.12,,https://www.supermart.ng/products/domo-jelly-gellatin-dessert-mixed-beries-85-g,ok
Mon Aug 17 2026 00:00:00 GMT+0100 (West Africa Time),2026-08-17T06:27:53+01:00,NG,LA,city_online,food,supermart,A,detergent,Domo Jelly Gellatin Dessert Orange 85 g,0.085,kg,365,4294.12,,https://www.supermart.ng/products/domo-jelly-gellatin-dessert-orange-85-g,ok
Mon Aug 17 2026 00:00:00 GMT+0100 (West Africa Time),2026-08-17T06:27:53+01:00,NG,LA,city_online,food,supermart,A,detergent,Domo Jelly Gellatin Dessert Strawberry 85 g,0.085,kg,365,4294.12,,https://www.supermart.ng/products/domo-jelly-gellatin-dessert-strawberry-85-g,ok
Mon Aug 17 2026 00:00:00 GMT+0100 (West Africa Time),2026-08-17T06:27:53+01:00,NG,LA,city_online,food,supermart,A,detergent,Domo Jelly Gellatin Dessert Strawberry Banana 85 g,0.085,kg,365,4294.12,,https://www.supermart.ng/products/domo-jelly-gellatin-dessert-strawberry-banana-85-g,ok
Mon Aug 17 2026 00:00:00 GMT+0100 (West Africa Time),2026-08-17T06:27:53+01:00,NG,LA,city_online,food,supermart,A,detergent,Domo Jelly Strawberry & Banana 85 g,0.085,kg,1795,21117.65,,https://www.supermart.ng/products/domo-jelly-strawberry-banana-85-g,ok
Mon Aug 17 2026 00:00:00 GMT+0100 (West Africa Time),2026-08-17T06:27:53+01:00,NG,LA,city_online,food,supermart,A,detergent,Domo Jelly Strawberry Flavour 85 g,0.085,kg,1785,21000,,https://www.supermart.ng/products/domo-jelly-strawberry-flavour-85-g,ok
Mon Aug 17 2026 00:00:00 GMT+0100 (West Africa Time),2026-08-17T06:27:53+01:00,NG,LA,city_online,food,supermart,A,detergent,Domo Pancake Mix 460 g,211.6,kg,2090,9.88,,https://www.supermart.ng/products/domo-pancake-mix-460-g,ok
Mon Aug 17 2026 00:00:00 GMT+0100 (West Africa Time),2026-08-17T06:27:53+01:00,NG,LA,city_online,food,supermart,A,detergent,Domo Pound Cake Lemon 454 g,0.454,kg,365,803.96,,https://www.supermart.ng/products/domo-pound-cake-lemon-454-g,ok
Mon Aug 17 2026 00:00:00 GMT+0100 (West Africa Time),2026-08-17T06:27:53+01:00,NG,LA,city_online,food,supermart,A,detergent,Domo Pound Cake Vanilla & Chocolate 470 g,0.47,kg,1215,2585.11,,https://www.supermart.ng/products/domo-pound-cake-vanilla-chocolate-470-g,ok
Mon Aug 17 2026 00:00:00 GMT+0100 (West Africa Time),2026-08-17T06:27:53+01:00,NG,LA,city_online,food,supermart,A,salt,Doritos Dip Or Load Original Salt Sharing Crisps 230 g,0.23,kg,14425,62717.39,,https://www.supermart.ng/products/doritos-dip-or-load-original-salt-sharing-crisps-230-g,ok
Mon Aug 17 2026 00:00:00 GMT+0100 (West Africa Time),2026-08-17T06:27:53+01:00,NG,LA,city_online,food,supermart,A,beans_brown,Double T Brown Beans 2 kg,2,kg,10360,5180,,https://www.supermart.ng/products/double-t-brown-beans-2-kg,ok
Mon Aug 17 2026 00:00:00 GMT+0100 (West Africa Time),2026-08-17T06:27:53+01:00,NG,LA,city_online,food,supermart,A,beans_brown,Double T Brown Honey Beans 2 kg,2,kg,10995,5497.5,,https://www.supermart.ng/products/double-t-brown-honey-beans-2-kg,ok
Mon Aug 17 2026 00:00:00 GMT+0100 (West Africa Time),2026-08-17T06:27:53+01:00,NG,LA,city_online,food,supermart,A,rice,Double T Original Ofada Rice 1 kg,1,kg,5110,5110,,https://www.supermart.ng/products/double-t-original-ofada-rice-1-kg,ok
Mon Aug 17 2026 00:00:00 GMT+0100 (West Africa Time),2026-08-17T06:27:53+01:00,NG,LA,city_online,food,supermart,A,rice,Double T Original Ofada Rice 5 kg,5,kg,25630,5126,,https://www.supermart.ng/products/double-t-original-ofada-rice-5-kg,ok
Mon Aug 17 2026 00:00:00 GMT+0100 (West Africa Time),2026-08-17T06:27:53+01:00,NG,LA,city_online,food,supermart,A,rice,Double T Original Ofada Rice 500 g,0.5,kg,2560,5120,,https://www.supermart.ng/products/double-t-original-ofada-rice-500-g,ok
Mon Aug 17 2026 00:00:00 GMT+0100 (West Africa Time),2026-08-17T06:27:53+01:00,NG,LA,city_online,food,supermart,A,beans_brown,Double T White Beans 2 kg,2,kg,9090,4545,,https://www.supermart.ng/products/double-t-white-beans-2-kg,ok
Mon Aug 17 2026 00:00:00 GMT+0100 (West Africa Time),2026-08-17T06:27:53+01:00,NG,LA,city_online,food,supermart,A,chicken_frozen,Doux Chicken Cordon Bleu 1 kg,1,kg,25800,25800,,https://www.supermart.ng/products/doux-chicken-cordon-bleu-1-kg,ok
Mon Aug 17 2026 00:00:00 GMT+0100 (West Africa Time),2026-08-17T06:27:53+01:00,NG,LA,city_online,food,supermart,A,chicken_frozen,Doux Chicken Dippers 1 kg,1,kg,19800,19800,,https://www.supermart.ng/products/doux-chicken-dippers-1-kg,ok
Mon Aug 17 2026 00:00:00 GMT+0100 (West Africa Time),2026-08-17T06:27:53+01:00,NG,LA,city_online,food,supermart,A,chicken_frozen,Doux Chicken Franks 340 g x10,3.4,kg,3480,1023.53,,https://www.supermart.ng/products/doux-chicken-franks-340-g-x10,ok
Mon Aug 17 2026 00:00:00 GMT+0100 (West Africa Time),2026-08-17T06:27:53+01:00,NG,LA,city_online,food,supermart,A,chicken_frozen,Doux Chicken Nuggets 500 g,0.5,kg,10100,20200,,https://www.supermart.ng/products/doux-chicken-nuggets-500-g,ok
Mon Aug 17 2026 00:00:00 GMT+0100 (West Africa Time),2026-08-17T06:27:53+01:00,NG,LA,city_online,food,supermart,A,chicken_frozen,Doux Chicken Pops 500 g,0.5,kg,10250,20500,,https://www.supermart.ng/products/doux-chicken-pops-500-g,ok
Mon Aug 17 2026 00:00:00 GMT+0100 (West Africa Time),2026-08-17T06:27:53+01:00,NG,LA,city_online,food,supermart,A,rice,Dove Nourishing Secrets Glowing Ritual Lotus Flower & Rice Milk 400 ml,400ml,l,7205,,,https://www.supermart.ng/products/dove-nourishing-secrets-glowing-ritual-lotus-flower-rice-milk-400-ml,ok_no_unit
Mon Aug 17 2026 00:00:00 GMT+0100 (West Africa Time),2026-08-17T06:27:53+01:00,NG,LA,city_online,food,supermart,A,rice,Dove Ofada Rice 1 kg,1,kg,4675,4675,,https://www.supermart.ng/products/dove-ofada-rice-1-kg,ok
Mon Aug 17 2026 00:00:00 GMT+0100 (West Africa Time),2026-08-17T06:27:53+01:00,NG,LA,city_online,food,supermart,A,rice,Dove Ofada Rice 2 kg,2,kg,9220,4610,,https://www.supermart.ng/products/dove-ofada-rice-2-kg,ok
Mon Aug 17 2026 00:00:00 GMT+0100 (West Africa Time),2026-08-17T06:27:53+01:00,NG,LA,city_online,food,supermart,A,rice,Dove Ofada Rice 5 kg,5,kg,23360,4672,,https://www.supermart.ng/products/dove-ofada-rice-5-kg,ok
Mon Aug 17 2026 00:00:00 GMT+0100 (West Africa Time),2026-08-17T06:27:53+01:00,NG,LA,city_online,food,supermart,A,soap_bar,Dove Pink Beauty Bar Soap 113 g,113g,kg,365,,,https://www.supermart.ng/products/dove-pink-beauty-bar-soap-113-g,ok_no_unit
Mon Aug 17 2026 00:00:00 GMT+0100 (West Africa Time),2026-08-17T06:27:53+01:00,NG,LA,city_online,food,supermart,A,bread,Doves Farm Gluten Free White Bread Flour 1 kg,1kg,kg,25940,,,https://www.supermart.ng/products/doves-farm-gluten-free-white-bread-flour-1-kg,ok_no_unit
Mon Aug 17 2026 00:00:00 GMT+0100 (West Africa Time),2026-08-17T06:27:53+01:00,NG,LA,city_online,food,supermart,A,detergent,Dr Beckmann Laundry Detergent Sheet Magic Leaves Bio x25,,,14965,,,https://www.supermart.ng/products/dr-beckmann-laundry-detergent-sheet-magic-leaves-bio-x25,ok_no_unit
Mon Aug 17 2026 00:00:00 GMT+0100 (West Africa Time),2026-08-17T06:27:53+01:00,NG,LA,city_online,food,supermart,A,detergent,Dr Beckmann Laundry Detergent Sheet Magic Leaves Non-Bio x25,,,14965,,,https://www.supermart.ng/products/dr-beckmann-laundry-detergent-sheet-magic-leaves-non-bio-x25,ok_no_unit
Mon Aug 17 2026 00:00:00 GMT+0100 (West Africa Time),2026-08-17T06:27:53+01:00,NG,LA,city_online,food,supermart,A,detergent,Dr Beckmann Magic Leaves Laundry Detergent Sheets Non-Bio Fresh Breeze 50 Sheets 200 g,0.2,kg,29265,146325,,https://www.supermart.ng/products/dr-beckmann-magic-leaves-laundry-detergent-sheets-non-bio-fresh-breeze-50-sheets-200-g,ok
Mon Aug 17 2026 00:00:00 GMT+0100 (West Africa Time),2026-08-17T06:27:53+01:00,NG,LA,city_online,food,supermart,A,diapers,Dr Brown's Baby Diapers Mini 3-6 kg x52,6kg x52,kg,2300,,,https://www.supermart.ng/products/dr-browns-baby-diapers-mini-3-6-kg-x52,ok_no_unit
Mon Aug 17 2026 00:00:00 GMT+0100 (West Africa Time),2026-08-17T06:27:53+01:00,NG,LA,city_online,food,supermart,A,diapers,Dr Brown's Unisex Adult Diaper Extra Large 48-68 Inches x10,10,piece,15250,1525,,https://www.supermart.ng/products/dr-browns-unisex-adult-diaper-extra-large-48-68-inches-x10,ok
Mon Aug 17 2026 00:00:00 GMT+0100 (West Africa Time),2026-08-17T06:27:53+01:00,NG,LA,city_online,food,supermart,A,diapers,Dr Brown's Unisex Adult Diaper Large 45-60 Inches x10,10,piece,14375,1437.5,,https://www.supermart.ng/products/dr-browns-adult-diaper-unisex-large-45-60-inches-x10,ok
Mon Aug 17 2026 00:00:00 GMT+0100 (West Africa Time),2026-08-17T06:27:53+01:00,NG,LA,city_online,food,supermart,A,soap_bar,Dr Organic Bar Soap Rose Otto 100 g,100g,kg,365,,,https://www.supermart.ng/products/dr-organic-bar-soap-rose-otto-100-g,ok_no_unit
Mon Aug 17 2026 00:00:00 GMT+0100 (West Africa Time),2026-08-17T06:27:53+01:00,NG,LA,city_online,food,supermart,A,soap_bar,Dr Organic Bar Soap Royal Jelly 100 g,100g,kg,365,,,https://www.supermart.ng/products/dr-organic-bar-soap-royal-jelly-100-g,ok_no_unit
Mon Aug 17 2026 00:00:00 GMT+0100 (West Africa Time),2026-08-17T06:27:53+01:00,NG,LA,city_online,food,supermart,A,bread,Dr. Karg's Organic Crispbread Emmental Cheese & Pumpkin Seed 200 g,200g,kg,13905,,,https://www.supermart.ng/products/dr-kargs-organic-crispbread-emmental-cheese-pumpkin-seed-200-g,ok_no_unit
Mon Aug 17 2026 00:00:00 GMT+0100 (West Africa Time),2026-08-17T06:27:53+01:00,NG,LA,city_online,food,supermart,A,eggs,Dr. Oetker Egg White Powder Multi-Pack Sachet 4 x 5 g,5g x5,kg,7435,,,https://www.supermart.ng/products/dr-oetker-egg-white-powder-multi-pack-sachet-4-x-5-g,ok_no_unit
Mon Aug 17 2026 00:00:00 GMT+0100 (West Africa Time),2026-08-17T06:27:53+01:00,NG,LA,city_online,food,supermart,A,detergent,Dream Care Easy Wash Laundry Detergent 4 L,4l,l,8025,,,https://www.supermart.ng/products/dream-care-easy-wash-laundry-detergent-4-l,ok_no_unit
Mon Aug 17 2026 00:00:00 GMT+0100 (West Africa Time),2026-08-17T06:27:53+01:00,NG,LA,city_online,food,supermart,A,rice,Dream Cashew Blended With Rice Milk 1 L,1l,l,365,,,https://www.supermart.ng/products/dream-cashew-blended-with-rice-milk-1-l,ok_no_unit
Mon Aug 17 2026 00:00:00 GMT+0100 (West Africa Time),2026-08-17T06:27:53+01:00,NG,LA,city_online,food,supermart,A,rice,Dream Rice Almond Hazelnut Milk With Calcium 1 L,1l,l,365,,,https://www.supermart.ng/products/dream-rice-almond-hazelnut-milk-with-calcium-1-l,ok_no_unit
Mon Aug 17 2026 00:00:00 GMT+0100 (West Africa Time),2026-08-17T06:27:53+01:00,NG,LA,city_online,food,supermart,A,rice,Dream Rice Original Organic Milk Low Fat 1 L,1l,l,365,,,https://www.supermart.ng/products/dream-rice-original-organic-milk-low-fat-1-l,ok_no_unit
Mon Aug 17 2026 00:00:00 GMT+0100 (West Africa Time),2026-08-17T06:27:53+01:00,NG,LA,city_online,food,supermart,A,rice,Dream Rice Original Organic Milk With Calcium 1 L,1l,l,365,,,https://www.supermart.ng/products/dream-rice-original-organic-milk-with-calcium-1-l,ok_no_unit
Mon Aug 17 2026 00:00:00 GMT+0100 (West Africa Time),2026-08-17T06:27:53+01:00,NG,LA,city_online,food,supermart,A,rice,Dream Rice Vanilla Organic Milk Low Fat 1 L,1l,l,365,,,https://www.supermart.ng/products/dream-rice-vanilla-organic-milk-low-fat-1-l,ok_no_unit
Mon Aug 17 2026 00:00:00 GMT+0100 (West Africa Time),2026-08-17T06:27:53+01:00,NG,LA,city_online,food,supermart,A,chicken_frozen,Dreamies Cat Treat With Tasty Chicken 60 g,0.06,kg,3400,56666.67,,https://www.supermart.ng/products/dreamies-cat-treat-with-tasty-chicken-60-g,ok
Mon Aug 17 2026 00:00:00 GMT+0100 (West Africa Time),2026-08-17T06:27:53+01:00,NG,LA,city_online,food,supermart,A,detergent,Dreft Ultra Concentrated Liquid Detergent 110 Washes 4.43 L,4.43l,l,17950,,,https://www.supermart.ng/products/dreft-ultra-concentrated-liquid-detergent-110-washes-443-l,ok_no_unit
Mon Aug 17 2026 00:00:00 GMT+0100 (West Africa Time),2026-08-17T06:27:53+01:00,NG,LA,city_online,food,supermart,A,tomato_paste,Dried Ground Pepper (Derica Cup),,,365,,,https://www.supermart.ng/products/dried-ground-pepper-850-g,ok_no_unit
Mon Aug 17 2026 00:00:00 GMT+0100 (West Africa Time),2026-08-17T06:27:53+01:00,NG,LA,city_online,food,supermart,A,tomato_paste,Dried Pepper - Ata Ajosi (Derica Cup),,,4500,,,https://www.supermart.ng/products/dried-pepper-ata-ajosi-850-g,ok_no_unit
Mon Aug 17 2026 00:00:00 GMT+0100 (West Africa Time),2026-08-17T06:27:53+01:00,NG,LA,city_online,food,supermart,A,tomato_paste,Dried Tea Leaves (Derica Cup),,,3700,,,https://www.supermart.ng/products/dried-tea-leaves-derica-cup,ok_no_unit
Mon Aug 17 2026 00:00:00 GMT+0100 (West Africa Time),2026-08-17T06:27:53+01:00,NG,LA,city_online,food,supermart,A,sanitary_pad,Dry Love Sanitary Pad Flexi Wing x10 - 12 Pieces,10,piece,4560,456,,https://www.supermart.ng/products/dry-love-sanitary-pad-flexi-wing-x10-12-pieces,ok
Mon Aug 17 2026 00:00:00 GMT+0100 (West Africa Time),2026-08-17T06:27:53+01:00,NG,LA,city_online,food,supermart,A,tomato_paste,Dry Pepper (Derica Cup),,,3900,,,https://www.supermart.ng/products/dry-pepper-850-g,ok_no_unit
Mon Aug 17 2026 00:00:00 GMT+0100 (West Africa Time),2026-08-17T06:27:53+01:00,NG,LA,city_online,food,supermart,A,eggs,Dumchi Eggs x15,15,piece,625,41.67,,https://www.supermart.ng/products/dumchi-eggs-x15,ok
Mon Aug 17 2026 00:00:00 GMT+0100 (West Africa Time),2026-08-17T06:27:53+01:00,NG,LA,city_online,food,supermart,A,eggs,Dumchi Eggs x30,30,piece,1275,42.5,,https://www.supermart.ng/products/dumchi-eggs-x30,ok
Mon Aug 17 2026 00:00:00 GMT+0100 (West Africa Time),2026-08-17T06:27:53+01:00,NG,LA,city_online,food,supermart,A,eggs,Dumchi Eggs x6,6,piece,275,45.83,,https://www.supermart.ng/products/dumchi-eggs-x6,ok
Mon Aug 17 2026 00:00:00 GMT+0100 (West Africa Time),2026-08-17T06:27:53+01:00,NG,LA,city_online,food,supermart,A,palm_oil,Dumchi Palm Oil 5 L,5,l,365,73,,https://www.supermart.ng/products/dumchi-palm-oil-5-l,ok
Mon Aug 17 2026 00:00:00 GMT+0100 (West Africa Time),2026-08-17T06:27:53+01:00,NG,LA,city_online,food,supermart,A,palm_oil,Dumchi Palm Oil 500 ml,0.5,l,365,730,,https://www.supermart.ng/products/dumchi-palm-oil-500-ml,ok
Mon Aug 17 2026 00:00:00 GMT+0100 (West Africa Time),2026-08-17T06:27:53+01:00,NG,LA,city_online,food,supermart,A,garri,Dumchi Premium White Garri 1 kg,1,kg,365,365,,https://www.supermart.ng/products/dumchi-premium-white-garri-1-kg,ok
Mon Aug 17 2026 00:00:00 GMT+0100 (West Africa Time),2026-08-17T06:27:53+01:00,NG,LA,city_online,food,supermart,A,beans_brown,Dunns River Black Beans In Salted Water 400 g,0.4,kg,12900,32250,,https://www.supermart.ng/products/dunns-river-black-beans-in-salted-water-400-g,ok
Mon Aug 17 2026 00:00:00 GMT+0100 (West Africa Time),2026-08-17T06:27:53+01:00,NG,LA,city_online,food,supermart,A,toilet_roll,Duracan Classy Hygenic Toilet Tissue 10 Rolls,1,piece,1020,1020,,https://www.supermart.ng/products/duracan-classy-hygenic-toilet-tissue-10-rolls,ok
Mon Aug 17 2026 00:00:00 GMT+0100 (West Africa Time),2026-08-17T06:27:53+01:00,NG,LA,city_online,food,supermart,A,detergent,Dylon Renew Colour Detergent Dark Clothes 1.5 L,1.5l,l,48985,,,https://www.supermart.ng/products/dylon-renew-colour-detergent-dark-clothes-1-5-l,ok_no_unit
Mon Aug 17 2026 00:00:00 GMT+0100 (West Africa Time),2026-08-17T06:27:53+01:00,NG,LA,city_online,food,supermart,A,detergent,Dylon Renew Sport Detergent 30 Washes 1.5 L,1.5l,l,48985,,,https://www.supermart.ng/products/dylon-renew-sport-detergent-30-washes-1-5-l,ok_no_unit
Mon Aug 17 2026 00:00:00 GMT+0100 (West Africa Time),2026-08-17T06:27:53+01:00,NG,LA,city_online,food,supermart,A,oats,Earth's Best Organic Whole Grain Oatmeal Cereal 227 g,0.227,kg,365,1607.93,,https://www.supermart.ng/products/earths-best-organic-whole-grain-oatmeal-cereal-227-g,ok
Mon Aug 17 2026 00:00:00 GMT+0100 (West Africa Time),2026-08-17T06:27:53+01:00,NG,LA,city_online,food,supermart,A,oats,Earth's Best Organic Whole Grain Oatmeal Cereal With Bananas 227 g,0.227,kg,365,1607.93,,https://www.supermart.ng/products/earths-best-organic-whole-grain-oatmeal-cereal-with-bananas-227-g,ok
Mon Aug 17 2026 00:00:00 GMT+0100 (West Africa Time),2026-08-17T06:27:53+01:00,NG,LA,city_online,food,supermart,A,rice,Earth's Best Organic Whole Grain Rice Cereal 227 g,0.227,kg,365,1607.93,,https://www.supermart.ng/products/earths-best-organic-whole-grain-rice-cereal-227-g,ok
Mon Aug 17 2026 00:00:00 GMT+0100 (West Africa Time),2026-08-17T06:27:53+01:00,NG,LA,city_online,food,supermart,A,chicken_frozen,Earthen Pot Chicken Curry Powder 100 g,0.1,kg,670,6700,,https://www.supermart.ng/products/earthen-pot-chicken-curry-powder-100-g,ok
Mon Aug 17 2026 00:00:00 GMT+0100 (West Africa Time),2026-08-17T06:27:53+01:00,NG,LA,city_online,food,supermart,A,rice,East End Brown Basmati Rice 1 kg,1,kg,365,365,,https://www.supermart.ng/products/east-end-brown-basmati-rice-1-kg,ok
Mon Aug 17 2026 00:00:00 GMT+0100 (West Africa Time),2026-08-17T06:27:53+01:00,NG,LA,city_online,food,supermart,A,beans_brown,East End Red Kidney Beans 500 g,0.5,kg,17425,34850,,https://www.supermart.ng/products/east-end-red-kidney-beans-500-g,ok
Mon Aug 17 2026 00:00:00 GMT+0100 (West Africa Time),2026-08-17T06:27:53+01:00,NG,LA,city_online,food,supermart,A,detergent,East Jielin Liquid Detergent Lavender Sachet 1 L,1l,l,915,,,https://www.supermart.ng/products/east-jielin-liquid-detergent-lavender-sachet-1-l,ok_no_unit
Mon Aug 17 2026 00:00:00 GMT+0100 (West Africa Time),2026-08-17T06:27:53+01:00,NG,LA,city_online,food,supermart,A,detergent,East Jielin Liquid Detergent Lavender Sachet 2 L,2l,l,1610,,,https://www.supermart.ng/products/east-jielin-liquid-detergent-lavender-sachet-2-l,ok_no_unit
Mon Aug 17 2026 00:00:00 GMT+0100 (West Africa Time),2026-08-17T06:27:53+01:00,NG,LA,city_online,food,supermart,A,onions,Eat Real Hummus Chips Caramelised Onion & Balsamic Vinegar 110 g,0.11,kg,11645,105863.64,,https://www.supermart.ng/products/eat-real-hummus-chips-caramelised-onion-balsamic-vinegar-110-g,ok
Mon Aug 17 2026 00:00:00 GMT+0100 (West Africa Time),2026-08-17T06:27:53+01:00,NG,LA,city_online,food,supermart,A,salt,Eat Real Hummus Chips Chilli Lime & Sea Salt 110 g,0.11,kg,11645,105863.64,,https://www.supermart.ng/products/eat-real-hummus-chips-chilli-lime-sea-salt-110-g,ok
Mon Aug 17 2026 00:00:00 GMT+0100 (West Africa Time),2026-08-17T06:27:53+01:00,NG,LA,city_online,food,supermart,A,salt,Eat Real Hummus Chips Tomato & Basil Salt Sour Cream & Chive 98 g,0.098,kg,12140,123877.55,,https://www.supermart.ng/products/eat-real-hummus-chips-tomato-basil-salt-sour-cream-chive-98-g,ok
Mon Aug 17 2026 00:00:00 GMT+0100 (West Africa Time),2026-08-17T06:27:53+01:00,NG,LA,city_online,food,supermart,A,salt,Eat Real Lentil Chips Sea Salt 113 g,0.113,kg,665,5884.96,,https://www.supermart.ng/products/eat-real-lentil-chips-sea-salt-113-g,ok
Mon Aug 17 2026 00:00:00 GMT+0100 (West Africa Time),2026-08-17T06:27:53+01:00,NG,LA,city_online,food,supermart,A,eggs,Eat Real Veggie Chips Tomato Spinach 40 g,40g,kg,380,,,https://www.supermart.ng/products/eat-real-veggie-chips-tomato-spinach-40-g,ok_no_unit
Mon Aug 17 2026 00:00:00 GMT+0100 (West Africa Time),2026-08-17T06:27:53+01:00,NG,LA,city_online,food,supermart,A,eggs,Eat Real Veggie Straws Tomato Kale & Spinach 110 g,110g,kg,11645,,,https://www.supermart.ng/products/eat-real-veggie-straws-tomato-kale-spinach-110-g,ok_no_unit
Mon Aug 17 2026 00:00:00 GMT+0100 (West Africa Time),2026-08-17T06:27:53+01:00,NG,LA,city_online,food,supermart,A,beans_brown,Eat Right Brown Beans 2 kg,2,kg,9725,4862.5,,https://www.supermart.ng/products/eat-right-brown-beans-2-kg,ok
Mon Aug 17 2026 00:00:00 GMT+0100 (West Africa Time),2026-08-17T06:27:53+01:00,NG,LA,city_online,food,supermart,A,rice,Ebbos Ofada Rice 1 kg,1,kg,365,365,,https://www.supermart.ng/products/ebbos-ofada-rice-1-kg,ok
Mon Aug 17 2026 00:00:00 GMT+0100 (West Africa Time),2026-08-17T06:27:53+01:00,NG,LA,city_online,food,supermart,A,rice,Ebony Gold Brown Rice 2.5 kg,2.5,kg,2350,940,,https://www.supermart.ng/products/ebony-gold-brown-rice-25-kg,ok
Mon Aug 17 2026 00:00:00 GMT+0100 (West Africa Time),2026-08-17T06:27:53+01:00,NG,LA,city_online,food,supermart,A,rice,Ebony Gold Brown Rice 5 kg,5,kg,365,73,,https://www.supermart.ng/products/ebony-gold-brown-rice-5-kg,ok
Mon Aug 17 2026 00:00:00 GMT+0100 (West Africa Time),2026-08-17T06:27:53+01:00,NG,LA,city_online,food,supermart,A,rice,Ebony Ground Rice Flour 1 kg,1,kg,840,840,,https://www.supermart.ng/products/ebony-ground-rice-flour-1-kg,ok
Mon Aug 17 2026 00:00:00 GMT+0100 (West Africa Time),2026-08-17T06:27:53+01:00,NG,LA,city_online,food,supermart,A,rice,Ebony Pro-Vita Brown Rice Meal Flour 1.5 Kg,1.5,kg,1655,1103.33,,https://www.supermart.ng/products/ebony-pro-vita-brown-rice-meal-flour-15-kg,ok
Mon Aug 17 2026 00:00:00 GMT+0100 (West Africa Time),2026-08-17T06:27:53+01:00,NG,LA,city_online,food,supermart,A,rice,Ebony Super Nigerian Rice 10 kg,10,kg,4780,478,,https://www.supermart.ng/products/ebony-super-nigerian-rice-10-kg,ok
Mon Aug 17 2026 00:00:00 GMT+0100 (West Africa Time),2026-08-17T06:27:53+01:00,NG,LA,city_online,food,supermart,A,rice,Ebony Super Nigerian Rice 25 Kg,25,kg,11300,452,,https://www.supermart.ng/products/ebony-super-nigerian-rice-25-kg,ok
Mon Aug 17 2026 00:00:00 GMT+0100 (West Africa Time),2026-08-17T06:27:53+01:00,NG,LA,city_online,food,supermart,A,rice,Ebony Super Nigerian Rice 5 kg,5,kg,2725,545,,https://www.supermart.ng/products/ebony-super-nigerian-rice-5-kg,ok
Mon Aug 17 2026 00:00:00 GMT+0100 (West Africa Time),2026-08-17T06:27:53+01:00,NG,LA,city_online,food,supermart,A,rice,EcoLife Organic Brown Basmati Rice 1.8 kg,1.8,kg,365,202.78,,https://www.supermart.ng/products/ecolife-organic-brown-basmati-rice-18-kg,ok
Mon Aug 17 2026 00:00:00 GMT+0100 (West Africa Time),2026-08-17T06:27:53+01:00,NG,LA,city_online,food,supermart,A,spaghetti,Eden Organic Pasta Artichoke Ribbons Golden Amber Durum Wheat 227 g,0.227,kg,365,1607.93,,https://www.supermart.ng/products/eden-organic-pasta-artichoke-ribbons-golden-amber-durum-wheat-227-g,ok
Mon Aug 17 2026 00:00:00 GMT+0100 (West Africa Time),2026-08-17T06:27:53+01:00,NG,LA,city_online,food,supermart,A,rice,Eden Organic Pasta Flax Rice Spirals 340 g,0.34,kg,365,1073.53,,https://www.supermart.ng/products/eden-organic-pasta-flax-rice-spirals-340-g,ok
Mon Aug 17 2026 00:00:00 GMT+0100 (West Africa Time),2026-08-17T06:27:53+01:00,NG,LA,city_online,food,supermart,A,spaghetti,Eden Organic Pasta Parsley Garlic Ribbons Golden Amber Durum Wheat 227 g,0.227,kg,365,1607.93,,https://www.supermart.ng/products/eden-organic-pasta-parsley-garlic-ribbons-golden-amber-durum-wheat-227-g,ok
Mon Aug 17 2026 00:00:00 GMT+0100 (West Africa Time),2026-08-17T06:27:53+01:00,NG,LA,city_online,food,supermart,A,spaghetti,Eden Organic Pasta Parsley Garlic Spaghetti Organic 396 g,0.396,kg,365,921.72,,https://www.supermart.ng/products/eden-organic-pasta-parsley-garlic-spaghetti-organic-396-g,ok
Mon Aug 17 2026 00:00:00 GMT+0100 (West Africa Time),2026-08-17T06:27:53+01:00,NG,LA,city_online,food,supermart,A,spaghetti,Eden Organic Pasta Spelt Ribbons 227 g,0.227,kg,365,1607.93,,https://www.supermart.ng/products/eden-organic-pasta-spelt-ribbons-227-g,ok
Mon Aug 17 2026 00:00:00 GMT+0100 (West Africa Time),2026-08-17T06:27:53+01:00,NG,LA,city_online,food,supermart,A,spaghetti,Eden Organic Pasta Spelt Spaghetti Organic 396 g,0.396,kg,365,921.72,,https://www.supermart.ng/products/eden-organic-pasta-spelt-spaghetti-organic-396-g,ok
Mon Aug 17 2026 00:00:00 GMT+0100 (West Africa Time),2026-08-17T06:27:53+01:00,NG,LA,city_online,food,supermart,A,spaghetti,Eden Organic Pasta Spinach Ribbons 227 g,0.227,kg,365,1607.93,,https://www.supermart.ng/products/eden-organic-pasta-spinach-ribbons-227-g,ok
Mon Aug 17 2026 00:00:00 GMT+0100 (West Africa Time),2026-08-17T06:27:53+01:00,NG,LA,city_online,food,supermart,A,spaghetti,Eden Organic Pasta Vegetable Alphabets 453 g,0.453,kg,365,805.74,,https://www.supermart.ng/products/eden-organic-pasta-vegetable-alphabets-453-g,ok
Mon Aug 17 2026 00:00:00 GMT+0100 (West Africa Time),2026-08-17T06:27:53+01:00,NG,LA,city_online,food,supermart,A,spaghetti,Eden Organic Pasta Vegetable Ribbons Golden Amber Durum Wheat 227 g,0.227,kg,365,1607.93,,https://www.supermart.ng/products/eden-organic-pasta-vegetable-ribbons-golden-amber-durum-wheat-227-g,ok
Mon Aug 17 2026 00:00:00 GMT+0100 (West Africa Time),2026-08-17T06:27:53+01:00,NG,LA,city_online,food,supermart,A,spaghetti,Eden Organic Pasta Whole Grain Spaghetti Organic 396 g,0.396,kg,365,921.72,,https://www.supermart.ng/products/eden-organic-pasta-whole-grain-spaghetti-organic-396-g,ok
Mon Aug 17 2026 00:00:00 GMT+0100 (West Africa Time),2026-08-17T06:27:53+01:00,NG,LA,city_online,food,supermart,A,noodles,Egg Noodles 400 g,400g,kg,5460,,,https://www.supermart.ng/products/egg-noodles-400-g,ok_no_unit
Mon Aug 17 2026 00:00:00 GMT+0100 (West Africa Time),2026-08-17T06:27:53+01:00,NG,LA,city_online,food,supermart,A,eggs,Egg Plant x1,1,piece,615,615,,https://www.supermart.ng/products/egg-plant-x1,ok
Mon Aug 17 2026 00:00:00 GMT+0100 (West Africa Time),2026-08-17T06:27:53+01:00,NG,LA,city_online,food,supermart,A,eggs,Egg Plant ~ 1 kg,1kg,kg,2900,,,https://www.supermart.ng/products/egg-plant-1-kg,ok_no_unit
Mon Aug 17 2026 00:00:00 GMT+0100 (West Africa Time),2026-08-17T06:27:53+01:00,NG,LA,city_online,food,supermart,A,eggs,Egg Puff,1,piece,320,320,,https://www.supermart.ng/products/egg-puff,ok
Mon Aug 17 2026 00:00:00 GMT+0100 (West Africa Time),2026-08-17T06:27:53+01:00,NG,LA,city_online,food,supermart,A,eggs,Egg Sandwich,1,piece,450,450,,https://www.supermart.ng/products/egg-sandwich,ok
Mon Aug 17 2026 00:00:00 GMT+0100 (West Africa Time),2026-08-17T06:27:53+01:00,NG,LA,city_online,food,supermart,A,eggs,Egg Shaped Cake,1,piece,800,800,,https://www.supermart.ng/products/egg-shaped-cake,ok
Mon Aug 17 2026 00:00:00 GMT+0100 (West Africa Time),2026-08-17T06:27:53+01:00,NG,LA,city_online,food,supermart,A,eggs,Eggcellent Eggs x15,15,piece,4350,290,,https://www.supermart.ng/products/eggcellent-eggs-x15,ok
Mon Aug 17 2026 00:00:00 GMT+0100 (West Africa Time),2026-08-17T06:27:53+01:00,NG,LA,city_online,food,supermart,A,eggs,Eggcellent Eggs x30,30,piece,8250,275,,https://www.supermart.ng/products/eggcellent-eggs-x30,ok
Mon Aug 17 2026 00:00:00 GMT+0100 (West Africa Time),2026-08-17T06:27:53+01:00,NG,LA,city_online,food,supermart,A,sugar,Egret River Blood Sugar Reducing Tea 40 g x20,0.8,kg,3225,4031.25,,https://www.supermart.ng/products/egret-river-blood-sugar-reducing-tea-40-g-x20,ok
Mon Aug 17 2026 00:00:00 GMT+0100 (West Africa Time),2026-08-17T06:27:53+01:00,NG,LA,city_online,food,supermart,A,egusi,Egusi - Hand Peeled (Paint Bucket),,,16500,,,https://www.supermart.ng/products/egusi-hand-peeled-4-l,ok_no_unit
Mon Aug 17 2026 00:00:00 GMT+0100 (West Africa Time),2026-08-17T06:27:53+01:00,NG,LA,city_online,food,supermart,A,egusi,Egusi - Machine Peeled (Paint Bucket),,,12500,,,https://www.supermart.ng/products/egusi-machine-peeled-4-l,ok_no_unit
Mon Aug 17 2026 00:00:00 GMT+0100 (West Africa Time),2026-08-17T06:27:53+01:00,NG,LA,city_online,food,supermart,A,tomato_paste,Egusi - Small Seed (Derica Cup),,,2250,,,https://www.supermart.ng/products/egusi-small-seed-850-g,ok_no_unit
Mon Aug 17 2026 00:00:00 GMT+0100 (West Africa Time),2026-08-17T06:27:53+01:00,NG,LA,city_online,food,supermart,A,egusi,Egusi - Small Seed (Paint Bucket),,,10500,,,https://www.supermart.ng/products/egusi-small-seed-4-l,ok_no_unit
Mon Aug 17 2026 00:00:00 GMT+0100 (West Africa Time),2026-08-17T06:27:53+01:00,NG,LA,city_online,food,supermart,A,egusi,Egusi Peeled - Blended (Milk Cup),,,750,,,https://www.supermart.ng/products/egusi-peeled-blended-170-g,ok_no_unit
Mon Aug 17 2026 00:00:00 GMT+0100 (West Africa Time),2026-08-17T06:27:53+01:00,NG,LA,city_online,food,supermart,A,tomato_paste,Egusi Peeled - Whole (Derica Cup),,,365,,,https://www.supermart.ng/products/egusi-peeled-whole-850-g,ok_no_unit
Mon Aug 17 2026 00:00:00 GMT+0100 (West Africa Time),2026-08-17T06:27:53+01:00,NG,LA,city_online,food,supermart,A,egusi,Egusi Peeled - Whole (Milk Cup),,,750,,,https://www.supermart.ng/products/egusi-peeled-whole-170-g,ok_no_unit
Mon Aug 17 2026 00:00:00 GMT+0100 (West Africa Time),2026-08-17T06:27:53+01:00,NG,LA,city_online,food,supermart,A,chicken_frozen,El Dina Chicken Cheese Meat Loaf 340 g,0.34,kg,1020,3000,,https://www.supermart.ng/products/el-dina-chicken-cheese-meat-loaf-340-g,ok
Mon Aug 17 2026 00:00:00 GMT+0100 (West Africa Time),2026-08-17T06:27:53+01:00,NG,LA,city_online,food,supermart,A,chicken_frozen,El Dina Chicken Meat Loaf 340 g,0.34,kg,1020,3000,,https://www.supermart.ng/products/el-dina-chicken-meat-loaf-340-g,ok
Mon Aug 17 2026 00:00:00 GMT+0100 (West Africa Time),2026-08-17T06:27:53+01:00,NG,LA,city_online,food,supermart,A,chicken_frozen,El Gazelle Foods Chicken Kilishi 80 g,0.08,kg,1195,14937.5,,https://www.supermart.ng/products/el-gazelle-foods-chicken-kilishi-80-g,ok
Mon Aug 17 2026 00:00:00 GMT+0100 (West Africa Time),2026-08-17T06:27:53+01:00,NG,LA,city_online,food,supermart,A,baby_formula,Eldorin My Boy Infant Formula 0-12 Months 400 g,0.4,kg,10450,26125,,https://www.supermart.ng/products/eldorin-my-boy-infant-formula-0-12-months-400-g,ok
Mon Aug 17 2026 00:00:00 GMT+0100 (West Africa Time),2026-08-17T06:27:53+01:00,NG,LA,city_online,food,supermart,A,detergent,Elena Liquid Detergent 4 L,4l,l,6200,,,https://www.supermart.ng/products/elena-liquid-detergent-4-l,ok_no_unit
Mon Aug 17 2026 00:00:00 GMT+0100 (West Africa Time),2026-08-17T06:27:53+01:00,NG,LA,city_online,food,supermart,A,detergent,Elephant Automatic Washing Detergent 1 kg,1,kg,930,930,,https://www.supermart.ng/products/elephant-automatic-washing-detergent-1-kg,ok
Mon Aug 17 2026 00:00:00 GMT+0100 (West Africa Time),2026-08-17T06:27:53+01:00,NG,LA,city_online,food,supermart,A,rice,Ella's Kitchen Chicken & Rice Casserole With Apricots 7 Months+ 130 g,0.13,kg,365,2807.69,,https://www.supermart.ng/products/ellas-kitchen-chicken-rice-casserole-with-apricots-7-months-130-g,ok
Mon Aug 17 2026 00:00:00 GMT+0100 (West Africa Time),2026-08-17T06:27:53+01:00,NG,LA,city_online,food,supermart,A,poundo_yam,Elubo Isu (Paint Bucket),,,12000,,,https://www.supermart.ng/products/elubo-isu-4-l,ok_no_unit
Mon Aug 17 2026 00:00:00 GMT+0100 (West Africa Time),2026-08-17T06:27:53+01:00,NG,LA,city_online,food,supermart,A,poundo_yam,Elubo Isu Gbodo (Ground) ~~20 L,20l,l,44000,,,https://www.supermart.ng/products/elubo-isu-gbodo-ground-20-l,ok_no_unit
Mon Aug 17 2026 00:00:00 GMT+0100 (West Africa Time),2026-08-17T06:27:53+01:00,NG,LA,city_online,food,supermart,A,poundo_yam,Elubo Lafun (Ground) ~~20 L,20l,l,14500,,,https://www.supermart.ng/products/elubo-lafun-ground-20-l,ok_no_unit
Mon Aug 17 2026 00:00:00 GMT+0100 (West Africa Time),2026-08-17T06:27:53+01:00,NG,LA,city_online,food,supermart,A,poundo_yam,Elubo Lafun (Paint Bucket),,,3750,,,https://www.supermart.ng/products/elubo-lafun-4-l,ok_no_unit
Mon Aug 17 2026 00:00:00 GMT+0100 (West Africa Time),2026-08-17T06:27:53+01:00,NG,LA,city_online,food,supermart,A,poundo_yam,Elubo Ogede (Paint Bucket),,,365,,,https://www.supermart.ng/products/elubo-ogede-4-l,ok_no_unit
Mon Aug 17 2026 00:00:00 GMT+0100 (West Africa Time),2026-08-17T06:27:53+01:00,NG,LA,city_online,food,supermart,A,poundo_yam,Elubo Ogede - Whole (Paint Bucket) + Grinding,,,365,,,https://www.supermart.ng/products/elubo-ogede-whole-4-l-grinding,ok_no_unit
Mon Aug 17 2026 00:00:00 GMT+0100 (West Africa Time),2026-08-17T06:27:53+01:00,NG,LA,city_online,food,supermart,A,beans_brown,Emborg Broad Beans 450 g,0.45,kg,2500,5555.56,,https://www.supermart.ng/products/emborg-broad-beans-450-g,ok
Mon Aug 17 2026 00:00:00 GMT+0100 (West Africa Time),2026-08-17T06:27:53+01:00,NG,LA,city_online,food,supermart,A,chicken_frozen,Emborg Chicken Franks (Skinless) Halal 340 g,0.34,kg,4660,13705.88,,https://www.supermart.ng/products/emborg-chicken-franks-skinless-halal-340-g,ok
Mon Aug 17 2026 00:00:00 GMT+0100 (West Africa Time),2026-08-17T06:27:53+01:00,NG,LA,city_online,food,supermart,A,beans_brown,Emborg Cut Beans 450 g,0.45,kg,5050,11222.22,,https://www.supermart.ng/products/emborg-cut-beans-450-g,ok
Mon Aug 17 2026 00:00:00 GMT+0100 (West Africa Time),2026-08-17T06:27:53+01:00,NG,LA,city_online,food,supermart,A,beans_brown,Emborg Cut Beans 900 g,0.9,kg,2790,3100,,https://www.supermart.ng/products/emborg-cut-beans-900-g,ok
Mon Aug 17 2026 00:00:00 GMT+0100 (West Africa Time),2026-08-17T06:27:53+01:00,NG,LA,city_online,food,supermart,A,milk_powder,Emborg Grana Padano Cheese 100 g (Parmesan Cheese),0.1,kg,1770,17700,,https://www.supermart.ng/products/emborg-grana-padano-cheese-100-g-parmesan-cheese,ok
Mon Aug 17 2026 00:00:00 GMT+0100 (West Africa Time),2026-08-17T06:27:53+01:00,NG,LA,city_online,food,supermart,A,onions,Emborg Onion Rings In Crisp Batter 450 g,0.45,kg,6495,14433.33,,https://www.supermart.ng/products/emborg-onion-rings-in-crisp-batter-450-g,ok
Mon Aug 17 2026 00:00:00 GMT+0100 (West Africa Time),2026-08-17T06:27:53+01:00,NG,LA,city_online,food,supermart,A,spaghetti,Emborg Pasta Cheese Shredded 200 g,0.2,kg,7770,38850,,https://www.supermart.ng/products/emborg-pasta-cheese-shredded-200-g,ok
Mon Aug 17 2026 00:00:00 GMT+0100 (West Africa Time),2026-08-17T06:27:53+01:00,NG,LA,city_online,food,supermart,A,spaghetti,Emborg Perfect Pasta Cream 1 L,1l,l,12100,,,https://www.supermart.ng/products/emborg-perfect-pasta-cream-1-l,ok_no_unit
Mon Aug 17 2026 00:00:00 GMT+0100 (West Africa Time),2026-08-17T06:27:53+01:00,NG,LA,city_online,food,supermart,A,sugar,Emco Nuts & Protein Coconuts & Almonds No Added Sugar 35 g,0.035,kg,2890,82571.43,,https://www.supermart.ng/products/emco-nuts-protein-coconuts-almonds-no-added-sugar-35-g,ok
Mon Aug 17 2026 00:00:00 GMT+0100 (West Africa Time),2026-08-17T06:27:53+01:00,NG,LA,city_online,food,supermart,A,oats,Emco Oat Flakes White Instant Oats 500 g,0.5,kg,3430,6860,,https://www.supermart.ng/products/emco-oat-flakes-white-instant-oats-500-g,ok
Mon Aug 17 2026 00:00:00 GMT+0100 (West Africa Time),2026-08-17T06:27:53+01:00,NG,LA,city_online,food,supermart,A,sugar,Emco Super Nuts No Added Sugar Chocolate & Banana 35 g,0.035,kg,2780,79428.57,,https://www.supermart.ng/products/emco-super-nuts-no-added-sugar-chocolate-banana-35-g,ok
Mon Aug 17 2026 00:00:00 GMT+0100 (West Africa Time),2026-08-17T06:27:53+01:00,NG,LA,city_online,food,supermart,A,sugar,Emco Super Oat Bisucuit No Added Sugar Apple & Cinnamon 60 g,0.06,kg,3480,58000,,https://www.supermart.ng/products/emco-super-oat-bisucuit-no-added-sugar-apple-cinnamon-60-g,ok
Mon Aug 17 2026 00:00:00 GMT+0100 (West Africa Time),2026-08-17T06:27:53+01:00,NG,LA,city_online,food,supermart,A,sugar,Emco Super Oat Bisucuit No Added Sugar Cocoa & Coconut 60 g,0.06,kg,3480,58000,,https://www.supermart.ng/products/emco-super-oat-bisucuit-no-added-sugar-cocoa-coconut-60-g,ok
Mon Aug 17 2026 00:00:00 GMT+0100 (West Africa Time),2026-08-17T06:27:53+01:00,NG,LA,city_online,food,supermart,A,ogbono,Emerald Kitchens Fresh Ogbono Paste 100 g,0.1,kg,1130,11300,,https://www.supermart.ng/products/emerald-kitchens-fresh-ogbono-paste-100-g,ok
Mon Aug 17 2026 00:00:00 GMT+0100 (West Africa Time),2026-08-17T06:27:53+01:00,NG,LA,city_online,food,supermart,A,garri,Emmppek Homemade Garri 1 kg,1,kg,1800,1800,,https://www.supermart.ng/products/emmppek-homemade-garri-1-kg,ok
Mon Aug 17 2026 00:00:00 GMT+0100 (West Africa Time),2026-08-17T06:27:53+01:00,NG,LA,city_online,food,supermart,A,garri,Emmppek Homemade Garri 2 kg,2,kg,3480,1740,,https://www.supermart.ng/products/emmppek-homemade-garri-2-kg,ok
Mon Aug 17 2026 00:00:00 GMT+0100 (West Africa Time),2026-08-17T06:27:53+01:00,NG,LA,city_online,food,supermart,A,veg_oil,Emperor Refined Palm Pure Vegetable Oil 3 L,3,l,14130,4710,,https://www.supermart.ng/products/emperor-refined-palm-pure-vegetable-oil-3-l,ok
Mon Aug 17 2026 00:00:00 GMT+0100 (West Africa Time),2026-08-17T06:27:53+01:00,NG,LA,city_online,food,supermart,A,veg_oil,Emperor Refined Palm Pure Vegetable Oil 5 L,5,l,25990,5198,,https://www.supermart.ng/products/emperor-refined-palm-pure-vegetable-oil-5-l,ok
Mon Aug 17 2026 00:00:00 GMT+0100 (West Africa Time),2026-08-17T06:27:53+01:00,NG,LA,city_online,food,supermart,A,veg_oil,Emperor Refined Palm Pure Vegetable Oil 700 ml,0.7,l,3410,4871.43,,https://www.supermart.ng/products/emperor-refined-palm-pure-vegetable-oil-700-ml,ok
Mon Aug 17 2026 00:00:00 GMT+0100 (West Africa Time),2026-08-17T06:27:53+01:00,NG,LA,city_online,food,supermart,A,salt,Emzolyte Plus Oral Rehydration Salt B.P. (x2) + Paediatric Zinc Sulphate Dispersible Tablets 20 mg (x1) USP,,,1365,,,https://www.supermart.ng/products/emzolyte-plus-oral-rehydration-salt-b-p-x2-paediatric-zinc-sulphate-dispersible-tablets-20-mg-x1-usp,ok_no_unit
Mon Aug 17 2026 00:00:00 GMT+0100 (West Africa Time),2026-08-17T06:27:53+01:00,NG,LA,city_online,food,supermart,A,poundo_yam,Enamdo Poundo Potato Flakes 1 kg (Formerly Lambweston),1,kg,9250,9250,,https://www.supermart.ng/products/enmado-poundo-potato-flakes-1-kg,ok
Mon Aug 17 2026 00:00:00 GMT+0100 (West Africa Time),2026-08-17T06:27:53+01:00,NG,LA,city_online,food,supermart,A,pepper,Encona Scotch Bonnet Pepper Extra Hot Sauce 220 ml,220ml,l,12015,,,https://www.supermart.ng/products/encona-scotch-bonnet-pepper-extra-hot-sauce-220-ml,ok_no_unit
Mon Aug 17 2026 00:00:00 GMT+0100 (West Africa Time),2026-08-17T06:27:53+01:00,NG,LA,city_online,food,supermart,A,beans_brown,Endy's Beans Flour 1 kg,1,kg,5605,5605,,https://www.supermart.ng/products/endys-beans-flour-1-kg,ok
Mon Aug 17 2026 00:00:00 GMT+0100 (West Africa Time),2026-08-17T06:27:53+01:00,NG,LA,city_online,food,supermart,A,beans_brown,Endy's Beans Flour 2 kg,2,kg,7650,3825,,https://www.supermart.ng/products/endys-beans-flour-2-kg,ok
Mon Aug 17 2026 00:00:00 GMT+0100 (West Africa Time),2026-08-17T06:27:53+01:00,NG,LA,city_online,food,supermart,A,rice,Endy's Ground Rice 1 kg,1,kg,3195,3195,,https://www.supermart.ng/products/endys-ground-rice-1-kg,ok
Mon Aug 17 2026 00:00:00 GMT+0100 (West Africa Time),2026-08-17T06:27:53+01:00,NG,LA,city_online,food,supermart,A,rice,Endy's Ground Rice 2 kg,2,kg,6380,3190,,https://www.supermart.ng/products/endys-ground-rice-2-kg,ok
Mon Aug 17 2026 00:00:00 GMT+0100 (West Africa Time),2026-08-17T06:27:53+01:00,NG,LA,city_online,food,supermart,A,poundo_yam,Endy's Poundo Yam 1 kg,1,kg,4950,4950,,https://www.supermart.ng/products/endys-poundo-yam-1-kg,ok
Mon Aug 17 2026 00:00:00 GMT+0100 (West Africa Time),2026-08-17T06:27:53+01:00,NG,LA,city_online,food,supermart,A,poundo_yam,Endy's Poundo Yam 2 kg,2,kg,7650,3825,,https://www.supermart.ng/products/endys-poundo-yam-2-kg,ok
Mon Aug 17 2026 00:00:00 GMT+0100 (West Africa Time),2026-08-17T06:27:53+01:00,NG,LA,city_online,food,supermart,A,semovita,Endy's Semolina 1 kg,1,kg,390,390,,https://www.supermart.ng/products/endys-semolina-1-kg,ok
Mon Aug 17 2026 00:00:00 GMT+0100 (West Africa Time),2026-08-17T06:27:53+01:00,NG,LA,city_online,food,supermart,A,semovita,Endy's Semolina 2 kg,2,kg,5100,2550,,https://www.supermart.ng/products/endys-semolina-2-kg,ok
Mon Aug 17 2026 00:00:00 GMT+0100 (West Africa Time),2026-08-17T06:27:53+01:00,NG,LA,city_online,food,supermart,A,poundo_yam,Endy's Yam Flour 2 kg,2,kg,8325,4162.5,,https://www.supermart.ng/products/endys-yam-flour-2-kg,ok
Mon Aug 17 2026 00:00:00 GMT+0100 (West Africa Time),2026-08-17T06:27:53+01:00,NG,LA,city_online,food,supermart,A,eggs,Energro Eggrich Egg & Milk Biscuits 35 g,35g,kg,45,,,https://www.supermart.ng/products/energro-eggrich-egg-milk-biscuits-35-g,ok_no_unit
Mon Aug 17 2026 00:00:00 GMT+0100 (West Africa Time),2026-08-17T06:27:53+01:00,NG,LA,city_online,food,supermart,A,eggs,Energro Eggrich Egg & Milk Biscuits 46 g,46g,kg,70,,,https://www.supermart.ng/products/energro-eggrich-egg-milk-biscuits-46-g,ok_no_unit
Mon Aug 17 2026 00:00:00 GMT+0100 (West Africa Time),2026-08-17T06:27:53+01:00,NG,LA,city_online,food,supermart,A,eggs,Energro Eggrich Egg & Milk Biscuits 58 g x6,58g x6,kg,390,,,https://www.supermart.ng/products/energro-eggrich-egg-milk-biscuits-58-g-x6,ok_no_unit
Mon Aug 17 2026 00:00:00 GMT+0100 (West Africa Time),2026-08-17T06:27:53+01:00,NG,LA,city_online,food,supermart,A,eggs,Energro Eggrich Egg & Milk Biscuits 70 g,70g,kg,125,,,https://www.supermart.ng/products/energro-eggrich-egg-milk-biscuits-70-g,ok_no_unit
Mon Aug 17 2026 00:00:00 GMT+0100 (West Africa Time),2026-08-17T06:27:53+01:00,NG,LA,city_online,food,supermart,A,bread,English Salted Bread,1,piece,1750,1750,,https://www.supermart.ng/products/english-salted-bread,ok
Mon Aug 17 2026 00:00:00 GMT+0100 (West Africa Time),2026-08-17T06:27:53+01:00,NG,LA,city_online,food,supermart,A,salt,Eno Salt 150 g,0.15,kg,4980,33200,,https://www.supermart.ng/products/eno-salt-150-g,ok
Mon Aug 17 2026 00:00:00 GMT+0100 (West Africa Time),2026-08-17T06:27:53+01:00,NG,LA,city_online,food,supermart,A,tomato_paste,Erisco Onion & Chicken Flavour Tomato Paste 65.7 g,0.0657,kg,155,2359.21,,https://www.supermart.ng/products/erisco-onion-chicken-flavour-tomato-paste-657-g,ok
Mon Aug 17 2026 00:00:00 GMT+0100 (West Africa Time),2026-08-17T06:27:53+01:00,NG,LA,city_online,food,supermart,A,tomato_paste,Erisco Tomato Paste 65.7 g,0.0657,kg,175,2663.62,,https://www.supermart.ng/products/erisco-tomato-paste-657-g,ok
Mon Aug 17 2026 00:00:00 GMT+0100 (West Africa Time),2026-08-17T06:27:53+01:00,NG,LA,city_online,food,supermart,A,tomato_paste,Erisco Tomato Paste Tin 210 g,0.21,kg,720,3428.57,,https://www.supermart.ng/products/erisco-tomato-paste-tin-210-g,ok
Mon Aug 17 2026 00:00:00 GMT+0100 (West Africa Time),2026-08-17T06:27:53+01:00,NG,LA,city_online,food,supermart,A,tomato_paste,Erisco Tomato Paste Tin 400 g,0.4,kg,1235,3087.5,,https://www.supermart.ng/products/erisco-tomato-paste-tin-400-g,ok
Mon Aug 17 2026 00:00:00 GMT+0100 (West Africa Time),2026-08-17T06:27:53+01:00,NG,LA,city_online,food,supermart,A,sugar,Erko Mallow Pink & White Mallows Zero % Sugar 70 g,0.07,kg,2760,39428.57,,https://www.supermart.ng/products/erko-mallow-pink-white-mallows-zero-sugar-70-g,ok
Mon Aug 17 2026 00:00:00 GMT+0100 (West Africa Time),2026-08-17T06:27:53+01:00,NG,LA,city_online,food,supermart,A,salt,Ernest Liver Salt Orange,,,200,,,https://www.supermart.ng/products/ernest-liver-salt-orange,ok_no_unit
Mon Aug 17 2026 00:00:00 GMT+0100 (West Africa Time),2026-08-17T06:27:53+01:00,NG,LA,city_online,food,supermart,A,fish_frozen,Estus Mackerel In Tomato Sauce 155 g,0.155,kg,1190,7677.42,,https://www.supermart.ng/products/estus-mackerel-in-tomato-sauce-155-g,ok
Mon Aug 17 2026 00:00:00 GMT+0100 (West Africa Time),2026-08-17T06:27:53+01:00,NG,LA,city_online,food,supermart,A,fish_frozen,Estus Mackerel In Tomato Sauce 425 g,0.425,kg,2960,6964.71,,https://www.supermart.ng/products/estus-mackerel-in-tomato-sauce-425-g,ok
Mon Aug 17 2026 00:00:00 GMT+0100 (West Africa Time),2026-08-17T06:27:53+01:00,NG,LA,city_online,food,supermart,A,fish_frozen,Estus Sardines 125 g,0.125,kg,1585,12680,,https://www.supermart.ng/products/estus-sardines-125-g,ok
Mon Aug 17 2026 00:00:00 GMT+0100 (West Africa Time),2026-08-17T06:27:53+01:00,NG,LA,city_online,food,supermart,A,fish_frozen,Estus Sardines 125 g x6,0.75,kg,9150,12200,,https://www.supermart.ng/products/estus-sardines-125-g-x6,ok
Mon Aug 17 2026 00:00:00 GMT+0100 (West Africa Time),2026-08-17T06:27:53+01:00,NG,LA,city_online,food,supermart,A,chicken_frozen,Euro Chopper Chunks In Gravy With Chicken 1.24 kg,1.24,kg,1135,915.32,,https://www.supermart.ng/products/euro-chopper-chunks-in-gravy-with-chicken-124-kg,ok
Mon Aug 17 2026 00:00:00 GMT+0100 (West Africa Time),2026-08-17T06:27:53+01:00,NG,LA,city_online,food,supermart,A,chicken_frozen,Euro Gourmet Sliced Chicken Breast 130 g,0.13,kg,14050,108076.92,,https://www.supermart.ng/products/euro-gourmet-sliced-chicken-breast-130-g,ok
Mon Aug 17 2026 00:00:00 GMT+0100 (West Africa Time),2026-08-17T06:27:53+01:00,NG,LA,city_online,food,supermart,A,chicken_frozen,Euro Gourmet Sliced Chicken Breast Piri Piri 130 g,0.13,kg,14050,108076.92,,https://www.supermart.ng/products/euro-gourmet-sliced-chicken-breast-piri-piri-130-g,ok
Mon Aug 17 2026 00:00:00 GMT+0100 (West Africa Time),2026-08-17T06:27:53+01:00,NG,LA,city_online,food,supermart,A,chicken_frozen,Euro Gourmet Sliced Chicken Breast Tandoori 130 g,0.13,kg,14050,108076.92,,https://www.supermart.ng/products/euro-gourmet-sliced-chicken-breast-tandoori-130-g,ok
Mon Aug 17 2026 00:00:00 GMT+0100 (West Africa Time),2026-08-17T06:27:53+01:00,NG,LA,city_online,food,supermart,A,water,Eva Table Water 150 cl,1.5,l,130,86.67,,https://www.supermart.ng/products/eva-table-water-150-cl,ok
Mon Aug 17 2026 00:00:00 GMT+0100 (West Africa Time),2026-08-17T06:27:53+01:00,NG,LA,city_online,food,supermart,A,water,Eva Table Water 150 cl x12,18,l,4950,275,,https://www.supermart.ng/products/eva-table-water-150-cl-x12,ok
Mon Aug 17 2026 00:00:00 GMT+0100 (West Africa Time),2026-08-17T06:27:53+01:00,NG,LA,city_online,food,supermart,A,water,Eva Table Water 50 cl,0.5,l,65,130,,https://www.supermart.ng/products/eva-table-water-50-cl,ok
Mon Aug 17 2026 00:00:00 GMT+0100 (West Africa Time),2026-08-17T06:27:53+01:00,NG,LA,city_online,food,supermart,A,water,Eva Table Water 50 cl x12,6,l,780,130,,https://www.supermart.ng/products/eva-table-water-50-cl-x12,ok
Mon Aug 17 2026 00:00:00 GMT+0100 (West Africa Time),2026-08-17T06:27:53+01:00,NG,LA,city_online,food,supermart,A,water,Eva Table Water 75 cl,0.75,l,75,100,,https://www.supermart.ng/products/eva-table-water-75-cl,ok
Mon Aug 17 2026 00:00:00 GMT+0100 (West Africa Time),2026-08-17T06:27:53+01:00,NG,LA,city_online,food,supermart,A,water,Eva Table Water 75 cl x12,9,l,3640,404.44,,https://www.supermart.ng/products/eva-table-water-75-cl-x12,ok
Mon Aug 17 2026 00:00:00 GMT+0100 (West Africa Time),2026-08-17T06:27:53+01:00,NG,LA,city_online,food,supermart,A,tomato_paste,Eva Tomato Paste 210 g,0.21,kg,200,952.38,,https://www.supermart.ng/products/eva-tomato-paste-210-g,ok
Mon Aug 17 2026 00:00:00 GMT+0100 (West Africa Time),2026-08-17T06:27:53+01:00,NG,LA,city_online,food,supermart,A,chicken_frozen,Everest Chicken Masala 100 g,0.1,kg,790,7900,,https://www.supermart.ng/products/everest-chicken-masala-100-g,ok
Mon Aug 17 2026 00:00:00 GMT+0100 (West Africa Time),2026-08-17T06:27:53+01:00,NG,LA,city_online,food,supermart,A,chicken_frozen,Everest Chicken Masala 50 g,0.05,kg,1805,36100,,https://www.supermart.ng/products/everest-chicken-masala-50-g,ok
Mon Aug 17 2026 00:00:00 GMT+0100 (West Africa Time),2026-08-17T06:27:53+01:00,NG,LA,city_online,food,supermart,A,eggs,Everest Egg Curry Masala 50 g,50g,kg,410,,,https://www.supermart.ng/products/everest-egg-curry-masala-50-g,ok_no_unit
Mon Aug 17 2026 00:00:00 GMT+0100 (West Africa Time),2026-08-17T06:27:53+01:00,NG,LA,city_online,food,supermart,A,chicken_frozen,Everest Tandoori Chicken Masala 100 g,0.1,kg,7300,73000,,https://www.supermart.ng/products/everest-tandoori-chicken-masala-100-g,ok
Mon Aug 17 2026 00:00:00 GMT+0100 (West Africa Time),2026-08-17T06:27:53+01:00,NG,LA,city_online,food,supermart,A,chicken_frozen,Everest Tandoori Chicken Masala 50 g,0.05,kg,1805,36100,,https://www.supermart.ng/products/everest-tandoori-chicken-masala-50-g,ok
Mon Aug 17 2026 00:00:00 GMT+0100 (West Africa Time),2026-08-17T06:27:53+01:00,NG,LA,city_online,food,supermart,A,chicken_frozen,Everest Tandori Chicken Masala 100 g,0.1,kg,710,7100,,https://www.supermart.ng/products/everest-tandori-chicken-masala-100-g,ok
Mon Aug 17 2026 00:00:00 GMT+0100 (West Africa Time),2026-08-17T06:27:53+01:00,NG,LA,city_online,food,supermart,A,eggs,Evergreen Egg Boost For Women Trying To Conceive 120 Capsules,1,piece,67700,67700,,https://www.supermart.ng/products/evergreen-egg-boost-for-women-120-capsules,ok
Mon Aug 17 2026 00:00:00 GMT+0100 (West Africa Time),2026-08-17T06:27:53+01:00,NG,LA,city_online,food,supermart,A,spaghetti,Everyday Essentials Penne Pasta 500 g,0.5,kg,2650,5300,,https://www.supermart.ng/products/everyday-essentials-penne-pasta-500-g,ok
Mon Aug 17 2026 00:00:00 GMT+0100 (West Africa Time),2026-08-17T06:27:53+01:00,NG,LA,city_online,food,supermart,A,tomato_paste,Everyday Tomato Paste 70 g,0.07,kg,60,857.14,,https://www.supermart.ng/products/everydaytoma-tomato-paste-70-g,ok
Mon Aug 17 2026 00:00:00 GMT+0100 (West Africa Time),2026-08-17T06:27:53+01:00,NG,LA,city_online,food,supermart,A,chicken_frozen,Exeter Chicken Luncheon Meat 340 g,0.34,kg,1520,4470.59,,https://www.supermart.ng/products/exeter-chicken-luncheon-meat-340-g,ok
Mon Aug 17 2026 00:00:00 GMT+0100 (West Africa Time),2026-08-17T06:27:53+01:00,NG,LA,city_online,food,supermart,A,spaghetti,Explore Cuisine Organic Black Bean Spaghetti 227 g,0.227,kg,3000,13215.86,,https://www.supermart.ng/products/explore-cuisine-organic-black-bean-spaghetti-227-g,ok
Mon Aug 17 2026 00:00:00 GMT+0100 (West Africa Time),2026-08-17T06:27:53+01:00,NG,LA,city_online,food,supermart,A,milk_powder,Extra Grana Padano Cheese 200 g,0.2,kg,18620,93100,,https://www.supermart.ng/products/extra-grana-padano-cheese-200-g,ok
Mon Aug 17 2026 00:00:00 GMT+0100 (West Africa Time),2026-08-17T06:27:53+01:00,NG,LA,city_online,food,supermart,A,detergent,Fairy Laundry Detergent Gel 1254 ml 38 Washes,1254ml,l,30760,,,https://www.supermart.ng/products/fairy-laundry-detergent-gel-1254-ml-38-washes,ok_no_unit
Mon Aug 17 2026 00:00:00 GMT+0100 (West Africa Time),2026-08-17T06:27:53+01:00,NG,LA,city_online,food,supermart,A,palm_oil,Famili Palm Oil 4 L,4,l,2950,737.5,,https://www.supermart.ng/products/famili-palm-oil-4-l,ok
Mon Aug 17 2026 00:00:00 GMT+0100 (West Africa Time),2026-08-17T06:27:53+01:00,NG,LA,city_online,food,supermart,A,veg_oil,Famili Pure Vegetable Oil 5 L,5,l,5040,1008,,https://www.supermart.ng/products/famili-pure-vegetable-oil-5-l,ok
Mon Aug 17 2026 00:00:00 GMT+0100 (West Africa Time),2026-08-17T06:27:53+01:00,NG,LA,city_online,food,supermart,A,toilet_roll,Familia Toilet Tissue Classic Natural Whiteness 2 Ply 1 Roll,1,piece,105,105,,https://www.supermart.ng/products/familia-toilet-tissue-classic-natural-whiteness-2-ply-1-roll,ok
Mon Aug 17 2026 00:00:00 GMT+0100 (West Africa Time),2026-08-17T06:27:53+01:00,NG,LA,city_online,food,supermart,A,toilet_roll,Familia Toilet Tissue Classic Natural Whiteness 2 Ply 12 Rolls,1,piece,4920,4920,,https://www.supermart.ng/products/familia-toilet-tissue-classic-natural-whiteness-2-ply-12-rolls,ok
Mon Aug 17 2026 00:00:00 GMT+0100 (West Africa Time),2026-08-17T06:27:53+01:00,NG,LA,city_online,food,supermart,A,toilet_roll,Familia Toilet Tissue Classic Natural Whiteness 2 Ply 2 Rolls,1,piece,820,820,,https://www.supermart.ng/products/familia-toilet-tissue-classic-natural-whiteness-2-ply-2-rolls,ok
Mon Aug 17 2026 00:00:00 GMT+0100 (West Africa Time),2026-08-17T06:27:53+01:00,NG,LA,city_online,food,supermart,A,toilet_roll,Familia Toilet Tissue Classic Natural Whiteness 2 Ply 2 Rolls x12,12,piece,145,12.08,,https://www.supermart.ng/products/familia-toilet-tissue-classic-natural-whiteness-2-ply-2-rolls-x12,ok
Mon Aug 17 2026 00:00:00 GMT+0100 (West Africa Time),2026-08-17T06:27:53+01:00,NG,LA,city_online,food,supermart,A,toilet_roll,Familia Toilet Tissue Classic Natural Whiteness 2 Ply 4 Rolls,1,piece,1570,1570,,https://www.supermart.ng/products/familia-toilet-tissue-classic-natural-whiteness-2-ply-4-rolls,ok
Mon Aug 17 2026 00:00:00 GMT+0100 (West Africa Time),2026-08-17T06:27:53+01:00,NG,LA,city_online,food,supermart,A,toilet_roll,Familia Toilet Tissue Classic Natural Whiteness 2 Ply 4 Rolls x3,3,piece,975,325,,https://www.supermart.ng/products/familia-toilet-tissue-classic-natural-whiteness-2-ply-4-rolls-x3,ok
Mon Aug 17 2026 00:00:00 GMT+0100 (West Africa Time),2026-08-17T06:27:53+01:00,NG,LA,city_online,food,supermart,A,toilet_roll,Familia Toilet Tissue Classic Natural Whiteness 2 Ply 48 Rolls,1,piece,19680,19680,,https://www.supermart.ng/products/familia-toilet-tissue-classic-natural-whiteness-2-ply-48-rolls,ok
Mon Aug 17 2026 00:00:00 GMT+0100 (West Africa Time),2026-08-17T06:27:53+01:00,NG,LA,city_online,food,supermart,A,toilet_roll,Familia Toilet Tissue Classic Natural Whiteness 2 Ply 6 Rolls,1,piece,80,80,,https://www.supermart.ng/products/familia-toilet-tissue-classic-natural-whiteness-2-ply-6-rolls,ok
Mon Aug 17 2026 00:00:00 GMT+0100 (West Africa Time),2026-08-17T06:27:53+01:00,NG,LA,city_online,food,supermart,A,toilet_roll,Familia Toilet Tissue Classic Natural Whiteness 2 Ply 6 Rolls x12,12,piece,80,6.67,,https://www.supermart.ng/products/familia-toilet-tissue-classic-natural-whiteness-2-ply-6-rolls-x12,ok
Mon Aug 17 2026 00:00:00 GMT+0100 (West Africa Time),2026-08-17T06:27:53+01:00,NG,LA,city_online,food,supermart,A,toilet_roll,Familia Toilet Tissue Ultra Magic Flower Scented 3 Ply 12 Rolls,1,piece,455,455,,https://www.supermart.ng/products/familia-toilet-tissue-ultra-magic-flower-scented-3-ply-12-rolls,ok
Mon Aug 17 2026 00:00:00 GMT+0100 (West Africa Time),2026-08-17T06:27:53+01:00,NG,LA,city_online,food,supermart,A,toilet_roll,Familia Toilet Tissue Ultra Magic Flower Scented 3 Ply 2 Rolls,1,piece,1260,1260,,https://www.supermart.ng/products/familia-toilet-tissue-ultra-magic-flower-scented-3-ply-2-rolls,ok
Mon Aug 17 2026 00:00:00 GMT+0100 (West Africa Time),2026-08-17T06:27:53+01:00,NG,LA,city_online,food,supermart,A,toilet_roll,Familia Toilet Tissue Ultra Magic Flower Scented 3 Ply 2 Rolls x12,12,piece,1650,137.5,,https://www.supermart.ng/products/familia-toilet-tissue-ultra-magic-flower-scented-3-ply-2-rolls-x12,ok
Mon Aug 17 2026 00:00:00 GMT+0100 (West Africa Time),2026-08-17T06:27:53+01:00,NG,LA,city_online,food,supermart,A,toilet_roll,Familia Toilet Tissue Ultra Magic Flower Scented 3 Ply 4 Rolls x12,12,piece,1160,96.67,,https://www.supermart.ng/products/familia-toilet-tissue-ultra-magic-flower-scented-3-ply-4-rolls-x12,ok
Mon Aug 17 2026 00:00:00 GMT+0100 (West Africa Time),2026-08-17T06:27:53+01:00,NG,LA,city_online,food,supermart,A,toilet_roll,Familia Toilet Tissue Ultra Non-Scented 3 Ply 12 Rolls,1,piece,455,455,,https://www.supermart.ng/products/familia-toilet-tissue-ultra-non-scented-3-ply-12-rolls,ok
Mon Aug 17 2026 00:00:00 GMT+0100 (West Africa Time),2026-08-17T06:27:53+01:00,NG,LA,city_online,food,supermart,A,toilet_roll,Familia Toilet Tissue Ultra Non-Scented 3 Ply 2 Rolls,1,piece,1175,1175,,https://www.supermart.ng/products/familia-toilet-tissue-ultra-non-scented-3-ply-2-rolls,ok
Mon Aug 17 2026 00:00:00 GMT+0100 (West Africa Time),2026-08-17T06:27:53+01:00,NG,LA,city_online,food,supermart,A,toilet_roll,Familia Toilet Tissue Ultra Non-Scented 3 Ply 2 Rolls x12,12,piece,1530,127.5,,https://www.supermart.ng/products/familia-toilet-tissue-ultra-non-scented-3-ply-2-rolls-x12,ok
Mon Aug 17 2026 00:00:00 GMT+0100 (West Africa Time),2026-08-17T06:27:53+01:00,NG,LA,city_online,food,supermart,A,toilet_roll,Familia Toilet Tissue Ultra Non-Scented 3 Ply 2 Rolls x6,6,piece,1530,255,,https://www.supermart.ng/products/familia-toilet-tissue-ultra-non-scented-3-ply-2-rolls-x6,ok
Mon Aug 17 2026 00:00:00 GMT+0100 (West Africa Time),2026-08-17T06:27:53+01:00,NG,LA,city_online,food,supermart,A,toilet_roll,Familia Toilet Tissue Ultra Non-Scented 3 Ply 4 Rolls x12,12,piece,1080,90,,https://www.supermart.ng/products/familia-toilet-tissue-ultra-non-scented-3-ply-4-rolls-x12,ok
Mon Aug 17 2026 00:00:00 GMT+0100 (West Africa Time),2026-08-17T06:27:53+01:00,NG,LA,city_online,food,supermart,A,toilet_roll,Familia Toilet Tissue Ultra Strawberry Scented 3 Ply 2 Rolls,1,piece,1260,1260,,https://www.supermart.ng/products/familia-toilet-tissue-ultra-strawberry-scented-3-ply-2-rolls,ok
Mon Aug 17 2026 00:00:00 GMT+0100 (West Africa Time),2026-08-17T06:27:53+01:00,NG,LA,city_online,food,supermart,A,toilet_roll,Familia Toilet Tissue Ultra Strawberry Scented 3 Ply 48 Rolls,1,piece,8040,8040,,https://www.supermart.ng/products/familia-toilet-tissue-ultra-strawberry-scented-3-ply-48-rolls,ok
Mon Aug 17 2026 00:00:00 GMT+0100 (West Africa Time),2026-08-17T06:27:53+01:00,NG,LA,city_online,food,supermart,A,bread,Family Bread,1,piece,600,600,,https://www.supermart.ng/products/family-bread,ok
Mon Aug 17 2026 00:00:00 GMT+0100 (West Africa Time),2026-08-17T06:27:53+01:00,NG,LA,city_online,food,supermart,A,sugar,Family Brown Cane Sugar 238 g 45 Cubes,0.238,kg,810,3403.36,,https://www.supermart.ng/products/family-brown-cane-sugar-238-g-45-cubes,ok
Mon Aug 17 2026 00:00:00 GMT+0100 (West Africa Time),2026-08-17T06:27:53+01:00,NG,LA,city_online,food,supermart,A,sugar,Family Brown Cane Sugar 475 g 90 Cubes,0.475,kg,1565,3294.74,,https://www.supermart.ng/products/family-brown-cane-sugar-475-g-90-cubes,ok
Mon Aug 17 2026 00:00:00 GMT+0100 (West Africa Time),2026-08-17T06:27:53+01:00,NG,LA,city_online,food,supermart,A,sugar,Family Refined Granulated Sugar 1 kg,1,kg,2735,2735,,https://www.supermart.ng/products/family-refined-granulated-sugar-1-kg,ok
Mon Aug 17 2026 00:00:00 GMT+0100 (West Africa Time),2026-08-17T06:27:53+01:00,NG,LA,city_online,food,supermart,A,sugar,Family Refined Granulated Sugar 450 g 90 Sachets,40.5,kg,515,12.72,,https://www.supermart.ng/products/family-refined-granulated-sugar-450-g-90-sachets,ok
Mon Aug 17 2026 00:00:00 GMT+0100 (West Africa Time),2026-08-17T06:27:53+01:00,NG,LA,city_online,food,supermart,A,sugar,Family Sugar Cubes 238 g x45,10.71,kg,755,70.49,,https://www.supermart.ng/products/family-sugar-cubes-238-g-x45,ok
Mon Aug 17 2026 00:00:00 GMT+0100 (West Africa Time),2026-08-17T06:27:53+01:00,NG,LA,city_online,food,supermart,A,sugar,Family Sugar Cubes 475 g x90,42.75,kg,1400,32.75,,https://www.supermart.ng/products/family-sugar-cubes-475-g-x90,ok
Mon Aug 17 2026 00:00:00 GMT+0100 (West Africa Time),2026-08-17T06:27:53+01:00,NG,LA,city_online,food,supermart,A,sugar,Family Sugar Cubes 950 g x180,171,kg,2735,15.99,,https://www.supermart.ng/products/family-sugar-cubes-950-g-x180,ok
Mon Aug 17 2026 00:00:00 GMT+0100 (West Africa Time),2026-08-17T06:27:53+01:00,NG,LA,city_online,food,supermart,A,soft_drink,FanMilk Fantastic Yoghurt Strawberry 50 cl,0.5,l,225,450,,https://www.supermart.ng/products/fanmilk-fantastic-yoghurt-strawberry-50-cl,ok
Mon Aug 17 2026 00:00:00 GMT+0100 (West Africa Time),2026-08-17T06:27:53+01:00,NG,LA,city_online,food,supermart,A,soft_drink,FanMilk Fantastic Yogurt Plain 20 cl,0.2,l,180,900,,https://www.supermart.ng/products/fanmilk-fantastic-yogurt-plain-20-cl,ok
Mon Aug 17 2026 00:00:00 GMT+0100 (West Africa Time),2026-08-17T06:27:53+01:00,NG,LA,city_online,food,supermart,A,soft_drink,Fanta Apple Can 33 cl x24,7.92,l,365,46.09,,https://www.supermart.ng/products/fanta-apple-can-33-cl-x24,ok
Mon Aug 17 2026 00:00:00 GMT+0100 (West Africa Time),2026-08-17T06:27:53+01:00,NG,LA,city_online,food,supermart,A,soft_drink,Fanta Apple Can 33 cl x6,1.98,l,810,409.09,,https://www.supermart.ng/products/fanta-apple-can-33-cl-x6,ok
Mon Aug 17 2026 00:00:00 GMT+0100 (West Africa Time),2026-08-17T06:27:53+01:00,NG,LA,city_online,food,supermart,A,soft_drink,Fanta Apple Pet 50 cl,0.5,l,365,730,,https://www.supermart.ng/products/fanta-apple-pet-50-cl,ok
Mon Aug 17 2026 00:00:00 GMT+0100 (West Africa Time),2026-08-17T06:27:53+01:00,NG,LA,city_online,food,supermart,A,soft_drink,Fanta Apple Pet Bottle 60 cl x12,7.2,l,1140,158.33,,https://www.supermart.ng/products/fanta-apple-pet-bottle-60-cl-x12,ok
Mon Aug 17 2026 00:00:00 GMT+0100 (West Africa Time),2026-08-17T06:27:53+01:00,NG,LA,city_online,food,supermart,A,soft_drink,Fanta Orange 1 L,1,l,660,660,,https://www.supermart.ng/products/fanta-orange-1-l,ok
Mon Aug 17 2026 00:00:00 GMT+0100 (West Africa Time),2026-08-17T06:27:53+01:00,NG,LA,city_online,food,supermart,A,soft_drink,Fanta Orange Can 33 cl,0.33,l,540,1636.36,,https://www.supermart.ng/products/fanta-orange-can-33-cl,ok
Mon Aug 17 2026 00:00:00 GMT+0100 (West Africa Time),2026-08-17T06:27:53+01:00,NG,LA,city_online,food,supermart,A,soft_drink,Fanta Orange Can 33 cl x24,7.92,l,13080,1651.52,,https://www.supermart.ng/products/fanta-orange-can-33-cl-x24,ok
Mon Aug 17 2026 00:00:00 GMT+0100 (West Africa Time),2026-08-17T06:27:53+01:00,NG,LA,city_online,food,supermart,A,soft_drink,Fanta Orange Can 33 cl x6,1.98,l,1440,727.27,,https://www.supermart.ng/products/fanta-orange-can-33-cl-x6,ok
Mon Aug 17 2026 00:00:00 GMT+0100 (West Africa Time),2026-08-17T06:27:53+01:00,NG,LA,city_online,food,supermart,A,soft_drink,Fanta Orange Pet Bottle 1 L,1,l,365,365,,https://www.supermart.ng/products/fanta-orange-pet-bottle-1-l,ok
Mon Aug 17 2026 00:00:00 GMT+0100 (West Africa Time),2026-08-17T06:27:53+01:00,NG,LA,city_online,food,supermart,A,soft_drink,Fanta Orange Pet Bottle 1 L x12,12,l,2300,191.67,,https://www.supermart.ng/products/fanta-orange-pet-bottle-1-l-x12,ok
Mon Aug 17 2026 00:00:00 GMT+0100 (West Africa Time),2026-08-17T06:27:53+01:00,NG,LA,city_online,food,supermart,A,soft_drink,Fanta Orange Pet Bottle 150 cl,1.5,l,285,190,,https://www.supermart.ng/products/fanta-orange-pet-bottle-150-cl,ok
Mon Aug 17 2026 00:00:00 GMT+0100 (West Africa Time),2026-08-17T06:27:53+01:00,NG,LA,city_online,food,supermart,A,soft_drink,Fanta Orange Pet Bottle 35 cl,0.35,l,320,914.29,,https://www.supermart.ng/products/fanta-orange-pet-bottle-35-cl,ok
Mon Aug 17 2026 00:00:00 GMT+0100 (West Africa Time),2026-08-17T06:27:53+01:00,NG,LA,city_online,food,supermart,A,soft_drink,Fanta Orange Pet Bottle 35 cl x12,4.2,l,365,86.9,,https://www.supermart.ng/products/fanta-orange-pet-bottle-35-cl-x12,ok
Mon Aug 17 2026 00:00:00 GMT+0100 (West Africa Time),2026-08-17T06:27:53+01:00,NG,LA,city_online,food,supermart,A,soft_drink,Fanta Orange Pet Bottle 50 cl,0.5,l,490,980,,https://www.supermart.ng/products/fanta-orange-pet-bottle-50-cl,ok
Mon Aug 17 2026 00:00:00 GMT+0100 (West Africa Time),2026-08-17T06:27:53+01:00,NG,LA,city_online,food,supermart,A,soft_drink,Fanta Orange Pet Bottle 50 cl x12,6,l,5880,980,,https://www.supermart.ng/products/fanta-orange-pet-bottle-50-cl-x12,ok
Mon Aug 17 2026 00:00:00 GMT+0100 (West Africa Time),2026-08-17T06:27:53+01:00,NG,LA,city_online,food,supermart,A,soft_drink,Fanta Orange Zero 50 cl,0.5,l,150,300,,https://www.supermart.ng/products/fanta-orange-zero-50-cl,ok
Mon Aug 17 2026 00:00:00 GMT+0100 (West Africa Time),2026-08-17T06:27:53+01:00,NG,LA,city_online,food,supermart,A,soft_drink,Fanta Orange Zero 50 cl x12,6,l,1160,193.33,,https://www.supermart.ng/products/fanta-orange-zero-50-cl-x12,ok
Mon Aug 17 2026 00:00:00 GMT+0100 (West Africa Time),2026-08-17T06:27:53+01:00,NG,LA,city_online,food,supermart,A,soft_drink,Fanta Orange Zero 60 cl,0.6,l,330,550,,https://www.supermart.ng/products/fanta-orange-zero-60-cl,ok
Mon Aug 17 2026 00:00:00 GMT+0100 (West Africa Time),2026-08-17T06:27:53+01:00,NG,LA,city_online,food,supermart,A,sugar,Fanta Orange Zero Sugar Pet 35 cl,35cl,l,300,,,https://www.supermart.ng/products/fanta-orange-zero-sugar-pet-35-cl,ok_no_unit
Mon Aug 17 2026 00:00:00 GMT+0100 (West Africa Time),2026-08-17T06:27:53+01:00,NG,LA,city_online,food,supermart,A,soft_drink,Fanta Pineapple Pet Bottle 60 cl x12,7.2,l,1140,158.33,,https://www.supermart.ng/products/fanta-pineapple-pet-bottle-60-cl-x12,ok
Mon Aug 17 2026 00:00:00 GMT+0100 (West Africa Time),2026-08-17T06:27:53+01:00,NG,LA,city_online,food,supermart,A,soft_drink,Fantasia Hair Polisher 178 ml,0.178,l,1450,8146.07,,https://www.supermart.ng/products/fantasia-hair-polisher-178-ml,ok
Mon Aug 17 2026 00:00:00 GMT+0100 (West Africa Time),2026-08-17T06:27:53+01:00,NG,LA,city_online,food,supermart,A,soft_drink,Fantastick Glue Stick 8 g,8g,kg,300,,,https://www.supermart.ng/products/fantastick-glue-stick-8-g,ok_no_unit
Mon Aug 17 2026 00:00:00 GMT+0100 (West Africa Time),2026-08-17T06:27:53+01:00,NG,LA,city_online,food,supermart,A,soft_drink,Fantastick Stick Notes 3 x 3 Inches - Yellow,,,1250,,,https://www.supermart.ng/products/fantastick-stick-notes-3-x-3-inches-yellow,ok_no_unit
Mon Aug 17 2026 00:00:00 GMT+0100 (West Africa Time),2026-08-17T06:27:53+01:00,NG,LA,city_online,food,supermart,A,rice,Far East Rice Vinegar 295 ml,295ml,l,2455,,,https://www.supermart.ng/products/far-east-rice-vinegar-295-ml,ok_no_unit
Mon Aug 17 2026 00:00:00 GMT+0100 (West Africa Time),2026-08-17T06:27:53+01:00,NG,LA,city_online,food,supermart,A,sugar,Farley's Reduced Sugar Rusks Baby Food Snack 150 g,0.15,kg,10105,67366.67,,https://www.supermart.ng/products/farleys-reduced-sugar-rusks-baby-food-snack-150-g,ok
Mon Aug 17 2026 00:00:00 GMT+0100 (West Africa Time),2026-08-17T06:27:53+01:00,NG,LA,city_online,food,supermart,A,sugar,Farleys Rusks Reduced Sugar Baby Food Snack 300 g,0.3,kg,13960,46533.33,,https://www.supermart.ng/products/farleys-rusks-reduced-sugar-baby-food-snack-300-g,ok
Mon Aug 17 2026 00:00:00 GMT+0100 (West Africa Time),2026-08-17T06:27:53+01:00,NG,LA,city_online,food,supermart,A,sugar,Farm Pride Yoghurt Sugar-Free 50 cl,50cl,l,1300,,,https://www.supermart.ng/products/farm-pride-yoghurt-sugar-free-50-cl,ok_no_unit
Mon Aug 17 2026 00:00:00 GMT+0100 (West Africa Time),2026-08-17T06:27:53+01:00,NG,LA,city_online,food,supermart,A,bread,Farm Rich Breaded Mozzarella Sticks With Marinara Dipping Sauce 283 g,283g,kg,365,,,https://www.supermart.ng/products/farm-rich-breaded-mozzarella-sticks-with-marinara-dipping-sauce-283-g,ok_no_unit
Mon Aug 17 2026 00:00:00 GMT+0100 (West Africa Time),2026-08-17T06:27:53+01:00,NG,LA,city_online,food,supermart,A,eggs,Farmcraft Eggs x15,15,piece,1735,115.67,,https://www.supermart.ng/products/farmcraft-eggs-x15,ok
Mon Aug 17 2026 00:00:00 GMT+0100 (West Africa Time),2026-08-17T06:27:53+01:00,NG,LA,city_online,food,supermart,A,eggs,Farmcraft Eggs x30,30,piece,3380,112.67,,https://www.supermart.ng/products/farmcraft-eggs-x30,ok
Mon Aug 17 2026 00:00:00 GMT+0100 (West Africa Time),2026-08-17T06:27:53+01:00,NG,LA,city_online,food,supermart,A,eggs,Farmcraft Eggs x6,6,piece,685,114.17,,https://www.supermart.ng/products/farmcraft-eggs-x6,ok
Mon Aug 17 2026 00:00:00 GMT+0100 (West Africa Time),2026-08-17T06:27:53+01:00,NG,LA,city_online,food,supermart,A,sugar,Febreze Air Mist Sugarplum Delight 300 ml,300ml,l,8905,,,https://www.supermart.ng/products/febreze-air-mist-sugarplum-delight-300-ml,ok_no_unit
Mon Aug 17 2026 00:00:00 GMT+0100 (West Africa Time),2026-08-17T06:27:53+01:00,NG,LA,city_online,food,supermart,A,chicken_frozen,Felix Original With Chicken In Jelly 100 g,0.1,kg,1760,17600,,https://www.supermart.ng/products/felix-original-with-chicken-in-jelly-100-g,ok
Mon Aug 17 2026 00:00:00 GMT+0100 (West Africa Time),2026-08-17T06:27:53+01:00,NG,LA,city_online,food,supermart,A,chicken_frozen,Fiesta Chicken Breast ~1 kg,1,kg,8620,8620,,https://www.supermart.ng/products/fiesta-chicken-breast,ok
Mon Aug 17 2026 00:00:00 GMT+0100 (West Africa Time),2026-08-17T06:27:53+01:00,NG,LA,city_online,food,supermart,A,chicken_frozen,Fiesta Chicken Laps 1 kg,1,kg,1380,1380,,https://www.supermart.ng/products/fiesta-chicken-laps-1-kg,ok
Mon Aug 17 2026 00:00:00 GMT+0100 (West Africa Time),2026-08-17T06:27:53+01:00,NG,LA,city_online,food,supermart,A,chicken_frozen,Fiesta Chicken Wings ~1.3 kg,1.3,kg,11420,8784.62,,https://www.supermart.ng/products/fiesta-chicken-wings,ok
Mon Aug 17 2026 00:00:00 GMT+0100 (West Africa Time),2026-08-17T06:27:53+01:00,NG,LA,city_online,food,supermart,A,chicken_frozen,Fiesta Frozen Whole Chicken ~1.8 kg,1.8,kg,11120,6177.78,,https://www.supermart.ng/products/fiesta-frozen-whole-chicken,ok
Mon Aug 17 2026 00:00:00 GMT+0100 (West Africa Time),2026-08-17T06:27:53+01:00,NG,LA,city_online,food,supermart,A,chicken_frozen,Fiesta Whole Chicken ~1.5 kg,1.5,kg,3090,2060,,https://www.supermart.ng/products/fiesta-whole-chicken-15-kg,ok
Mon Aug 17 2026 00:00:00 GMT+0100 (West Africa Time),2026-08-17T06:27:53+01:00,NG,LA,city_online,food,supermart,A,spaghetti,Filiz Sebzeli Burgu (Tri-Colour Fusilli Pasta) 350 g,0.35,kg,895,2557.14,,https://www.supermart.ng/products/filiz-sebzeli-burgu-tri-colour-fusilli-pasta-350-g,ok
Mon Aug 17 2026 00:00:00 GMT+0100 (West Africa Time),2026-08-17T06:27:53+01:00,NG,LA,city_online,food,supermart,A,toilet_roll,Finetex Toilet Tissue 2 Ply 48 Rolls,1,piece,3250,3250,,https://www.supermart.ng/products/finetex-toilet-tissue-2-ply-48-rolls,ok
Mon Aug 17 2026 00:00:00 GMT+0100 (West Africa Time),2026-08-17T06:27:53+01:00,NG,LA,city_online,food,supermart,A,toilet_roll,Finetex Toilet Tissue Jumbo Extra Soft 2 Ply 1 Roll,1,piece,625,625,,https://www.supermart.ng/products/finetex-toilet-tissue-jumbo-extra-soft-2-ply-1-roll,ok
Mon Aug 17 2026 00:00:00 GMT+0100 (West Africa Time),2026-08-17T06:27:53+01:00,NG,,national,fx,exchangerate-api,B,usd_ngn_official,USD/NGN official market rate,1,USD,1359.2,1359.2,,https://open.er-api.com/v6/latest/USD,ok
Mon Aug 17 2026 00:00:00 GMT+0100 (West Africa Time),2026-08-17T06:27:53+01:00,NG,,national,fx,luno,A,usd_ngn_usdt,USDT/NGN mid (bid 1391.8 / ask 1391.81),1,USD,1391.8,1391.8,,https://api.luno.com/api/1/ticker?pair=USDTNGN,ok
Mon Aug 17 2026 00:00:00 GMT+0100 (West Africa Time),2026-08-17T06:27:53+01:00,NG,,national,official,nbs,B,nbs_inflation_headline,"All-items inflation, year-on-year — reference period June-2026",1,%,15.91,15.91,,https://nigerianstat.gov.ng/,ok
Mon Aug 17 2026 00:00:00 GMT+0100 (West Africa Time),2026-08-17T06:27:53+01:00,NG,,national,official,nbs,B,nbs_inflation_core,"Core inflation, year-on-year — reference period June-2026",1,%,15.92,15.92,,https://nigerianstat.gov.ng/,ok
Mon Aug 17 2026 00:00:00 GMT+0100 (West Africa Time),2026-08-17T06:27:53+01:00,NG,,national,official,nbs,B,nbs_inflation_food,"Food inflation, year-on-year — reference period June-2026",1,%,17.52,17.52,,https://nigerianstat.gov.ng/,ok
Mon Aug 17 2026 00:00:00 GMT+0100 (West Africa Time),2026-08-17T06:27:53+01:00,NG,,national,official,nbs,B,nbs_fuel_pms,PMS (petrol) national average retail price,1,litre,1596.25,1596.25,,https://nigerianstat.gov.ng/,ok
Mon Aug 17 2026 00:00:00 GMT+0100 (West Africa Time),2026-08-17T06:27:53+01:00,NG,,national,official,nbs,B,nbs_fuel_ago,AGO (diesel) national average retail price,1,litre,3277.47,3277.47,,https://nigerianstat.gov.ng/,ok
Mon Aug 17 2026 00:00:00 GMT+0100 (West Africa Time),2026-08-17T06:27:53+01:00,NG,,national,official,nbs,B,nbs_fuel_nhk,Household kerosene national average retail price,1,litre,2971.94,2971.94,,https://nigerianstat.gov.ng/,ok
Mon Aug 17 2026 00:00:00 GMT+0100 (West Africa Time),2026-08-17T06:27:53+01:00,NG,,national,official,nbs,B,nbs_fuel_lpg5kg,Cooking gas (LPG) 5kg refill national average,1,5kg,8706.93,8706.93,,https://nigerianstat.gov.ng/,ok